/*--------------------------------*- C++ -*----------------------------------*\
  =========                 |
  \\      /  F ield         | OpenFOAM: The Open Source CFD Toolbox
   \\    /   O peration     | Website:  https://openfoam.org
    \\  /    A nd           | Version:  dev
     \\/     M anipulation  |
\*---------------------------------------------------------------------------*/
FoamFile
{
    format      ascii;
    class       volScalarField;
    location    "0";
    object      thickness;
}
// * * * * * * * * * * * * * * * * * * * * * * * * * * * * * * * * * * * * * //

dimensions      [];

internalField   uniform 0;

boundaryField
{
    domain_walls
    {
        type            fixedValue;
        value           uniform 0;
    }
    wall
    {
        type            fixedValue;
        value           nonuniform List<scalar> 
86136
(
0
0
0
0
0
0
0
0
0
0
0
0
0
0
0
0
0
0
0
0
0
0
0
0
0
0
0
0
0
0
0
0
0
0
0
0
0
0
0
0
0
0
0
0
0
0
0
0
0
0
0
0
0
0
0
0
0
0
0
0
0
0
0
0
0
0
0
0
0
0
0
0
0
0
0
0
0
0
0
0
0
0
0
0
0
0
0
0
0
0
0
0
0
0
0
0
0
0
0
0
0
0
0
0
0
0
0
0
0
0
0
0
0
0
0
0
0
0
0
0
0
0
0
0
0
0
0
0
0
0
0
0
0
0
0
0
0
0
0
0
0
0
0
0
0
0
0
0
0
0
0
0
0
0
0
0
0
0
0
0
0
0
0
0
0
0
0
0
0
0
0
0
0
0
0
0
0
0
0
0
0
0
0
0
0
0
0
0
0
0
0
0
0
0
0
0
0
0
0
0
0
0
0
0
0
0
0
0
0
0
0
0
0
0
0
0
0
0
0
0
0
0
0
0
0
0
0
0
0
0
0
0
0
0
0
0
0
0
0
0
0
0
0
0
0
0
0
0
0
0
0
0
0
0
0
0
0
0
0
0
0
0
0
0
0
0
0
0
0
0
0
0
0
0
0
0
0
0
0
0
0
0
0
0
0
0
0
0
0
0
0
0
0
0
0
0
0
0
0
0
0
0
0
0
0
0
0
0
0
0
0
0
0
0
0
0
0
0
0
0
0
0
0
0
0
0
0
0
0
0
0
0
0
0
0
0
0
0
0
0
0
0
0
0
0
0
0
0
0
0
0
0
0
0
0
0
0
0
0
0
0
0
0
0
0
0
0
0
0
0
0
0
0
0
0
0
0
0
0
0
0
0
0
0
0
0
0
0
0
0
0
0
0
0
0
0
0
0
0
0
0
0
0
0
0
0
0
0
0
0
0
0
0
0
0
0
0
0
0
0
0
0
0
0
0
0
0
0
0
0
0
0
0
0
0
0
0
0
0
0
0
0
0
0
0
0
0
0
0
0
0
0
0
0
0
0
0
0
0
0
0
0
0
0
0
0
0
0
0
0
0
0
0
0
0
0
0
0
0
0
0
0
0
0
0
0
0
0
0
0
0
0
0
0
0
0
0
0
0
0
0
0
0
0
0
0
0
0
0
0
0
0
0
0
0
0
0
0
0
0
0
0
0
0
0
0
0
0
0
0
0
0
0
0
0
0
0
0
0
0
0
0
0
0
0
0
0
0
0
0
0
0
0
0
0
0
0
0
0
0
0
0
0
0
0
0
0
0
0
0
0
0
0
0
0
0
0
0
0
0
0
0
0
0
0
0
0
0
0
0
0
0
0
0
0
0
0
0
0
0
0
0
0
0
0
0
0
0
0
0
0
0
0
0
0
0
0
0
0
0
0
0
0
0
0
0
0
0
0
0
0
0
0
0
0
0
0
0
0
0
0
0
0
0
0
0
0
0
0
0
0
0
0
0
0
0
0
0
0
0
0
0
0
0
0
0
0
0
0
0
0
0
0
0
0
0
0
0
0
0
0
0
0
0
0
0
0
0
0
0
0
0
0
0
0
0
0
0
0
0
0
0
0
0
0
0
0
0
0
0
0
0
0
0
0
0
0
0
0
0
0
0
0
0
0
0
0
0
0
0
0
0
0
0
0
0
0
0
0
0
0
0
0
0
0
0
0
0
0
0
0
0
0
0
0
0
0
0
0
0
0
0
0
0
0
0
0
0
0
0
0
0
0
0
0
0
0
0
0
0
0
0
0
0
0
0
0
0
0
0
0
0
0
0
0
0
0
0
0
0
0
0
0
0
0
0
0
0
0
0
0
0
0
0
0
0
0
0
0
0
0
0
0
0
0
0
0
0
0
0
0
0
0
0
0
0
0
0
0
0
0
0
0
0
0
0
0
0
0
0
0
0
0
0
0
0
0
0
0
0
0
0
0
0
0
0
0
0
0
0
0
0
0
0
0
0
0
0
0
0
0
0
0
0
0
0
0
0
0
0
0
0
0
0
0
0
0
0
0
0
0
0
0
0
0
0
0
0
0
0
0
0
0
0
0
0
0
0
0
0
0
0
0
0
0
0
0
0
0
0
0
0
0
0
0
0
0
0
0
0
0
0
0
0
0
0
0
0
0
0
0
0
0
0
0
0
0
0
0
0
0
0
0
0
0
0
0
0
0
0
0
0
0
0
0
0
0
0
0
0
0
0
0
0
0
0
0
0
0
0
0
0
0
0
0
0
0
0
0
0
0
0
0
0
0
0
0
0
0
0
0
0
0
0
0
0
0
0
0
0
0
0
0
0
0
0
0
0
0
0
0
0
0
0
0
0
0
0
0
0
0
0
0
0
0
0
0
0
0
0
0
0
0
0
0
0
0
0
0
0
0
0
0
0
0
0
0
0
0
0
0
0
0
0
0
0
0
0
0
0
0
0
0
0
0
0
0
0
0
0
0
0
0
0
0
0
0
0
0
0
0
0
0
0
0
0
0
0
0
0
0
0
0
0
0
0
0
0
0
0
0
0
0
0
0
0
0
0
0
0
0
0
0
0
0
0
0
0
0
0
0
0
0
0
0
0
0
0
0
0
0
0
0
0
0
0
0
0
0
0
0
0
0
0
0
0
0
0
0
0
0
0
0
0
0
0
0
0
0
0
0
0
0
0
0
0
0
0
0
0
0
0
0
0
0
0
0
0
0
0
0
0
0
0
0
0
0
0
0
0
0
0
0
0
0
0
0
0
0
0
0
0
0
0
0
0
0
0
0
0
0
0
0
0
0
0
0
0
0
0
0
0
0
0
0
0
0
0
0
0
0
0
0
0
0
0
0
0
0
0
0
0
0
0
0
0
0
0
0
0
0
0
0
0
0
0
0
0
0
0
0
0
0
0
0
0
0
0
0
0
0
0
0
0
0
0
0
0
0
0
0
0
0
0
0
0
0
0
0
0
0
0
0
0
0
0
0
0
0
0
0
0
0
0
0
0
0
0
0
0
0
0
0
0
0
0
0
0
0
0
0
0
0
0
0
0
0
0
0
0
0
0
0
0
0
0
0
0
0
0
0
0
0
0
0
0
0
0
0
0
0
0
0
0
0
0
0
0
0
0
0
0
0
0
0
0
0
0
0
0
0
0
0
0
0
0
0
0
0
0
0
0
0
0
0
0
0
0
0
0
0
0
0
0
0
0
0
0
0
0
0
0
0
0
0
0
0
0
0
0
0
0
0
0
0
0
0
0
0
0
0
0
0
0
0
0
0
0
0
0
0
0
0
0
0
0
0
0
0
0
0
0
0
0
0
0
0
0
0
0
0
0
0
0
0
0
0
0
0
0
0
0
0
0
0
0
0
0
0
0
0
0
0
0
0
0
0
0
0
0
0
0
0
0
0
0
0
0
0
0
0
0
0
0
0
0
0
0
0
0
0
0
0
0
0
0
0
0
0
0
0
0
0
0
0
0
0
0
0
0
0
0
0
0
0
0
0
0
0
0
0
0
0
0
0
0
0
0
0
0
0
0
0
0
0
0
0
0
0
0
0
0
0
0
0
0
0
0
0
0
0
0
0
0
0
0
0
0
0
0
0
0
0
0
0
0
0
0
0
0
0
0
0
0
0
0
0
0
0
0
0
0
0
0
0
0
0
0
0
0
0
0
0
0
0
0
0
0
0
0
0
0
0
0
0
0
0
0
0
0
0
0
0
0
0
0
0
0
0
0
0
0
0
0
0
0
0
0
0
0
0
0
0
0
0
0
0
0
0
0
0
0
0
0
0
0
0
0
0
0
0
0
0
0
0
0
0
0
0
0
0
0
0
0
0
0
0
0
0
0
0
0
0
0
0
0
0
0
0
0
0
0
0
0
0
0
0
0
0
0
0
0
0
0
0
0
0
0
0
0
0
0
0
0
0
0
0
0
0
0
0
0
0
0
0
0
0
0
0
0
0
0
0
0
0
0
0
0
0
0
0
0
0
0
0
0
0
0
0
0
0
0
0
0
0
0
0
0
0
0
0
0
0
0
0
0
0
0
0
0
0
0
0
0
0
0
0
0
0
0
0
0
0
0
0
0
0
0
0
0
0
0
0
0
0
0
0
0
0
0
0
0
0
0
0
0
0
0
0
0
0
0
0
0
0
0
0
0
0
0
0
0
0
0
0
0
0
0
0
0
0
0
0
0
0
0
0
0
0
0
0
0
0
0
0
0
0
0
0
0
0
0
0
0
0
0
0
0
0
0
0
0
0
0
0
0
0
0
0
0
0
0
0
0
0
0
0
0
0
0
0
0
0
0
0
0
0
0
0
0
0
0
0
0
0
0
0
0
0
0
0
0
0
0
0
0
0
0
0
0
0
0
0
0
0
0
0
0
0
0
0
0
0
0
0
0
0
0
0
0
0
0
0
0
0
0
0
0
0
0
0
0
0
0
0
0
0
0
0
0
0
0
0
0
0
0
0
0
0
0
0
0
0
0
0
0
0
0
0
0
0
0
0
0
0
0
0
0
0
0
0
0
0
0
0
0
0
0
0
0
0
0
0
0
0
0
0
0
0
0
0
0
0
0
0
0
0
0
0
0
0
0
0
0
0
0
0
0
0
0
0
0
0
0
0
0
0
0
0
0
0
0
0
0
0
0
0
0
0
0
0
0
0
0
0
0
0
0
0
0
0
0
0
0
0
0
0
0
0
0
0
0
0
0
0
0
0
0
0
0
0
0
0
0
0
0
0
0
0
0
0
0
0
0
0
0
0
0
0
0
0
0
0
0
0
0
0
0
0
0
0
0
0
0
0
0
0
0
0
0
0
0
0
0
0
0
0
0
0
0
0
0
0
0
0
0
0
0
0
0
0
0
0
0
0
0
0
0
0
0
0
0
0
0
0
0
0
0
0
0
0
0
0
0
0
0
0
0
0
0
0
0
0
0
0
0
0
0
0
0
0
0
0
0
0
0
0
0
0
0
0
0
0
0
0
0
0
0
0
0
0
0
0
0
0
0
0
0
0
0
0
0
0
0
0
0
0
0
0
0
0
0
0
0
0
0
0
0
0
0
0
0
0
0
0
0
0
0
0
0
0
0
0
0
0
0
0
0
0
0
0
0
0
0
0
0
0
0
0
0
0
0
0
0
0
0
0
0
0
0
0
0
0
0
0
0
0
0
0
0
0
0
0
0
0
0
0
0
0
0
0
0
0
0
0
0
0
0
0
0
0
0
0
0
0
0
0
0
0
0
0
0
0
0
0
0
0
0
0
0
0
0
0
0
0
0
0
0
0
0
0
0
0
0
0
0
0
0
0
0
0
0
0
0
0
0
0
0
0
0
0
0
0
0
0
0
0
0
0
0
0
0
0
0
0
0
0
0
0
0
0
0
0
0
0
0
0
0
0
0
0
0
0
0
0
0
0
0
0
0
0
0
0
0
0
0
0
0
0
0
0
0
0
0
0
0
0
0
0
0
0
0
0
0
0
0
0
0
0
0
0
0
0
0
0
0
0
0
0
0
0
0
0
0
0
0
0
0
0
0
0
0
0
0
0
0
0
0
0
0
0
0
0
0
0
0
0
0
0
0
0
0
0
0
0
0
0
0
0
0
0
0
0
0
0
0
0
0
0
0
0
0
0
0
0
0
0
0
0
0
0
0
0
0
0
0
0
0
0
0
0
0
0
0
0
0
0
0
0
0
0
0
0
0
0
0
0
0
0
0
0
0
0
0
0
0
0
0
0
0
0
0
0
0
0
0
0
0
0
0
0
0
0
0
0
0
0
0
0
0
0
0
0
0
0
0
0
0
0
0
0
0
0
0
0
0
0
0
0
0
0
0
0
0
0
0
0
0
0
0
0
0
0
0
0
0
0
0
0
0
0
0
0
0
0
0
0
0
0
0
0
0
0
0
0
0
0
0
0
0
0
0
0
0
0
0
0
0
0
0
0
0
0
0
0
0
0
0
0
0
0
0
0
0
0
0
0
0
0
0
0
0
0
0
0
0
0
0
0
0
0
0
0
0
0
0
0
0
0
0
0
0
0
0
0
0
0
0
0
0
0
0
0
0
0
0
0
0
0
0
0
0
0
0
0
0
0
0
0
0
0
0
0
0
0
0
0
0
0
0
0
0
0
0
0
0
0
0
0
0
0
0
0
0
0
0
0
0
0
0
0
0
0
0
0
0
0
0
0
0
0
0
0
0
0
0
0
0
0
0
0
0
0
0
0
0
0
0
0
0
0
0
0
0
0
0
0
0
0
0
0
0
0
0
0
0
0
0
0
0
0
0
0
0
0
0
0
0
0
0
0
0
0
0
0
0
0
0
0
0
0
0
0
0
0
0
0
0
0
0
0
0
0
0
0
0
0
0
0
0
0
0
0
0
0
0
0
0
0
0
0
0
0
0
0
0
0
0
0
0
0
0
0
0
0
0
0
0
0
0
0
0
0
0
0
0
0
0
0
0
0
0
0
0
0
0
0
0
0
0
0
0
0
0
0
0
0
0
0
0
0
0
0
0
0
0
0
0
0
0
0
0
0
0
0
0
0
0
0
0
0
0
0
0
0
0
0
0
0
0
0
0
0
0
0
0
0
0
0
0
0
0
0
0
0
0
0
0
0
0
0
0
0
0
0
0
0
0
0
0
0
0
0
0
0
0
0
0
0
0
0
0
0
0
0
0
0
0
0
0
0
0
0
0
0
0
0
0
0
0
0
0
0
0
0
0
0
0
0
0
0
0
0
0
0
0
0
0
0
0
0
0
0
0
0
0
0
0
0
0
0
0
0
0
0
0
0
0
0
0
0
0
0
0
0
0
0
0
0
0
0
0
0
0
0
0
0
0
0
0
0
0
0
0
0
0
0
0
0
0
0
0
0
0
0
0
0
0
0
0
0
0
0
0
0
0
0
0
0
0
0
0
0
0
0
0
0
0
0
0
0
0
0
0
0
0
0
0
0
0
0
0
0
0
0
0
0
0
0
0
0
0
0
0
0
0
0
0
0
0
0
0
0
0
0
0
0
0
0
0
0
0
0
0
0
0
0
0
0
0
0
0
0
0
0
0
0
0
0
0
0
0
0
0
0
0
0
0
0
0
0
0
0
0
0
0
0
0
0
0
0
0
0
0
0
0
0
0
0
0
0
0
0
0
0
0
0
0
0
0
0
0
0
0
0
0
0
0
0
0
0
0
0
0
0
0
0
0
0
0
0
0
0
0
0
0
0
0
0
0
0
0
0
0
0
0
0
0
0
0
0
0
0
0
0
0
0
0
0
0
0
0
0
0
0
0
0
0
0
0
0
0
0
0
0
0
0
0
0
0
0
0
0
0
0
0
0
0
0
0
0
0
0
0
0
0
0
0
0
0
0
0
0
0
0
0
0
0
0
0
0
0
0
0
0
0
0
0
0
0
0
0
0
0
0
0
0
0
0
0
0
0
0
0
0
0
0
0
0
0
0
0
0
0
0
0
0
0
0
0
0
0
0
0
0
0
0
0
0
0
0
0
0
0
0
0
0
0
0
0
0
0
0
0
0
0
0
0
0
0
0
0
0
0
0
0
0
0
0
0
0
0
0
0
0
0
0
0
0
0
0
0
0
0
0
0
0
0
0
0
0
0
0
0
0
0
0
0
0
0
0
0
0
0
0
0
0
0
0
0
0
0
0
0
0
0
0
0
0
0
0
0
0
0
0
0
0
0
0
0
0
0
0
0
0
0
0
0
0
0
0
0
0
0
0
0
0
0
0
0
0
0
0
0
0
0
0
0
0
0
0
0
0
0
0
0
0
0
0
0
0
0
0
0
0
0
0
0
0
0
0
0
0
0
0
0
0
0
0
0
0
0
0
0
0
0
0
0
0
0
0
0
0
0
0
0
0
0
0
0
0
0
0
0
0
0
0
0
0
0
0
0
0
0
0
0
0
0
0
0
0
0
0
0
0
0
0
0
0
0
0
0
0
0
0
0
0
0
0
0
0
0
0
0
0
0
0
0
0
0
0
0
0
0
0
0
0
0
0
0
0
0
0
0
0
0
0
0
0
0
0
0
0
0
0
0
0
0
0
0
0
0
0
0
0
0
0
0
0
0
0
0
0
0
0
0
0
0
0
0
0
0
0
0
0
0
0
0
0
0
0
0
0
0
0
0
0
0
0
0
0
0
0
0
0
0
0
0
0
0
0
0
0
0
0
0
0
0
0
0
0
0
0
0
0
0
0
0
0
0
0
0
0
0
0
0
0
0
0
0
0
0
0
0
0
0
0
0
0
0
0
0
0
0
0
0
0
0
0
0
0
0
0
0
0
0
0
0
0
0
0
0
0
0
0
0
0
0
0
0
0
0
0
0
0
0
0
0
0
0
0
0
0
0
0
0
0
0
0
0
0
0
0
0
0
0
0
0
0
0
0
0
0
0
0
0
0
0
0
0
0
0
0
0
0
0
0
0
0
0
0
0
0
0
0
0
0
0
0
0
0
0
0
0
0
0
0
0
0
0
0
0
0
0
0
0
0
0
0
0
0
0
0
0
0
0
0
0
0
0
0
0
0
0
0
0
0
0
0
0
0
0
0
0
0
0
0
0
0
0
0
0
0
0
0
0
0
0
0
0
0
0
0
0
0
0
0
0
0
0
0
0
0
0
0
0
0
0
0
0
0
0
0
0
0
0
0
0
0
0
0
0
0
0
0
0
0
0
0
0
0
0
0
0
0
0
0
0
0
0
0
0
0
0
0
0
0
0
0
0
0
0
0
0
0
0
0
0
0
0
0
0
0
0
0
0
0
0
0
0
0
0
0
0
0
0
0
0
0
0
0
0
0
0
0
0
0
0
0
0
0
0
0
0
0
0
0
0
0
0
0
0
0
0
0
0
0
0
0
0
0
0
0
0
0
0
0
0
0
0
0
0
0
0
0
0
0
0
0
0
0
0
0
0
0
0
0
0
0
0
0
0
0
0
0
0
0
0
0
0
0
0
0
0
0
0
0
0
0
0
0
0
0
0
0
0
0
0
0
0
0
0
0
0
0
0
0
0
0
0
0
0
0
0
0
0
0
0
0
0
0
0
0
0
0
0
0
0
0
0
0
0
0
0
0
0
0
0
0
0
0
0
0
0
0
0
0
0
0
0
0
0
0
0
0
0
0
0
0
0
0
0
0
0
0
0
0
0
0
0
0
0
0
0
0
0
0
0
0
0
0
0
0
0
0
0
0
0
0
0
0
0
0
0
0
0
0
0
0
0
0
0
0
0
0
0
0
0
0
0
0
0
0
0
0
0
0
0
0
0
0
0
0
0
0
0
0
0
0
0
0
0
0
0
0
0
0
0
0
0
0
0
0
0
0
0
0
0
0
0
0
0
0
0
0
0
0
0
0
0
0
0
0
0
0
0
0
0
0
0
0
0
0
0
0
0
0
0
0
0
0
0
0
0
0
0
0
0
0
0
0
0
0
0
0
0
0
0
0
0
0
0
0
0
0
0
0
0
0
0
0
0
0
0
0
0
0
0
0
0
0
0
0
0
0
0
0
0
0
0
0
0
0
0
0
0
0
0
0
0
0
0
0
0
0
0
0
0
0
0
0
0
0
0
0
0
0
0
0
0
0
0
0
0
0
0
0
0
0
0
0
0
0
0
0
0
0
0
0
0
0
0
0
0
0
0
0
0
0
0
0
0
0
0
0
0
0
0
0
0
0
0
0
0
0
0
0
0
0
0
0
0
0
0
0
0
0
0
0
0
0
0
0
0
0
0
0
0
0
0
0
0
0
0
0
0
0
0
0
0
0
0
0
0
0
0
0
0
0
0
0
0
0
0
0
0
0
0
0
0
0
0
0
0
0
0
0
0
0
0
0
0
0
0
0
0
0
0
0
0
0
0
0
0
0
0
0
0
0
0
0
0
0
0
0
0
0
0
0
0
0
0
0
0
0
0
0
0
0
0
0
0
0
0
0
0
0
0
0
0
0
0
0
0
0
0
0
0
0
0
0
0
0
0
0
0
0
0
0
0
0
0
0
0
0
0
0
0
0
0
0
0
0
0
0
0
0
0
0
0
0
0
0
0
0
0
0
0
0
0
0
0
0
0
0
0
0
0
0
0
0
0
0
0
0
0
0
0
0
0
0
0
0
0
0
0
0
0
0
0
0
0
0
0
0
0
0
0
0
0
0
0
0
0
0
0
0
0
0
0
0
0
0
0
0
0
0
0
0
0
0
0
0
0
0
0
0
0
0
0
0
0
0
0
0
0
0
0
0
0
0
0
0
0
0
0
0
0
0
0
0
0
0
0
0
0
0
0
0
0
0
0
0
0
0
0
0
0
0
0
0
0
0
0
0
0
0
0
0
0
0
0
0
0
0
0
0
0
0
0
0
0
0
0
0
0
0
0
0
0
0
0
0
0
0
0
0
0
0
0
0
0
0
0
0
0
0
0
0
0
0
0
0
0
0
0
0
0
0
0
0
0
0
0
0
0
0
0
0
0
0
0
0
0
0
0
0
0
0
0
0
0
0
0
0
0
0
0
0
0
0
0
0
0
0
0
0
0
0
0
0
0
0
0
0
0
0
0
0
0
0
0
0
0
0
0
0
0
0
0
0
0
0
0
0
0
0
0
0
0
0
0
0
0
0
0
0
0
0
0
0
0
0
0
0
0
0
0
0
0
0
0
0
0
0
0
0
0
0
0
0
0
0
0
0
0
0
0
0
0
0
0
0
0
0
0
0
0
0
0
0
0
0
0
0
0
0
0
0
0
0
0
0
0
0
0
0
0
0
0
0
0
0
0
0
0
0
0
0
0
0
0
0
0
0
0
0
0
0
0
0
0
0
0
0
0
0
0
0
0
0
0
0
0
0
0
0
0
0
0
0
0
0
0
0
0
0
0
0
0
0
0
0
0
0
0
0
0
0
0
0
0
0
0
0
0
0
0
0
0
0
0
0
0
0
0
0
0
0
0
0
0
0
0
0
0
0
0
0
0
0
0
0
0
0
0
0
0
0
0
0
0
0
0
0
0
0
0
0
0
0
0
0
0
0
0
0
0
0
0
0
0
0
0
0
0
0
0
0
0
0
0
0
0
0
0
0
0
0
0
0
0
0
0
0
0
0
0
0
0
0
0
0
0
0
0
0
0
0
0
0
0
0
0
0
0
0
0
0
0
0
0
0
0
0
0
0
0
0
0
0
0
0
0
0
0
0
0
0
0
0
0
0
0
0
0
0
0
0
0
0
0
0
0
0
0
0
0
0
0
0
0
0
0
0
0
0
0
0
0
0
0
0
0
0
0
0
0
0
0
0
0
0
0
0
0
0
0
0
0
0
0
0
0
0
0
0
0
0
0
0
0
0
0
0
0
0
0
0
0
0
0
0
0
0
0
0
0
0
0
0
0
0
0
0
0
0
0
0
0
0
0
0
0
0
0
0
0
0
0
0
0
0
0
0
0
0
0
0
0
0
0
0
0
0
0
0
0
0
0
0
0
0
0
0
0
0
0
0
0
0
0
0
0
0
0
0
0
0
0
0
0
0
0
0
0
0
0
0
0
0
0
0
0
0
0
0
0
0
0
0
0
0
0
0
0
0
0
0
0
0
0
0
0
0
0
0
0
0
0
0
0
0
0
0
0
0
0
0
0
0
0
0
0
0
0
0
0
0
0
0
0
0
0
0
0
0
0
0
0
0
0
0
0
0
0
0
0
0
0
0
0
0
0
0
0
0
0
0
0
0
0
0
0
0
0
0
0
0
0
0
0
0
0
0
0
0
0
0
0
0
0
0
0
0
0
0
0
0
0
0
0
0
0
0
0
0
0
0
0
0
0
0
0
0
0
0
0
0
0
0
0
0
0
0
0
0
0
0
0
0
0
0
0
0
0
0
0
0
0
0
0
0
0
0
0
0
0
0
0
0
0
0
0
0
0
0
0
0
0
0
0
0
0
0
0
0
0
0
0
0
0
0
0
0
0
0
0
0
0
0
0
0
0
0
0
0
0
0
0
0
0
0
0
0
0
0
0
0
0
0
0
0
0
0
0
0
0
0
0
0
0
0
0
0
0
0
0
0
0
0
0
0
0
0
0
0
0
0
0
0
0
0
0
0
0
0
0
0
0
0
0
0
0
0
0
0
0
0
0
0
0
0
0
0
0
0
0
0
0
0
0
0
0
0
0
0
0
0
0
0
0
0
0
0
0
0
0
0
0
0
0
0
0
0
0
0
0
0
0
0
0
0
0
0
0
0
0
0
0
0
0
0
0
0
0
0
0
0
0
0
0
0
0
0
0
0
0
0
0
0
0
0
0
0
0
0
0
0
0
0
0
0
0
0
0
0
0
0
0
0
0
0
0
0
0
0
0
0
0
0
0
0
0
0
0
0
0
0
0
0
0
0
0
0
0
0
0
0
0
0
0
0
0
0
0
0
0
0
0
0
0
0
0
0
0
0
0
0
0
0
0
0
0
0
0
0
0
0
0
0
0
0
0
0
0
0
0
0
0
0
0
0
0
0
0
0
0
0
0
0
0
0
0
0
0
0
0
0
0
0
0
0
0
0
0
0
0
0
0
0
0
0
0
0
0
0
0
0
0
0
0
0
0
0
0
0
0
0
0
0
0
0
0
0
0
0
0
0
0
0
0
0
0
0
0
0
0
0
0
0
0
0
0
0
0
0
0
0
0
0
0
0
0
0
0
0
0
0
0
0
0
0
0
0
0
0
0
0
0
0
0
0
0
0
0
0
0
0
0
0
0
0
0
0
0
0
0
0
0
0
0
0
0
0
0
0
0
0
0
0
0
0
0
0
0
0
0
0
0
0
0
0
0
0
0
0
0
0
0
0
0
0
0
0
0
0
0
0
0
0
0
0
0
0
0
0
0
0
0
0
0
0
0
0
0
0
0
0
0
0
0
0
0
0
0
0
0
0
0
0
0
0
0
0
0
0
0
0
0
0
0
0
0
0
0
0
0
0
0
0
0
0
0
0
0
0
0
0
0
0
0
0
0
0
0
0
0
0
0
0
0
0
0
0
0
0
0
0
0
0
0
0
0
0
0
0
0
0
0
0
0
0
0
0
0
0
0
0
0
0
0
0
0
0
0
0
0
0
0
0
0
0
0
0
0
0
0
0
0
0
0
0
0
0
0
0
0
0
0
0
0
0
0
0
0
0
0
0
0
0
0
0
0
0
0
0
0
0
0
0
0
0
0
0
0
0
0
0
0
0
0
0
0
0
0
0
0
0
0
0
0
0
0
0
0
0
0
0
0
0
0
0
0
0
0
0
0
0
0
0
0
0
0
0
0
0
0
0
0
0
0
0
0
0
0
0
0
0
0
0
0
0
0
0
0
0
0
0
0
0
0
0
0
0
0
0
0
0
0
0
0
0
0
0
0
0
0
0
0
0
0
0
0
0
0
0
0
0
0
0
0
0
0
0
0
0
0
0
0
0
0
0
0
0
0
0
0
0
0
0
0
0
0
0
0
0
0
0
0
0
0
0
0
0
0
0
0
0
0
0
0
0
0
0
0
0
0
0
0
0
0
0
0
0
0
0
0
0
0
0
0
0
0
0
0
0
0
0
0
0
0
0
0
0
0
0
0
0
0
0
0
0
0
0
0
0
0
0
0
0
0
0
0
0
0
0
0
0
0
0
0
0
0
0
0
0
0
0
0
0
0
0
0
0
0
0
0
0
0
0
0
0
0
0
0
0
0
0
0
0
0
0
0
0
0
0
0
0
0
0
0
0
0
0
0
0
0
0
0
0
0
0
0
0
0
0
0
0
0
0
0
0
0
0
0
0
0
0
0
0
0
0
0
0
0
0
0
0
0
0
0
0
0
0
0
0
0
0
0
0
0
0
0
0
0
0
0
0
0
0
0
0
0
0
0
0
0
0
0
0
0
0
0
0
0
0
0
0
0
0
0
0
0
0
0
0
0
0
0
0
0
0
0
0
0
0
0
0
0
0
0
0
0
0
0
0
0
0
0
0
0
0
0
0
0
0
0
0
0
0
0
0
0
0
0
0
0
0
0
0
0
0
0
0
0
0
0
0
0
0
0
0
0
0
0
0
0
0
0
0
0
0
0
0
0
0
0
0
0
0
0
0
0
0
0
0
0
0
0
0
0
0
0
0
0
0
0
0
0
0
0
0
0
0
0
0
0
0
0
0
0
0
0
0
0
0
0
0
0
0
0
0
0
0
0
0
0
0
0
0
0
0
0
0
0
0
0
0
0
0
0
0
0
0
0
0
0
0
0
0
0
0
0
0
0
0
0
0
0
0
0
0
0
0
0
0
0
0
0
0
0
0
0
0
0
0
0
0
0
0
0
0
0
0
0
0
0
0
0
0
0
0
0
0
0
0
0
0
0
0
0
0
0
0
0
0
0
0
0
0
0
0
0
0
0
0
0
0
0
0
0
0
0
0
0
0
0
0
0
0
0
0
0
0
0
0
0
0
0
0
0
0
0
0
0
0
0
0
0
0
0
0
0
0
0
0
0
0
0
0
0
0
0
0
0
0
0
0
0
0
0
0
0
0
0
0
0
0
0
0
0
0
0
0
0
0
0
0
0
0
0
0
0
0
0
0
0
0
0
0
0
0
0
0
0
0
0
0
0
0
0
0
0
0
0
0
0
0
0
0
0
0
0
0
0
0
0
0
0
0
0
0
0
0
0
0
0
0
0
0
0
0
0
0
0
0
0
0
0
0
0
0
0
0
0
0
0
0
0
0
0
0
0
0
0
0
0
0
0
0
0
0
0
0
0
0
0
0
0
0
0
0
0
0
0
0
0
0
0
0
0
0
0
0
0
0
0
0
0
0
0
0
0
0
0
0
0
0
0
0
0
0
0
0
0
0
0
0
0
0
0
0
0
0
0
0
0
0
0
0
0
0
0
0
0
0
0
0
0
0
0
0
0
0
0
0
0
0
0
0
0
0
0
0
0
0
0
0
0
0
0
0
0
0
0
0
0
0
0
0
0
0
0
0
0
0
0
0
0
0
0
0
0
0
0
0
0
0
0
0
0
0
0
0
0
0
0
0
0
0
0
0
0
0
0
0
0
0
0
0
0
0
0
0
0
0
0
0
0
0
0
0
0
0
0
0
0
0
0
0
0
0
0
0
0
0
0
0
0
0
0
0
0
0
0
0
0
0
0
0
0
0
0
0
0
0
0
0
0
0
0
0
0
0
0
0
0
0
0
0
0
0
0
0
0
0
0
0
0
0
0
0
0
0
0
0
0
0
0
0
0
0
0
0
0
0
0
0
0
0
0
0
0
0
0
0
0
0
0
0
0
0
0
0
0
0
0
0
0
0
0
0
0
0
0
0
0
0
0
0
0
0
0
0
0
0
0
0
0
0
0
0
0
0
0
0
0
0
0
0
0
0
0
0
0
0
0
0
0
0
0
0
0
0
0
0
0
0
0
0
0
0
0
0
0
0
0
0
0
0
0
0
0
0
0
0
0
0
0
0
0
0
0
0
0
0
0
0
0
0
0
0
0
0
0
0
0
0
0
0
0
0
0
0
0
0
0
0
0
0
0
0
0
0
0
0
0
0
0
0
0
0
0
0
0
0
0
0
0
0
0
0
0
0
0
0
0
0
0
0
0
0
0
0
0
0
0
0
0
0
0
0
0
0
0
0
0
0
0
0
0
0
0
0
0
0
0
0
0
0
0
0
0
0
0
0
0
0
0
0
0
0
0
0
0
0
0
0
0
0
0
0
0
0
0
0
0
0
0
0
0
0
0
0
0
0
0
0
0
0
0
0
0
0
0
0
0
0
0
0
0
0
0
0
0
0
0
0
0
0
0
0
0
0
0
0
0
0
0
0
0
0
0
0
0
0
0
0
0
0
0
0
0
0
0
0
0
0
0
0
0
0
0
0
0
0
0
0
0
0
0
0
0
0
0
0
0
0
0
0
0
0
0
0
0
0
0
0
0
0
0
0
0
0
0
0
0
0
0
0
0
0
0
0
0
0
0
0
0
0
0
0
0
0
0
0
0
0
0
0
0
0
0
0
0
0
0
0
0
0
0
0
0
0
0
0
0
0
0
0
0
0
0
0
0
0
0
0
0
0
0
0
0
0
0
0
0
0
0
0
0
0
0
0
0
0
0
0
0
0
0
0
0
0
0
0
0
0
0
0
0
0
0
0
0
0
0
0
0
0
0
0
0
0
0
0
0
0
0
0
0
0
0
0
0
0
0
0
0
0
0
0
0
0
0
0
0
0
0
0
0
0
0
0
0
0
0
0
0
0
0
0
0
0
0
0
0
0
0
0
0
0
0
0
0
0
0
0
0
0
0
0
0
0
0
0
0
0
0
0
0
0
0
0
0
0
0
0
0
0
0
0
0
0
0
0
0
0
0
0
0
0
0
0
0
0
0
0
0
0
0
0
0
0
0
0
0
0
0
0
0
0
0
0
0
0
0
0
0
0
0
0
0
0
0
0
0
0
0
0
0
0
0
0
0
0
0
0
0
0
0
0
0
0
0
0
0
0
0
0
0
0
0
0
0
0
0
0
0
0
0
0
0
0
0
0
0
0
0
0
0
0
0
0
0
0
0
0
0
0
0
0
0
0
0
0
0
0
0
0
0
0
0
0
0
0
0
0
0
0
0
0
0
0
0
0
0
0
0
0
0
0
0
0
0
0
0
0
0
0
0
0
0
0
0
0
0
0
0
0
0
0
0
0
0
0
0
0
0
0
0
0
0
0
0
0
0
0
0
0
0
0
0
0
0
0
0
0
0
0
0
0
0
0
0
0
0
0
0
0
0
0
0
0
0
0
0
0
0
0
0
0
0
0
0
0
0
0
0
0
0
0
0
0
0
0
0
0
0
0
0
0
0
0
0
0
0
0
0
0
0
0
0
0
0
0
0
0
0
0
0
0
0
0
0
0
0
0
0
0
0
0
0
0
0
0
0
0
0
0
0
0
0
0
0
0
0
0
0
0
0
0
0
0
0
0
0
0
0
0
0
0
0
0
0
0
0
0
0
0
0
0
0
0
0
0
0
0
0
0
0
0
0
0
0
0
0
0
0
0
0
0
0
0
0
0
0
0
0
0
0
0
0
0
0
0
0
0
0
0
0
0
0
0
0
0
0
0
0
0
0
0
0
0
0
0
0
0
0
0
0
0
0
0
0
0
0
0
0
0
0
0
0
0
0
0
0
0
0
0
0
0
0
0
0
0
0
0
0
0
0
0
0
0
0
0
0
0
0
0
0
0
0
0
0
0
0
0
0
0
0
0
0
0
0
0
0
0
0
0
0
0
0
0
0
0
0
0
0
0
0
0
0
0
0
0
0
0
0
0
0
0
0
0
0
0
0
0
0
0
0
0
0
0
0
0
0
0
0
0
0
0
0
0
0
0
0
0
0
0
0
0
0
0
0
0
0
0
0
0
0
0
0
0
0
0
0
0
0
0
0
0
0
0
0
0
0
0
0
0
0
0
0
0
0
0
0
0
0
0
0
0
0
0
0
0
0
0
0
0
0
0
0
0
0
0
0
0
0
0
0
0
0
0
0
0
0
0
0
0
0
0
0
0
0
0
0
0
0
0
0
0
0
0
0
0
0
0
0
0
0
0
0
0
0
0
0
0
0
0
0
0
0
0
0
0
0
0
0
0
0
0
0
0
0
0
0
0
0
0
0
0
0
0
0
0
0
0
0
0
0
0
0
0
0
0
0
0
0
0
0
0
0
0
0
0
0
0
0
0
0
0
0
0
0
0
0
0
0
0
0
0
0
0
0
0
0
0
0
0
0
0
0
0
0
0
0
0
0
0
0
0
0
0
0
0
0
0
0
0
0
0
0
0
0
0
0
0
0
0
0
0
0
0
0
0
0
0
0
0
0
0
0
0
0
0
0
0
0
0
0
0
0
0
0
0
0
0
0
0
0
0
0
0
0
0
0
0
0
0
0
0
0
0
0
0
0
0
0
0
0
0
0
0
0
0
0
0
0
0
0
0
0
0
0
0
0
0
0
0
0
0
0
0
0
0
0
0
0
0
0
0
0
0
0
0
0
0
0
0
0
0
0
0
0
0
0
0
0
0
0
0
0
0
0
0
0
0
0
0
0
0
0
0
0
0
0
0
0
0
0
0
0
0
0
0
0
0
0
0
0
0
0
0
0
0
0
0
0
0
0
0
0
0
0
0
0
0
0
0
0
0
0
0
0
0
0
0
0
0
0
0
0
0
0
0
0
0
0
0
0
0
0
0
0
0
0
0
0
0
0
0
0
0
0
0
0
0
0
0
0
0
0
0
0
0
0
0
0
0
0
0
0
0
0
0
0
0
0
0
0
0
0
0
0
0
0
0
0
0
0
0
0
0
0
0
0
0
0
0
0
0
0
0
0
0
0
0
0
0
0
0
0
0
0
0
0
0
0
0
0
0
0
0
0
0
0
0
0
0
0
0
0
0
0
0
0
0
0
0
0
0
0
0
0
0
0
0
0
0
0
0
0
0
0
0
0
0
0
0
0
0
0
0
0
0
0
0
0
0
0
0
0
0
0
0
0
0
0
0
0
0
0
0
0
0
0
0
0
0
0
0
0
0
0
0
0
0
0
0
0
0
0
0
0
0
0
0
0
0
0
0
0
0
0
0
0
0
0
0
0
0
0
0
0
0
0
0
0
0
0
0
0
0
0
0
0
0
0
0
0
0
0
0
0
0
0
0
0
0
0
0
0
0
0
0
0
0
0
0
0
0
0
0
0
0
0
0
0
0
0
0
0
0
0
0
0
0
0
0
0
0
0
0
0
0
0
0
0
0
0
0
0
0
0
0
0
0
0
0
0
0
0
0
0
0
0
0
0
0
0
0
0
0
0
0
0
0
0
0
0
0
0
0
0
0
0
0
0
0
0
0
0
0
0
0
0
0
0
0
0
0
0
0
0
0
0
0
0
0
0
0
0
0
0
0
0
0
0
0
0
0
0
0
0
0
0
0
0
0
0
0
0
0
0
0
0
0
0
0
0
0
0
0
0
0
0
0
0
0
0
0
0
0
0
0
0
0
0
0
0
0
0
0
0
0
0
0
0
0
0
0
0
0
0
0
0
0
0
0
0
0
0
0
0
0
0
0
0
0
0
0
0
0
0
0
0
0
0
0
0
0
0
0
0
0
0
0
0
0
0
0
0
0
0
0
0
0
0
0
0
0
0
0
0
0
0
0
0
0
0
0
0
0
0
0
0
0
0
0
0
0
0
0
0
0
0
0
0
0
0
0
0
0
0
0
0
0
0
0
0
0
0
0
0
0
0
0
0
0
0
0
0
0
0
0
0
0
0
0
0
0
0
0
0
0
0
0
0
0
0
0
0
0
0
0
0
0
0
0
0
0
0
0
0
0
0
0
0
0
0
0
0
0
0
0
0
0
0
0
0
0
0
0
0
0
0
0
0
0
0
0
0
0
0
0
0
0
0
0
0
0
0
0
0
0
0
0
0
0
0
0
0
0
0
0
0
0
0
0
0
0
0
0
0
0
0
0
0
0
0
0
0
0
0
0
0
0
0
0
0
0
0
0
0
0
0
0
0
0
0
0
0
0
0
0
0
0
0
0
0
0
0
0
0
0
0
0
0
0
0
0
0
0
0
0
0
0
0
0
0
0
0
0
0
0
0
0
0
0
0
0
0
0
0
0
0
0
0
0
0
0
0
0
0
0
0
0
0
0
0
0
0
0
0
0
0
0
0
0
0
0
0
0
0
0
0
0
0
0
0
0
0
0
0
0
0
0
0
0
0
0
0
0
0
0
0
0
0
0
0
0
0
0
0
0
0
0
0
0
0
0
0
0
0
0
0
0
0
0
0
0
0
0
0
0
0
0
0
0
0
0
0
0
0
0
0
0
0
0
0
0
0
0
0
0
0
0
0
0
0
0
0
0
0
0
0
0
0
0
0
0
0
0
0
0
0
0
0
0
0
0
0
0
0
0
0
0
0
0
0
0
0
0
0
0
0
0
0
0
0
0
0
0
0
0
0
0
0
0
0
0
0
0
0
0
0
0
0
0
0
0
0
0
0
0
0
0
0
0
0
0
0
0
0
0
0
0
0
0
0
0
0
0
0
0
0
0
0
0
0
0
0
0
0
0
0
0
0
0
0
0
0
0
0
0
0
0
0
0
0
0
0
0
0
0
0
0
0
0
0
0
0
0
0
0
0
0
0
0
0
0
0
0
0
0
0
0
0
0
0
0
0
0
0
0
0
0
0
0
0
0
0
0
0
0
0
0
0
0
0
0
0
0
0
0
0
0
0
0
0
0
0
0
0
0
0
0
0
0
0
0
0
0
0
0
0
0
0
0
0
0
0
0
0
0
0
0
0
0
0
0
0
0
0
0
0
0
0
0
0
0
0
0
0
0
0
0
0
0
0
0
0
0
0
0
0
0
0
0
0
0
0
0
0
0
0
0
0
0
0
0
0
0
0
0
0
0
0
0
0
0
0
0
0
0
0
0
0
0
0
0
0
0
0
0
0
0
0
0
0
0
0
0
0
0
0
0
0
0
0
0
0
0
0
0
0
0
0
0
0
0
0
0
0
0
0
0
0
0
0
0
0
0
0
0
0
0
0
0
0
0
0
0
0
0
0
0
0
0
0
0
0
0
0
0
0
0
0
0
0
0
0
0
0
0
0
0
0
0
0
0
0
0
0
0
0
0
0
0
0
0
0
0
0
0
0
0
0
0
0
0
0
0
0
0
0
0
0
0
0
0
0
0
0
0
0
0
0
0
0
0
0
0
0
0
0
0
0
0
0
0
0
0
0
0
0
0
0
0
0
0
0
0
0
0
0
0
0
0
0
0
0
0
0
0
0
0
0
0
0
0
0
0
0
0
0
0
0
0
0
0
0
0
0
0
0
0
0
0
0
0
0
0
0
0
0
0
0
0
0
0
0
0
0
0
0
0
0
0
0
0
0
0
0
0
0
0
0
0
0
0
0
0
0
0
0
0
0
0
0
0
0
0
0
0
0
0
0
0
0
0
0
0
0
0
0
0
0
0
0
0
0
0
0
0
0
0
0
0
0
0
0
0
0
0
0
0
0
0
0
0
0
0
0
0
0
0
0
0
0
0
0
0
0
0
0
0
0
0
0
0
0
0
0
0
0
0
0
0
0
0
0
0
0
0
0
0
0
0
0
0
0
0
0
0
0
0
0
0
0
0
0
0
0
0
0
0
0
0
0
0
0
0
0
0
0
0
0
0
0
0
0
0
0
0
0
0
0
0
0
0
0
0
0
0
0
0
0
0
0
0
0
0
0
0
0
0
0
0
0
0
0
0
0
0
0
0
0
0
0
0
0
0
0
0
0
0
0
0
0
0
0
0
0
0
0
0
0
0
0
0
0
0
0
0
0
0
0
0
0
0
0
0
0
0
0
0
0
0
0
0
0
0
0
0
0
0
0
0
0
0
0
0
0
0
0
0
0
0
0
0
0
0
0
0
0
0
0
0
0
0
0
0
0
0
0
0
0
0
0
0
0
0
0
0
0
0
0
0
0
0
0
0
0
0
0
0
0
0
0
0
0
0
0
0
0
0
0
0
0
0
0
0
0
0
0
0
0
0
0
0
0
0
0
0
0
0
0
0
0
0
0
0
0
0
0
0
0
0
0
0
0
0
0
0
0
0
0
0
0
0
0
0
0
0
0
0
0
0
0
0
0
0
0
0
0
0
0
0
0
0
0
0
0
0
0
0
0
0
0
0
0
0
0
0
0
0
0
0
0
0
0
0
0
0
0
0
0
0
0
0
0
0
0
0
0
0
0
0
0
0
0
0
0
0
0
0
0
0
0
0
0
0
0
0
0
0
0
0
0
0
0
0
0
0
0
0
0
0
0
0
0
0
0
0
0
0
0
0
0
0
0
0
0
0
0
0
0
0
0
0
0
0
0
0
0
0
0
0
0
0
0
0
0
0
0
0
0
0
0
0
0
0
0
0
0
0
0
0
0
0
0
0
0
0
0
0
0
0
0
0
0
0
0
0
0
0
0
0
0
0
0
0
0
0
0
0
0
0
0
0
0
0
0
0
0
0
0
0
0
0
0
0
0
0
0
0
0
0
0
0
0
0
0
0
0
0
0
0
0
0
0
0
0
0
0
0
0
0
0
0
0
0
0
0
0
0
0
0
0
0
0
0
0
0
0
0
0
0
0
0
0
0
0
0
0
0
0
0
0
0
0
0
0
0
0
0
0
0
0
0
0
0
0
0
0
0
0
0
0
0
0
0
0
0
0
0
0
0
0
0
0
0
0
0
0
0
0
0
0
0
0
0
0
0
0
0
0
0
0
0
0
0
0
0
0
0
0
0
0
0
0
0
0
0
0
0
0
0
0
0
0
0
0
0
0
0
0
0
0
0
0
0
0
0
0
0
0
0
0
0
0
0
0
0
0
0
0
0
0
0
0
0
0
0
0
0
0
0
0
0
0
0
0
0
0
0
0
0
0
0
0
0
0
0
0
0
0
0
0
0
0
0
0
0
0
0
0
0
0
0
0
0
0
0
0
0
0
0
0
0
0
0
0
0
0
0
0
0
0
0
0
0
0
0
0
0
0
0
0
0
0
0
0
0
0
0
0
0
0
0
0
0
0
0
0
0
0
0
0
0
0
0
0
0
0
0
0
0
0
0
0
0
0
0
0
0
0
0
0
0
0
0
0
0
0
0
0
0
0
0
0
0
0
0
0
0
0
0
0
0
0
0
0
0
0
0
0
0
0
0
0
0
0
0
0
0
0
0
0
0
0
0
0
0
0
0
0
0
0
0
0
0
0
0
0
0
0
0
0
0
0
0
0
0
0
0
0
0
0
0
0
0
0
0
0
0
0
0
0
0
0
0
0
0
0
0
0
0
0
0
0
0
0
0
0
0
0
0
0
0
0
0
0
0
0
0
0
0
0
0
0
0
0
0
0
0
0
0
0
0
0
0
0
0
0
0
0
0
0
0
0
0
0
0
0
0
0
0
0
0
0
0
0
0
0
0
0
0
0
0
0
0
0
0
0
0
0
0
0
0
0
0
0
0
0
0
0
0
0
0
0
0
0
0
0
0
0
0
0
0
0
0
0
0
0
0
0
0
0
0
0
0
0
0
0
0
0
0
0
0
0
0
0
0
0
0
0
0
0
0
0
0
0
0
0
0
0
0
0
0
0
0
0
0
0
0
0
0
0
0
0
0
0
0
0
0
0
0
0
0
0
0
0
0
0
0
0
0
0
0
0
0
0
0
0
0
0
0
0
0
0
0
0
0
0
0
0
0
0
0
0
0
0
0
0
0
0
0
0
0
0
0
0
0
0
0
0
0
0
0
0
0
0
0
0
0
0
0
0
0
0
0
0
0
0
0
0
0
0
0
0
0
0
0
0
0
0
0
0
0
0
0
0
0
0
0
0
0
0
0
0
0
0
0
0
0
0
0
0
0
0
0
0
0
0
0
0
0
0
0
0
0
0
0
0
0
0
0
0
0
0
0
0
0
0
0
0
0
0
0
0
0
0
0
0
0
0
0
0
0
0
0
0
0
0
0
0
0
0
0
0
0
0
0
0
0
0
0
0
0
0
0
0
0
0
0
0
0
0
0
0
0
0
0
0
0
0
0
0
0
0
0
0
0
0
0
0
0
0
0
0
0
0
0
0
0
0
0
0
0
0
0
0
0
0
0
0
0
0
0
0
0
0
0
0
0
0
0
0
0
0
0
0
0
0
0
0
0
0
0
0
0
0
0
0
0
0
0
0
0
0
0
0
0
0
0
0
0
0
0
0
0
0
0
0
0
0
0
0
0
0
0
0
0
0
0
0
0
0
0
0
0
0
0
0
0
0
0
0
0
0
0
0
0
0
0
0
0
0
0
0
0
0
0
0
0
0
0
0
0
0
0
0
0
0
0
0
0
0
0
0
0
0
0
0
0
0
0
0
0
0
0
0
0
0
0
0
0
0
0
0
0
0
0
0
0
0
0
0
0
0
0
0
0
0
0
0
0
0
0
0
0
0
0
0
0
0
0
0
0
0
0
0
0
0
0
0
0
0
0
0
0
0
0
0
0
0
0
0
0
0
0
0
0
0
0
0
0
0
0
0
0
0
0
0
0
0
0
0
0
0
0
0
0
0
0
0
0
0
0
0
0
0
0
0
0
0
0
0
0
0
0
0
0
0
0
0
0
0
0
0
0
0
0
0
0
0
0
0
0
0
0
0
0
0
0
0
0
0
0
0
0
0
0
0
0
0
0
0
0
0
0
0
0
0
0
0
0
0
0
0
0
0
0
0
0
0
0
0
0
0
0
0
0
0
0
0
0
0
0
0
0
0
0
0
0
0
0
0
0
0
0
0
0
0
0
0
0
0
0
0
0
0
0
0
0
0
0
0
0
0
0
0
0
0
0
0
0
0
0
0
0
0
0
0
0
0
0
0
0
0
0
0
0
0
0
0
0
0
0
0
0
0
0
0
0
0
0
0
0
0
0
0
0
0
0
0
0
0
0
0
0
0
0
0
0
0
0
0
0
0
0
0
0
0
0
0
0
0
0
0
0
0
0
0
0
0
0
0
0
0
0
0
0
0
0
0
0
0
0
0
0
0
0
0
0
0
0
0
0
0
0
0
0
0
0
0
0
0
0
0
0
0
0
0
0
0
0
0
0
0
0
0
0
0
0
0
0
0
0
0
0
0
0
0
0
0
0
0
0
0
0
0
0
0
0
0
0
0
0
0
0
0
0
0
0
0
0
0
0
0
0
0
0
0
0
0
0
0
0
0
0
0
0
0
0
0
0
0
0
0
0
0
0
0
0
0
0
0
0
0
0
0
0
0
0
0
0
0
0
0
0
0
0
0
0
0
0
0
0
0
0
0
0
0
0
0
0
0
0
0
0
0
0
0
0
0
0
0
0
0
0
0
0
0
0
0
0
0
0
0
0
0
0
0
0
0
0
0
0
0
0
0
0
0
0
0
0
0
0
0
0
0
0
0
0
0
0
0
0
0
0
0
0
0
0
0
0
0
0
0
0
0
0
0
0
0
0
0
0
0
0
0
0
0
0
0
0
0
0
0
0
0
0
0
0
0
0
0
0
0
0
0
0
0
0
0
0
0
0
0
0
0
0
0
0
0
0
0
0
0
0
0
0
0
0
0
0
0
0
0
0
0
0
0
0
0
0
0
0
0
0
0
0
0
0
0
0
0
0
0
0
0
0
0
0
0
0
0
0
0
0
0
0
0
0
0
0
0
0
0
0
0
0
0
0
0
0
0
0
0
0
0
0
0
0
0
0
0
0
0
0
0
0
0
0
0
0
0
0
0
0
0
0
0
0
0
0
0
0
0
0
0
0
0
0
0
0
0
0
0
0
0
0
0
0
0
0
0
0
0
0
0
0
0
0
0
0
0
0
0
0
0
0
0
0
0
0
0
0
0
0
0
0
0
0
0
0
0
0
0
0
0
0
0
0
0
0
0
0
0
0
0
0
0
0
0
0
0
0
0
0
0
0
0
0
0
0
0
0
0
0
0
0
0
0
0
0
0
0
0
0
0
0
0
0
0
0
0
0
0
0
0
0
0
0
0
0
0
0
0
0
0
0
0
0
0
0
0
0
0
0
0
0
0
0
0
0
0
0
0
0
0
0
0
0
0
0
0
0
0
0
0
0
0
0
0
0
0
0
0
0
0
0
0
0
0
0
0
0
0
0
0
0
0
0
0
0
0
0
0
0
0
0
0
0
0
0
0
0
0
0
0
0
0
0
0
0
0
0
0
0
0
0
0
0
0
0
0
0
0
0
0
0
0
0
0
0
0
0
0
0
0
0
0
0
0
0
0
0
0
0
0
0
0
0
0
0
0
0
0
0
0
0
0
0
0
0
0
0
0
0
0
0
0
0
0
0
0
0
0
0
0
0
0
0
0
0
0
0
0
0
0
0
0
0
0
0
0
0
0
0
0
0
0
0
0
0
0
0
0
0
0
0
0
0
0
0
0
0
0
0
0
0
0
0
0
0
0
0
0
0
0
0
0
0
0
0
0
0
0
0
0
0
0
0
0
0
0
0
0
0
0
0
0
0
0
0
0
0
0
0
0
0
0
0
0
0
0
0
0
0
0
0
0
0
0
0
0
0
0
0
0
0
0
0
0
0
0
0
0
0
0
0
0
0
0
0
0
0
0
0
0
0
0
0
0
0
0
0
0
0
0
0
0
0
0
0
0
0
0
0
0
0
0
0
0
0
0
0
0
0
0
0
0
0
0
0
0
0
0
0
0
0
0
0
0
0
0
0
0
0
0
0
0
0
0
0
0
0
0
0
0
0
0
0
0
0
0
0
0
0
0
0
0
0
0
0
0
0
0
0
0
0
0
0
0
0
0
0
0
0
0
0
0
0
0
0
0
0
0
0
0
0
0
0
0
0
0
0
0
0
0
0
0
0
0
0
0
0
0
0
0
0
0
0
0
0
0
0
0
0
0
0
0
0
0
0
0
0
0
0
0
0
0
0
0
0
0
0
0
0
0
0
0
0
0
0
0
0
0
0
0
0
0
0
0
0
0
0
0
0
0
0
0
0
0
0
0
0
0
0
0
0
0
0
0
0
0
0
0
0
0
0
0
0
0
0
0
0
0
0
0
0
0
0
0
0
0
0
0
0
0
0
0
0
0
0
0
0
0
0
0
0
0
0
0
0
0
0
0
0
0
0
0
0
0
0
0
0
0
0
0
0
0
0
0
0
0
0
0
0
0
0
0
0
0
0
0
0
0
0
0
0
0
0
0
0
0
0
0
0
0
0
0
0
0
0
0
0
0
0
0
0
0
0
0
0
0
0
0
0
0
0
0
0
0
0
0
0
0
0
0
0
0
0
0
0
0
0
0
0
0
0
0
0
0
0
0
0
0
0
0
0
0
0
0
0
0
0
0
0
0
0
0
0
0
0
0
0
0
0
0
0
0
0
0
0
0
0
0
0
0
0
0
0
0
0
0
0
0
0
0
0
0
0
0
0
0
0
0
0
0
0
0
0
0
0
0
0
0
0
0
0
0
0
0
0
0
0
0
0
0
0
0
0
0
0
0
0
0
0
0
0
0
0
0
0
0
0
0
0
0
0
0
0
0
0
0
0
0
0
0
0
0
0
0
0
0
0
0
0
0
0
0
0
0
0
0
0
0
0
0
0
0
0
0
0
0
0
0
0
0
0
0
0
0
0
0
0
0
0
0
0
0
0
0
0
0
0
0
0
0
0
0
0
0
0
0
0
0
0
0
0
0
0
0
0
0
0
0
0
0
0
0
0
0
0
0
0
0
0
0
0
0
0
0
0
0
0
0
0
0
0
0
0
0
0
0
0
0
0
0
0
0
0
0
0
0
0
0
0
0
0
0
0
0
0
0
0
0
0
0
0
0
0
0
0
0
0
0
0
0
0
0
0
0
0
0
0
0
0
0
0
0
0
0
0
0
0
0
0
0
0
0
0
0
0
0
0
0
0
0
0
0
0
0
0
0
0
0
0
0
0
0
0
0
0
0
0
0
0
0
0
0
0
0
0
0
0
0
0
0
0
0
0
0
0
0
0
0
0
0
0
0
0
0
0
0
0
0
0
0
0
0
0
0
0
0
0
0
0
0
0
0
0
0
0
0
0
0
0
0
0
0
0
0
0
0
0
0
0
0
0
0
0
0
0
0
0
0
0
0
0
0
0
0
0
0
0
0
0
0
0
0
0
0
0
0
0
0
0
0
0
0
0
0
0
0
0
0
0
0
0
0
0
0
0
0
0
0
0
0
0
0
0
0
0
0
0
0
0
0
0
0
0
0
0
0
0
0
0
0
0
0
0
0
0
0
0
0
0
0
0
0
0
0
0
0
0
0
0
0
0
0
0
0
0
0
0
0
0
0
0
0
0
0
0
0
0
0
0
0
0
0
0
0
0
0
0
0
0
0
0
0
0
0
0
0
0
0
0
0
0
0
0
0
0
0
0
0
0
0
0
0
0
0
0
0
0
0
0
0
0
0
0
0
0
0
0
0
0
0
0
0
0
0
0
0
0
0
0
0
0
0
0
0
0
0
0
0
0
0
0
0
0
0
0
0
0
0
0
0
0
0
0
0
0
0
0
0
0
0
0
0
0
0
0
0
0
0
0
0
0
0
0
0
0
0
0
0
0
0
0
0
0
0
0
0
0
0
0
0
0
0
0
0
0
0
0
0
0
0
0
0
0
0
0
0
0
0
0
0
0
0
0
0
0
0
0
0
0
0
0
0
0
0
0
0
0
0
0
0
0
0
0
0
0
0
0
0
0
0
0
0
0
0
0
0
0
0
0
0
0
0
0
0
0
0
0
0
0
0
0
0
0
0
0
0
0
0
0
0
0
0
0
0
0
0
0
0
0
0
0
0
0
0
0
0
0
0
0
0
0
0
0
0
0
0
0
0
0
0
0
0
0
0
0
0
0
0
0
0
0
0
0
0
0
0
0
0
0
0
0
0
0
0
0
0
0
0
0
0
0
0
0
0
0
0
0
0
0
0
0
0
0
0
0
0
0
0
0
0
0
0
0
0
0
0
0
0
0
0
0
0
0
0
0
0
0
0
0
0
0
0
0
0
0
0
0
0
0
0
0
0
0
0
0
0
0
0
0
0
0
0
0
0
0
0
0
0
0
0
0
0
0
0
0
0
0
0
0
0
0
0
0
0
0
0
0
0
0
0
0
0
0
0
0
0
0
0
0
0
0
0
0
0
0
0
0
0
0
0
0
0
0
0
0
0
0
0
0
0
0
0
0
0
0
0
0
0
0
0
0
0
0
0
0
0
0
0
0
0
0
0
0
0
0
0
0
0
0
0
0
0
0
0
0
0
0
0
0
0
0
0
0
0
0
0
0
0
0
0
0
0
0
0
0
0
0
0
0
0
0
0
0
0
0
0
0
0
0
0
0
0
0
0
0
0
0
0
0
0
0
0
0
0
0
0
0
0
0
0
0
0
0
0
0
0
0
0
0
0
0
0
0
0
0
0
0
0
0
0
0
0
0
0
0
0
0
0
0
0
0
0
0
0
0
0
0
0
0
0
0
0
0
0
0
0
0
0
0
0
0
0
0
0
0
0
0
0
0
0
0
0
0
0
0
0
0
0
0
0
0
0
0
0
0
0
0
0
0
0
0
0
0
0
0
0
0
0
0
0
0
0
0
0
0
0
0
0
0
0
0
0
0
0
0
0
0
0
0
0
0
0
0
0
0
0
0
0
0
0
0
0
0
0
0
0
0
0
0
0
0
0
0
0
0
0
0
0
0
0
0
0
0
0
0
0
0
0
0
0
0
0
0
0
0
0
0
0
0
0
0
0
0
0
0
0
0
0
0
0
0
0
0
0
0
0
0
0
0
0
0
0
0
0
0
0
0
0
0
0
0
0
0
0
0
0
0
0
0
0
0
0
0
0
0
0
0
0
0
0
0
0
0
0
0
0
0
0
0
0
0
0
0
0
0
0
0
0
0
0
0
0
0
0
0
0
0
0
0
0
0
0
0
0
0
0
0
0
0
0
0
0
0
0
0
0
0
0
0
0
0
0
0
0
0
0
0
0
0
0
0
0
0
0
0
0
0
0
0
0
0
0
0
0
0
0
0
0
0
0
0
0
0
0
0
0
0
0
0
0
0
0
0
0
0
0
0
0
0
0
0
0
0
0
0
0
0
0
0
0
0
0
0
0
0
0
0
0
0
0
0
0
0
0
0
0
0
0
0
0
0
0
0
0
0
0
0
0
0
0
0
0
0
0
0
0
0
0
0
0
0
0
0
0
0
0
0
0
0
0
0
0
0
0
0
0
0
0
0
0
0
0
0
0
0
0
0
0
0
0
0
0
0
0
0
0
0
0
0
0
0
0
0
0
0
0
0
0
0
0
0
0
0
0
0
0
0
0
0
0
0
0
0
0
0
0
0
0
0
0
0
0
0
0
0
0
0
0
0
0
0
0
0
0
0
0
0
0
0
0
0
0
0
0
0
0
0
0
0
0
0
0
0
0
0
0
0
0
0
0
0
0
0
0
0
0
0
0
0
0
0
0
0
0
0
0
0
0
0
0
0
0
0
0
0
0
0
0
0
0
0
0
0
0
0
0
0
0
0
0
0
0
0
0
0
0
0
0
0
0
0
0
0
0
0
0
0
0
0
0
0
0
0
0
0
0
0
0
0
0
0
0
0
0
0
0
0
0
0
0
0
0
0
0
0
0
0
0
0
0
0
0
0
0
0
0
0
0
0
0
0
0
0
0
0
0
0
0
0
0
0
0
0
0
0
0
0
0
0
0
0
0
0
0
0
0
0
0
0
0
0
0
0
0
0
0
0
0
0
0
0
0
0
0
0
0
0
0
0
0
0
0
0
0
0
0
0
0
0
0
0
0
0
0
0
0
0
0
0
0
0
0
0
0
0
0
0
0
0
0
0
0
0
0
0
0
0
0
0
0
0
0
0
0
0
0
0
0
0
0
0
0
0
0
0
0
0
0
0
0
0
0
0
0
0
0
0
0
0
0
0
0
0
0
0
0
0
0
0
0
0
0
0
0
0
0
0
0
0
0
0
0
0
0
0
0
0
0
0
0
0
0
0
0
0
0
0
0
0
0
0
0
0
0
0
0
0
0
0
0
0
0
0
0
0
0
0
0
0
0
0
0
0
0
0
0
0
0
0
0
0
0
0
0
0
0
0
0
0
0
0
0
0
0
0
0
0
0
0
0
0
0
0
0
0
0
0
0
0
0
0
0
0
0
0
0
0
0
0
0
0
0
0
0
0
0
0
0
0
0
0
0
0
0
0
0
0
0
0
0
0
0
0
0
0
0
0
0
0
0
0
0
0
0
0
0
0
0
0
0
0
0
0
0
0
0
0
0
0
0
0
0
0
0
0
0
0
0
0
0
0
0
0
0
0
0
0
0
0
0
0
0
0
0
0
0
0
0
0
0
0
0
0
0
0
0
0
0
0
0
0
0
0
0
0
0
0
0
0
0
0
0
0
0
0
0
0
0
0
0
0
0
0
0
0
0
0
0
0
0
0
0
0
0
0
0
0
0
0
0
0
0
0
0
0
0
0
0
0
0
0
0
0
0
0
0
0
0
0
0
0
0
0
0
0
0
0
0
0
0
0
0
0
0
0
0
0
0
0
0
0
0
0
0
0
0
0
0
0
0
0
0
0
0
0
0
0
0
0
0
0
0
0
0
0
0
0
0
0
0
0
0
0
0
0
0
0
0
0
0
0
0
0
0
0
0
0
0
0
0
0
0
0
0
0
0
0
0
0
0
0
0
0
0
0
0
0
0
0
0
0
0
0
0
0
0
0
0
0
0
0
0
0
0
0
0
0
0
0
0
0
0
0
0
0
0
0
0
0
0
0
0
0
0
0
0
0
0
0
0
0
0
0
0
0
0
0
0
0
0
0
0
0
0
0
0
0
0
0
0
0
0
0
0
0
0
0
0
0
0
0
0
0
0
0
0
0
0
0
0
0
0
0
0
0
0
0
0
0
0
0
0
0
0
0
0
0
0
0
0
0
0
0
0
0
0
0
0
0
0
0
0
0
0
0
0
0
0
0
0
0
0
0
0
0
0
0
0
0
0
0
0
0
0
0
0
0
0
0
0
0
0
0
0
0
0
0
0
0
0
0
0
0
0
0
0
0
0
0
0
0
0
0
0
0
0
0
0
0
0
0
0
0
0
0
0
0
0
0
0
0
0
0
0
0
0
0
0
0
0
0
0
0
0
0
0
0
0
0
0
0
0
0
0
0
0
0
0
0
0
0
0
0
0
0
0
0
0
0
0
0
0
0
0
0
0
0
0
0
0
0
0
0
0
0
0
0
0
0
0
0
0
0
0
0
0
0
0
0
0
0
0
0
0
0
0
0
0
0
0
0
0
0
0
0
0
0
0
0
0
0
0
0
0
0
0
0
0
0
0
0
0
0
0
0
0
0
0
0
0
0
0
0
0
0
0
0
0
0
0
0
0
0
0
0
0
0
0
0
0
0
0
0
0
0
0
0
0
0
0
0
0
0
0
0
0
0
0
0
0
0
0
0
0
0
0
0
0
0
0
0
0
0
0
0
0
0
0
0
0
0
0
0
0
0
0
0
0
0
0
0
0
0
0
0
0
0
0
0
0
0
0
0
0
0
0
0
0
0
0
0
0
0
0
0
0
0
0
0
0
0
0
0
0
0
0
0
0
0
0
0
0
0
0
0
0
0
0
0
0
0
0
0
0
0
0
0
0
0
0
0
0
0
0
0
0
0
0
0
0
0
0
0
0
0
0
0
0
0
0
0
0
0
0
0
0
0
0
0
0
0
0
0
0
0
0
0
0
0
0
0
0
0
0
0
0
0
0
0
0
0
0
0
0
0
0
0
0
0
0
0
0
0
0
0
0
0
0
0
0
0
0
0
0
0
0
0
0
0
0
0
0
0
0
0
0
0
0
0
0
0
0
0
0
0
0
0
0
0
0
0
0
0
0
0
0
0
0
0
0
0
0
0
0
0
0
0
0
0
0
0
0
0
0
0
0
0
0
0
0
0
0
0
0
0
0
0
0
0
0
0
0
0
0
0
0
0
0
0
0
0
0
0
0
0
0
0
0
0
0
0
0
0
0
0
0
0
0
0
0
0
0
0
0
0
0
0
0
0
0
0
0
0
0
0
0
0
0
0
0
0
0
0
0
0
0
0
0
0
0
0
0
0
0
0
0
0
0
0
0
0
0
0
0
0
0
0
0
0
0
0
0
0
0
0
0
0
0
0
0
0
0
0
0
0
0
0
0
0
0
0
0
0
0
0
0
0
0
0
0
0
0
0
0
0
0
0
0
0
0
0
0
0
0
0
0
0
0
0
0
0
0
0
0
0
0
0
0
0
0
0
0
0
0
0
0
0
0
0
0
0
0
0
0
0
0
0
0
0
0
0
0
0
0
0
0
0
0
0
0
0
0
0
0
0
0
0
0
0
0
0
0
0
0
0
0
0
0
0
0
0
0
0
0
0
0
0
0
0
0
0
0
0
0
0
0
0
0
0
0
0
0
0
0
0
0
0
0
0
0
0
0
0
0
0
0
0
0
0
0
0
0
0
0
0
0
0
0
0
0
0
0
0
0
0
0
0
0
0
0
0
0
0
0
0
0
0
0
0
0
0
0
0
0
0
0
0
0
0
0
0
0
0
0
0
0
0
0
0
0
0
0
0
0
0
0
0
0
0
0
0
0
0
0
0
0
0
0
0
0
0
0
0
0
0
0
0
0
0
0
0
0
0
0
0
0
0
0
0
0
0
0
0
0
0
0
0
0
0
0
0
0
0
0
0
0
0
0
0
0
0
0
0
0
0
0
0
0
0
0
0
0
0
0
0
0
0
0
0
0
0
0
0
0
0
0
0
0
0
0
0
0
0
0
0
0
0
0
0
0
0
0
0
0
0
0
0
0
0
0
0
0
0
0
0
0
0
0
0
0
0
0
0
0
0
0
0
0
0
0
0
0
0
0
0
0
0
0
0
0
0
0
0
0
0
0
0
0
0
0
0
0
0
0
0
0
0
0
0
0
0
0
0
0
0
0
0
0
0
0
0
0
0
0
0
0
0
0
0
0
0
0
0
0
0
0
0
0
0
0
0
0
0
0
0
0
0
0
0
0
0
0
0
0
0
0
0
0
0
0
0
0
0
0
0
0
0
0
0
0
0
0
0
0
0
0
0
0
0
0
0
0
0
0
0
0
0
0
0
0
0
0
0
0
0
0
0
0
0
0
0
0
0
0
0
0
0
0
0
0
0
0
0
0
0
0
0
0
0
0
0
0
0
0
0
0
0
0
0
0
0
0
0
0
0
0
0
0
0
0
0
0
0
0
0
0
0
0
0
0
0
0
0
0
0
0
0
0
0
0
0
0
0
0
0
0
0
0
0
0
0
0
0
0
0
0
0
0
0
0
0
0
0
0
0
0
0
0
0
0
0
0
0
0
0
0
0
0
0
0
0
0
0
0
0
0
0
0
0
0
0
0
0
0
0
0
0
0
0
0
0
0
0
0
0
0
0
0
0
0
0
0
0
0
0
0
0
0
0
0
0
0
0
0
0
0
0
0
0
0
0
0
0
0
0
0
0
0
0
0
0
0
0
0
0
0
0
0
0
0
0
0
0
0
0
0
0
0
0
0
0
0
0
0
0
0
0
0
0
0
0
0
0
0
0
0
0
0
0
0
0
0
0
0
0
0
0
0
0
0
0
0
0
0
0
0
0
0
0
0
0
0
0
0
0
0
0
0
0
0
0
0
0
0
0
0
0
0
0
0
0
0
0
0
0
0
0
0
0
0
0
0
0
0
0
0
0
0
0
0
0
0
0
0
0
0
0
0
0
0
0
0
0
0
0
0
0
0
0
0
0
0
0
0
0
0
0
0
0
0
0
0
0
0
0
0
0
0
0
0
0
0
0
0
0
0
0
0
0
0
0
0
0
0
0
0
0
0
0
0
0
0
0
0
0
0
0
0
0
0
0
0
0
0
0
0
0
0
0
0
0
0
0
0
0
0
0
0
0
0
0
0
0
0
0
0
0
0
0
0
0
0
0
0
0
0
0
0
0
0
0
0
0
0
0
0
0
0
0
0
0
0
0
0
0
0
0
0
0
0
0
0
0
0
0
0
0
0
0
0
0
0
0
0
0
0
0
0
0
0
0
0
0
0
0
0
0
0
0
0
0
0
0
0
0
0
0
0
0
0
0
0
0
0
0
0
0
0
0
0
0
0
0
0
0
0
0
0
0
0
0
0
0
0
0
0
0
0
0
0
0
0
0
0
0
0
0
0
0
0
0
0
0
0
0
0
0
0
0
0
0
0
0
0
0
0
0
0
0
0
0
0
0
0
0
0
0
0
0
0
0
0
0
0
0
0
0
0
0
0
0
0
0
0
0
0
0
0
0
0
0
0
0
0
0
0
0
0
0
0
0
0
0
0
0
0
0
0
0
0
0
0
0
0
0
0
0
0
0
0
0
0
0
0
0
0
0
0
0
0
0
0
0
0
0
0
0
0
0
0
0
0
0
0
0
0
0
0
0
0
0
0
0
0
0
0
0
0
0
0
0
0
0
0
0
0
0
0
0
0
0
0
0
0
0
0
0
0
0
0
0
0
0
0
0
0
0
0
0
0
0
0
0
0
0
0
0
0
0
0
0
0
0
0
0
0
0
0
0
0
0
0
0
0
0
0
0
0
0
0
0
0
0
0
0
0
0
0
0
0
0
0
0
0
0
0
0
0
0
0
0
0
0
0
0
0
0
0
0
0
0
0
0
0
0
0
0
0
0
0
0
0
0
0
0
0
0
0
0
0
0
0
0
0
0
0
0
0
0
0
0
0
0
0
0
0
0
0
0
0
0
0
0
0
0
0
0
0
0
0
0
0
0
0
0
0
0
0
0
0
0
0
0
0
0
0
0
0
0
0
0
0
0
0
0
0
0
0
0
0
0
0
0
0
0
0
0
0
0
0
0
0
0
0
0
0
0
0
0
0
0
0
0
0
0
0
0
0
0
0
0
0
0
0
0
0
0
0
0
0
0
0
0
0
0
0
0
0
0
0
0
0
0
0
0
0
0
0
0
0
0
0
0
0
0
0
0
0
0
0
0
0
0
0
0
0
0
0
0
0
0
0
0
0
0
0
0
0
0
0
0
0
0
0
0
0
0
0
0
0
0
0
0
0
0
0
0
0
0
0
0
0
0
0
0
0
0
0
0
0
0
0
0
0
0
0
0
0
0
0
0
0
0
0
0
0
0
0
0
0
0
0
0
0
0
0
0
0
0
0
0
0
0
0
0
0
0
0
0
0
0
0
0
0
0
0
0
0
0
0
0
0
0
0
0
0
0
0
0
0
0
0
0
0
0
0
0
0
0
0
0
0
0
0
0
0
0
0
0
0
0
0
0
0
0
0
0
0
0
0
0
0
0
0
0
0
0
0
0
0
0
0
0
0
0
0
0
0
0
0
0
0
0
0
0
0
0
0
0
0
0
0
0
0
0
0
0
0
0
0
0
0
0
0
0
0
0
0
0
0
0
0
0
0
0
0
0
0
0
0
0
0
0
0
0
0
0
0
0
0
0
0
0
0
0
0
0
0
0
0
0
0
0
0
0
0
0
0
0
0
0
0
0
0
0
0
0
0
0
0
0
0
0
0
0
0
0
0
0
0
0
0
0
0
0
0
0
0
0
0
0
0
0
0
0
0
0
0
0
0
0
0
0
0
0
0
0
0
0
0
0
0
0
0
0
0
0
0
0
0
0
0
0
0
0
0
0
0
0
0
0
0
0
0
0
0
0
0
0
0
0
0
0
0
0
0
0
0
0
0
0
0
0
0
0
0
0
0
0
0
0
0
0
0
0
0
0
0
0
0
0
0
0
0
0
0
0
0
0
0
0
0
0
0
0
0
0
0
0
0
0
0
0
0
0
0
0
0
0
0
0
0
0
0
0
0
0
0
0
0
0
0
0
0
0
0
0
0
0
0
0
0
0
0
0
0
0
0
0
0
0
0
0
0
0
0
0
0
0
0
0
0
0
0
0
0
0
0
0
0
0
0
0
0
0
0
0
0
0
0
0
0
0
0
0
0
0
0
0
0
0
0
0
0
0
0
0
0
0
0
0
0
0
0
0
0
0
0
0
0
0
0
0
0
0
0
0
0
0
0
0
0
0
0
0
0
0
0
0
0
0
0
0
0
0
0
0
0
0
0
0
0
0
0
0
0
0
0
0
0
0
0
0
0
0
0
0
0
0
0
0
0
0
0
0
0
0
0
0
0
0
0
0
0
0
0
0
0
0
0
0
0
0
0
0
0
0
0
0
0
0
0
0
0
0
0
0
0
0
0
0
0
0
0
0
0
0
0
0
0
0
0
0
0
0
0
0
0
0
0
0
0
0
0
0
0
0
0
0
0
0
0
0
0
0
0
0
0
0
0
0
0
0
0
0
0
0
0
0
0
0
0
0
0
0
0
0
0
0
0
0
0
0
0
0
0
0
0
0
0
0
0
0
0
0
0
0
0
0
0
0
0
0
0
0
0
0
0
0
0
0
0
0
0
0
0
0
0
0
0
0
0
0
0
0
0
0
0
0
0
0
0
0
0
0
0
0
0
0
0
0
0
0
0
0
0
0
0
0
0
0
0
0
0
0
0
0
0
0
0
0
0
0
0
0
0
0
0
0
0
0
0
0
0
0
0
0
0
0
0
0
0
0
0
0
0
0
0
0
0
0
0
0
0
0
0
0
0
0
0
0
0
0
0
0
0
0
0
0
0
0
0
0
0
0
0
0
0
0
0
0
0
0
0
0
0
0
0
0
0
0
0
0
0
0
0
0
0
0
0
0
0
0
0
0
0
0
0
0
0
0
0
0
0
0
0
0
0
0
0
0
0
0
0
0
0
0
0
0
0
0
0
0
0
0
0
0
0
0
0
0
0
0
0
0
0
0
0
0
0
0
0
0
0
0
0
0
0
0
0
0
0
0
0
0
0
0
0
0
0
0
0
0
0
0
0
0
0
0
0
0
0
0
0
0
0
0
0
0
0
0
0
0
0
0
0
0
0
0
0
0
0
0
0
0
0
0
0
0
0
0
0
0
0
0
0
0
0
0
0
0
0
0
0
0
0
0
0
0
0
0
0
0
0
0
0
0
0
0
0
0
0
0
0
0
0
0
0
0
0
0
0
0
0
0
0
0
0
0
0
0
0
0
0
0
0
0
0
0
0
0
0
0
0
0
0
0
0
0
0
0
0
0
0
0
0
0
0
0
0
0
0
0
0
0
0
0
0
0
0
0
0
0
0
0
0
0
0
0
0
0
0
0
0
0
0
0
0
0
0
0
0
0
0
0
0
0
0
0
0
0
0
0
0
0
0
0
0
0
0
0
0
0
0
0
0
0
0
0
0
0
0
0
0
0
0
0
0
0
0
0
0
0
0
0
0
0
0
0
0
0
0
0
0
0
0
0
0
0
0
0
0
0
0
0
0
0
0
0
0
0
0
0
0
0
0
0
0
0
0
0
0
0
0
0
0
0
0
0
0
0
0
0
0
0
0
0
0
0
0
0
0
0
0
0
0
0
0
0
0
0
0
0
0
0
0
0
0
0
0
0
0
0
0
0
0
0
0
0
0
0
0
0
0
0
0
0
0
0
0
0
0
0
0
0
0
0
0
0
0
0
0
0
0
0
0
0
0
0
0
0
0
0
0
0
0
0
0
0
0
0
0
0
0
0
0
0
0
0
0
0
0
0
0
0
0
0
0
0
0
0
0
0
0
0
0
0
0
0
0
0
0
0
0
0
0
0
0
0
0
0
0
0
0
0
0
0
0
0
0
0
0
0
0
0
0
0
0
0
0
0
0
0
0
0
0
0
0
0
0
0
0
0
0
0
0
0
0
0
0
0
0
0
0
0
0
0
0
0
0
0
0
0
0
0
0
0
0
0
0
0
0
0
0
0
0
0
0
0
0
0
0
0
0
0
0
0
0
0
0
0
0
0
0
0
0
0
0
0
0
0
0
0
0
0
0
0
0
0
0
0
0
0
0
0
0
0
0
0
0
0
0
0
0
0
0
0
0
0
0
0
0
0
0
0
0
0
0
0
0
0
0
0
0
0
0
0
0
0
0
0
0
0
0
0
0
0
0
0
0
0
0
0
0
0
0
0
0
0
0
0
0
0
0
0
0
0
0
0
0
0
0
0
0
0
0
0
0
0
0
0
0
0
0
0
0
0
0
0
0
0
0
0
0
0
0
0
0
0
0
0
0
0
0
0
0
0
0
0
0
0
0
0
0
0
0
0
0
0
0
0
0
0
0
0
0
0
0
0
0
0
0
0
0
0
0
0
0
0
0
0
0
0
0
0
0
0
0
0
0
0
0
0
0
0
0
0
0
0
0
0
0
0
0
0
0
0
0
0
0
0
0
0
0
0
0
0
0
0
0
0
0
0
0
0
0
0
0
0
0
0
0
0
0
0
0
0
0
0
0
0
0
0
0
0
0
0
0
0
0
0
0
0
0
0
0
0
0
0
0
0
0
0
0
0
0
0
0
0
0
0
0
0
0
0
0
0
0
0
0
0
0
0
0
0
0
0
0
0
0
0
0
0
0
0
0
0
0
0
0
0
0
0
0
0
0
0
0
0
0
0
0
0
0
0
0
0
0
0
0
0
0
0
0
0
0
0
0
0
0
0
0
0
0
0
0
0
0
0
0
0
0
0
0
0
0
0
0
0
0
0
0
0
0
0
0
0
0
0
0
0
0
0
0
0
0
0
0
0
0
0
0
0
0
0
0
0
0
0
0
0
0
0
0
0
0
0
0
0
0
0
0
0
0
0
0
0
0
0
0
0
0
0
0
0
0
0
0
0
0
0
0
0
0
0
0
0
0
0
0
0
0
0
0
0
0
0
0
0
0
0
0
0
0
0
0
0
0
0
0
0
0
0
0
0
0
0
0
0
0
0
0
0
0
0
0
0
0
0
0
0
0
0
0
0
0
0
0
0
0
0
0
0
0
0
0
0
0
0
0
0
0
0
0
0
0
0
0
0
0
0
0
0
0
0
0
0
0
0
0
0
0
0
0
0
0
0
0
0
0
0
0
0
0
0
0
0
0
0
0
0
0
0
0
0
0
0
0
0
0
0
0
0
0
0
0
0
0
0
0
0
0
0
0
0
0
0
0
0
0
0
0
0
0
0
0
0
0
0
0
0
0
0
0
0
0
0
0
0
0
0
0
0
0
0
0
0
0
0
0
0
0
0
0
0
0
0
0
0
0
0
0
0
0
0
0
0
0
0
0
0
0
0
0
0
0
0
0
0
0
0
0
0
0
0
0
0
0
0
0
0
0
0
0
0
0
0
0
0
0
0
0
0
0
0
0
0
0
0
0
0
0
0
0
0
0
0
0
0
0
0
0
0
0
0
0
0
0
0
0
0
0
0
0
0
0
0
0
0
0
0
0
0
0
0
0
0
0
0
0
0
0
0
0
0
0
0
0
0
0
0
0
0
0
0
0
0
0
0
0
0
0
0
0
0
0
0
0
0
0
0
0
0
0
0
0
0
0
0
0
0
0
0
0
0
0
0
0
0
0
0
0
0
0
0
0
0
0
0
0
0
0
0
0
0
0
0
0
0
0
0
0
0
0
0
0
0
0
0
0
0
0
0
0
0
0
0
0
0
0
0
0
0
0
0
0
0
0
0
0
0
0
0
0
0
0
0
0
0
0
0
0
0
0
0
0
0
0
0
0
0
0
0
0
0
0
0
0
0
0
0
0
0
0
0
0
0
0
0
0
0
0
0
0
0
0
0
0
0
0
0
0
0
0
0
0
0
0
0
0
0
0
0
0
0
0
0
0
0
0
0
0
0
0
0
0
0
0
0
0
0
0
0
0
0
0
0
0
0
0
0
0
0
0
0
0
0
0
0
0
0
0
0
0
0
0
0
0
0
0
0
0
0
0
0
0
0
0
0
0
0
0
0
0
0
0
0
0
0
0
0
0
0
0
0
0
0
0
0
0
0
0
0
0
0
0
0
0
0
0
0
0
0
0
0
0
0
0
0
0
0
0
0
0
0
0
0
0
0
0
0
0
0
0
0
0
0
0
0
0
0
0
0
0
0
0
0
0
0
0
0
0
0
0
0
0
0
0
0
0
0
0
0
0
0
0
0
0
0
0
0
0
0
0
0
0
0
0
0
0
0
0
0
0
0
0
0
0
0
0
0
0
0
0
0
0
0
0
0
0
0
0
0
0
0
0
0
0
0
0
0
0
0
0
0
0
0
0
0
0
0
0
0
0
0
0
0
0
0
0
0
0
0
0
0
0
0
0
0
0
0
0
0
0
0
0
0
0
0
0
0
0
0
0
0
0
0
0
0
0
0
0
0
0
0
0
0
0
0
0
0
0
0
0
0
0
0
0
0
0
0
0
0
0
0
0
0
0
0
0
0
0
0
0
0
0
0
0
0
0
0
0
0
0
0
0
0
0
0
0
0
0
0
0
0
0
0
0
0
0
0
0
0
0
0
0
0
0
0
0
0
0
0
0
0
0
0
0
0
0
0
0
0
0
0
0
0
0
0
0
0
0
0
0
0
0
0
0
0
0
0
0
0
0
0
0
0
0
0
0
0
0
0
0
0
0
0
0
0
0
0
0
0
0
0
0
0
0
0
0
0
0
0
0
0
0
0
0
0
0
0
0
0
0
0
0
0
0
0
0
0
0
0
0
0
0
0
0
0
0
0
0
0
0
0
0
0
0
0
0
0
0
0
0
0
0
0
0
0
0
0
0
0
0
0
0
0
0
0
0
0
0
0
0
0
0
0
0
0
0
0
0
0
0
0
0
0
0
0
0
0
0
0
0
0
0
0
0
0
0
0
0
0
0
0
0
0
0
0
0
0
0
0
0
0
0
0
0
0
0
0
0
0
0
0
0
0
0
0
0
0
0
0
0
0
0
0
0
0
0
0
0
0
0
0
0
0
0
0
0
0
0
0
0
0
0
0
0
0
0
0
0
0
0
0
0
0
0
0
0
0
0
0
0
0
0
0
0
0
0
0
0
0
0
0
0
0
0
0
0
0
0
0
0
0
0
0
0
0
0
0
0
0
0
0
0
0
0
0
0
0
0
0
0
0
0
0
0
0
0
0
0
0
0
0
0
0
0
0
0
0
0
0
0
0
0
0
0
0
0
0
0
0
0
0
0
0
0
0
0
0
0
0
0
0
0
0
0
0
0
0
0
0
0
0
0
0
0
0
0
0
0
0
0
0
0
0
0
0
0
0
0
0
0
0
0
0
0
0
0
0
0
0
0
0
0
0
0
0
0
0
0
0
0
0
0
0
0
0
0
0
0
0
0
0
0
0
0
0
0
0
0
0
0
0
0
0
0
0
0
0
0
0
0
0
0
0
0
0
0
0
0
0
0
0
0
0
0
0
0
0
0
0
0
0
0
0
0
0
0
0
0
0
0
0
0
0
0
0
0
0
0
0
0
0
0
0
0
0
0
0
0
0
0
0
0
0
0
0
0
0
0
0
0
0
0
0
0
0
0
0
0
0
0
0
0
0
0
0
0
0
0
0
0
0
0
0
0
0
0
0
0
0
0
0
0
0
0
0
0
0
0
0
0
0
0
0
0
0
0
0
0
0
0
0
0
0
0
0
0
0
0
0
0
0
0
0
0
0
0
0
0
0
0
0
0
0
0
0
0
0
0
0
0
0
0
0
0
0
0
0
0
0
0
0
0
0
0
0
0
0
0
0
0
0
0
0
0
0
0
0
0
0
0
0
0
0
0
0
0
0
0
0
0
0
0
0
0
0
0
0
0
0
0
0
0
0
0
0
0
0
0
0
0
0
0
0
0
0
0
0
0
0
0
0
0
0
0
0
0
0
0
0
0
0
0
0
0
0
0
0
0
0
0
0
0
0
0
0
0
0
0
0
0
0
0
0
0
0
0
0
0
0
0
0
0
0
0
0
0
0
0
0
0
0
0
0
0
0
0
0
0
0
0
0
0
0
0
0
0
0
0
0
0
0
0
0
0
0
0
0
0
0
0
0
0
0
0
0
0
0
0
0
0
0
0
0
0
0
0
0
0
0
0
0
0
0
0
0
0
0
0
0
0
0
0
0
0
0
0
0
0
0
0
0
0
0
0
0
0
0
0
0
0
0
0
0
0
0
0
0
0
0
0
0
0
0
0
0
0
0
0
0
0
0
0
0
0
0
0
0
0
0
0
0
0
0
0
0
0
0
0
0
0
0
0
0
0
0
0
0
0
0
0
0
0
0
0
0
0
0
0
0
0
0
0
0
0
0
0
0
0
0
0
0
0
0
0
0
0
0
0
0
0
0
0
0
0
0
0
0
0
0
0
0
0
0
0
0
0
0
0
0
0
0
0
0
0
0
0
0
0
0
0
0
0
0
0
0
0
0
0
0
0
0
0
0
0
0
0
0
0
0
0
0
0
0
0
0
0
0
0
0
0
0
0
0
0
0
0
0
0
0
0
0
0
0
0
0
0
0
0
0
0
0
0
0
0
0
0
0
0
0
0
0
0
0
0
0
0
0
0
0
0
0
0
0
0
0
0
0
0
0
0
0
0
0
0
0
0
0
0
0
0
0
0
0
0
0
0
0
0
0
0
0
0
0
0
0
0
0
0
0
0
0
0
0
0
0
0
0
0
0
0
0
0
0
0
0
0
0
0
0
0
0
0
0
0
0
0
0
0
0
0
0
0
0
0
0
0
0
0
0
0
0
0
0
0
0
0
0
0
0
0
0
0
0
0
0
0
0
0
0
0
0
0
0
0
0
0
0
0
0
0
0
0
0
0
0
0
0
0
0
0
0
0
0
0
0
0
0
0
0
0
0
0
0
0
0
0
0
0
0
0
0
0
0
0
0
0
0
0
0
0
0
0
0
0
0
0
0
0
0
0
0
0
0
0
0
0
0
0
0
0
0
0
0
0
0
0
0
0
0
0
0
0
0
0
0
0
0
0
0
0
0
0
0
0
0
0
0
0
0
0
0
0
0
0
0
0
0
0
0
0
0
0
0
0
0
0
0
0
0
0
0
0
0
0
0
0
0
0
0
0
0
0
0
0
0
0
0
0
0
0
0
0
0
0
0
0
0
0
0
0
0
0
0
0
0
0
0
0
0
0
0
0
0
0
0
0
0
0
0
0
0
0
0
0
0
0
0
0
0
0
0
0
0
0
0
0
0
0
0
0
0
0
0
0
0
0
0
0
0
0
0
0
0
0
0
0
0
0
0
0
0
0
0
0
0
0
0
0
0
0
0
0
0
0
0
0
0
0
0
0
0
0
0
0
0
0
0
0
0
0
0
0
0
0
0
0
0
0
0
0
0
0
0
0
0
0
0
0
0
0
0
0
0
0
0
0
0
0
0
0
0
0
0
0
0
0
0
0
0
0
0
0
0
0
0
0
0
0
0
0
0
0
0
0
0
0
0
0
0
0
0
0
0
0
0
0
0
0
0
0
0
0
0
0
0
0
0
0
0
0
0
0
0
0
0
0
0
0
0
0
0
0
0
0
0
0
0
0
0
0
0
0
0
0
0
0
0
0
0
0
0
0
0
0
0
0
0
0
0
0
0
0
0
0
0
0
0
0
0
0
0
0
0
0
0
0
0
0
0
0
0
0
0
0
0
0
0
0
0
0
0
0
0
0
0
0
0
0
0
0
0
0
0
0
0
0
0
0
0
0
0
0
0
0
0
0
0
0
0
0
0
0
0
0
0
0
0
0
0
0
0
0
0
0
0
0
0
0
0
0
0
0
0
0
0
0
0
0
0
0
0
0
0
0
0
0
0
0
0
0
0
0
0
0
0
0
0
0
0
0
0
0
0
0
0
0
0
0
0
0
0
0
0
0
0
0
0
0
0
0
0
0
0
0
0
0
0
0
0
0
0
0
0
0
0
0
0
0
0
0
0
0
0
0
0
0
0
0
0
0
0
0
0
0
0
0
0
0
0
0
0
0
0
0
0
0
0
0
0
0
0
0
0
0
0
0
0
0
0
0
0
0
0
0
0
0
0
0
0
0
0
0
0
0
0
0
0
0
0
0
0
0
0
0
0
0
0
0
0
0
0
0
0
0
0
0
0
0
0
0
0
0
0
0
0
0
0
0
0
0
0
0
0
0
0
0
0
0
0
0
0
0
0
0
0
0
0
0
0
0
0
0
0
0
0
0
0
0
0
0
0
0
0
0
0
0
0
0
0
0
0
0
0
0
0
0
0
0
0
0
0
0
0
0
0
0
0
0
0
0
0
0
0
0
0
0
0
0
0
0
0
0
0
0
0
0
0
0
0
0
0
0
0
0
0
0
0
0
0
0
0
0
0
0
0
0
0
0
0
0
0
0
0
0
0
0
0
0
0
0
0
0
0
0
0
0
0
0
0
0
0
0
0
0
0
0
0
0
0
0
0
0
0
0
0
0
0
0
0
0
0
0
0
0
0
0
0
0
0
0
0
0
0
0
0
0
0
0
0
0
0
0
0
0
0
0
0
0
0
0
0
0
0
0
0
0
0
0
0
0
0
0
0
0
0
0
0
0
0
0
0
0
0
0
0
0
0
0
0
0
0
0
0
0
0
0
0
0
0
0
0
0
0
0
0
0
0
0
0
0
0
0
0
0
0
0
0
0
0
0
0
0
0
0
0
0
0
0
0
0
0
0
0
0
0
0
0
0
0
0
0
0
0
0
0
0
0
0
0
0
0
0
0
0
0
0
0
0
0
0
0
0
0
0
0
0
0
0
0
0
0
0
0
0
0
0
0
0
0
0
0
0
0
0
0
0
0
0
0
0
0
0
0
0
0
0
0
0
0
0
0
0
0
0
0
0
0
0
0
0
0
0
0
0
0
0
0
0
0
0
0
0
0
0
0
0
0
0
0
0
0
0
0
0
0
0
0
0
0
0
0
0
0
0
0
0
0
0
0
0
0
0
0
0
0
0
0
0
0
0
0
0
0
0
0
0
0
0
0
0
0
0
0
0
0
0
0
0
0
0
0
0
0
0
0
0
0
0
0
0
0
0
0
0
0
0
0
0
0
0
0
0
0
0
0
0
0
0
0
0
0
0
0
0
0
0
0
0
0
0
0
0
0
0
0
0
0
0
0
0
0
0
0
0
0
0
0
0
0
0
0
0
0
0
0
0
0
0
0
0
0
0
0
0
0
0
0
0
0
0
0
0
0
0
0
0
0
0
0
0
0
0
0
0
0
0
0
0
0
0
0
0
0
0
0
0
0
0
0
0
0
0
0
0
0
0
0
0
0
0
0
0
0
0
0
0
0
0
0
0
0
0
0
0
0
0
0
0
0
0
0
0
0
0
0
0
0
0
0
0
0
0
0
0
0
0
0
0
0
0
0
0
0
0
0
0
0
0
0
0
0
0
0
0
0
0
0
0
0
0
0
0
0
0
0
0
0
0
0
0
0
0
0
0
0
0
0
0
0
0
0
0
0
0
0
0
0
0
0
0
0
0
0
0
0
0
0
0
0
0
0
0
0
0
0
0
0
0
0
0
0
0
0
0
0
0
0
0
0
0
0
0
0
0
0
0
0
0
0
0
0
0
0
0
0
0
0
0
0
0
0
0
0
0
0
0
0
0
0
0
0
0
0
0
0
0
0
0
0
0
0
0
0
0
0
0
0
0
0
0
0
0
0
0
0
0
0
0
0
0
0
0
0
0
0
0
0
0
0
0
0
0
0
0
0
0
0
0
0
0
0
0
0
0
0
0
0
0
0
0
0
0
0
0
0
0
0
0
0
0
0
0
0
0
0
0
0
0
0
0
0
0
0
0
0
0
0
0
0
0
0
0
0
0
0
0
0
0
0
0
0
0
0
0
0
0
0
0
0
0
0
0
0
0
0
0
0
0
0
0
0
0
0
0
0
0
0
0
0
0
0
0
0
0
0
0
0
0
0
0
0
0
0
0
0
0
0
0
0
0
0
0
0
0
0
0
0
0
0
0
0
0
0
0
0
0
0
0
0
0
0
0
0
0
0
0
0
0
0
0
0
0
0
0
0
0
0
0
0
0
0
0
0
0
0
0
0
0
0
0
0
0
0
0
0
0
0
0
0
0
0
0
0
0
0
0
0
0
0
0
0
0
0
0
0
0
0
0
0
0
0
0
0
0
0
0
0
0
0
0
0
0
0
0
0
0
0
0
0
0
0
0
0
0
0
0
0
0
0
0
0
0
0
0
0
0
0
0
0
0
0
0
0
0
0
0
0
0
0
0
0
0
0
0
0
0
0
0
0
0
0
0
0
0
0
0
0
0
0
0
0
0
0
0
0
0
0
0
0
0
0
0
0
0
0
0
0
0
0
0
0
0
0
0
0
0
0
0
0
0
0
0
0
0
0
0
0
0
0
0
0
0
0
0
0
0
0
0
0
0
0
0
0
0
0
0
0
0
0
0
0
0
0
0
0
0
0
0
0
0
0
0
0
0
0
0
0
0
0
0
0
0
0
0
0
0
0
0
0
0
0
0
0
0
0
0
0
0
0
0
0
0
0
0
0
0
0
0
0
0
0
0
0
0
0
0
0
0
0
0
0
0
0
0
0
0
0
0
0
0
0
0
0
0
0
0
0
0
0
0
0
0
0
0
0
0
0
0
0
0
0
0
0
0
0
0
0
0
0
0
0
0
0
0
0
0
0
0
0
0
0
0
0
0
0
0
0
0
0
0
0
0
0
0
0
0
0
0
0
0
0
0
0
0
0
0
0
0
0
0
0
0
0
0
0
0
0
0
0
0
0
0
0
0
0
0
0
0
0
0
0
0
0
0
0
0
0
0
0
0
0
0
0
0
0
0
0
0
0
0
0
0
0
0
0
0
0
0
0
0
0
0
0
0
0
0
0
0
0
0
0
0
0
0
0
0
0
0
0
0
0
0
0
0
0
0
0
0
0
0
0
0
0
0
0
0
0
0
0
0
0
0
0
0
0
0
0
0
0
0
0
0
0
0
0
0
0
0
0
0
0
0
0
0
0
0
0
0
0
0
0
0
0
0
0
0
0
0
0
0
0
0
0
0
0
0
0
0
0
0
0
0
0
0
0
0
0
0
0
0
0
0
0
0
0
0
0
0
0
0
0
0
0
0
0
0
0
0
0
0
0
0
0
0
0
0
0
0
0
0
0
0
0
0
0
0
0
0
0
0
0
0
0
0
0
0
0
0
0
0
0
0
0
0
0
0
0
0
0
0
0
0
0
0
0
0
0
0
0
0
0
0
0
0
0
0
0
0
0
0
0
0
0
0
0
0
0
0
0
0
0
0
0
0
0
0
0
0
0
0
0
0
0
0
0
0
0
0
0
0
0
0
0
0
0
0
0
0
0
0
0
0
0
0
0
0
0
0
0
0
0
0
0
0
0
0
0
0
0
0
0
0
0
0
0
0
0
0
0
0
0
0
0
0
0
0
0
0
0
0
0
0
0
0
0
0
0
0
0
0
0
0
0
0
0
0
0
0
0
0
0
0
0
0
0
0
0
0
0
0
0
0
0
0
0
0
0
0
0
0
0
0
0
0
0
0
0
0
0
0
0
0
0
0
0
0
0
0
0
0
0
0
0
0
0
0
0
0
0
0
0
0
0
0
0
0
0
0
0
0
0
0
0
0
0
0
0
0
0
0
0
0
0
0
0
0
0
0
0
0
0
0
0
0
0
0
0
0
0
0
0
0
0
0
0
0
0
0
0
0
0
0
0
0
0
0
0
0
0
0
0
0
0
0
0
0
0
0
0
0
0
0
0
0
0
0
0
0
0
0
0
0
0
0
0
0
0
0
0
0
0
0
0
0
0
0
0
0
0
0
0
0
0
0
0
0
0
0
0
0
0
0
0
0
0
0
0
0
0
0
0
0
0
0
0
0
0
0
0
0
0
0
0
0
0
0
0
0
0
0
0
0
0
0
0
0
0
0
0
0
0
0
0
0
0
0
0
0
0
0
0
0
0
0
0
0
0
0
0
0
0
0
0
0
0
0
0
0
0
0
0
0
0
0
0
0
0
0
0
0
0
0
0
0
0
0
0
0
0
0
0
0
0
0
0
0
0
0
0
0
0
0
0
0
0
0
0
0
0
0
0
0
0
0
0
0
0
0
0
0
0
0
0
0
0
0
0
0
0
0
0
0
0
0
0
0
0
0
0
0
0
0
0
0
0
0
0
0
0
0
0
0
0
0
0
0
0
0
0
0
0
0
0
0
0
0
0
0
0
0
0
0
0
0
0
0
0
0
0
0
0
0
0
0
0
0
0
0
0
0
0
0
0
0
0
0
0
0
0
0
0
0
0
0
0
0
0
0
0
0
0
0
0
0
0
0
0
0
0
0
0
0
0
0
0
0
0
0
0
0
0
0
0
0
0
0
0
0
0
0
0
0
0
0
0
0
0
0
0
0
0
0
0
0
0
0
0
0
0
0
0
0
0
0
0
0
0
0
0
0
0
0
0
0
0
0
0
0
0
0
0
0
0
0
0
0
0
0
0
0
0
0
0
0
0
0
0
0
0
0
0
0
0
0
0
0
0
0
0
0
0
0
0
0
0
0
0
0
0
0
0
0
0
0
0
0
0
0
0
0
0
0
0
0
0
0
0
0
0
0
0
0
0
0
0
0
0
0
0
0
0
0
0
0
0
0
0
0
0
0
0
0
0
0
0
0
0
0
0
0
0
0
0
0
0
0
0
0
0
0
0
0
0
0
0
0
0
0
0
0
0
0
0
0
0
0
0
0
0
0
0
0
0
0
0
0
0
0
0
0
0
0
0
0
0
0
0
0
0
0
0
0
0
0
0
0
0
0
0
0
0
0
0
0
0
0
0
0
0
0
0
0
0
0
0
0
0
0
0
0
0
0
0
0
0
0
0
0
0
0
0
0
0
0
0
0
0
0
0
0
0
0
0
0
0
0
0
0
0
0
0
0
0
0
0
0
0
0
0
0
0
0
0
0
0
0
0
0
0
0
0
0
0
0
0
0
0
0
0
0
0
0
0
0
0
0
0
0
0
0
0
0
0
0
0
0
0
0
0
0
0
0
0
0
0
0
0
0
0
0
0
0
0
0
0
0
0
0
0
0
0
0
0
0
0
0
0
0
0
0
0
0
0
0
0
0
0
0
0
0
0
0
0
0
0
0
0
0
0
0
0
0
0
0
0
0
0
0
0
0
0
0
0
0
0
0
0
0
0
0
0
0
0
0
0
0
0
0
0
0
0
0
0
0
0
0
0
0
0
0
0
0
0
0
0
0
0
0
0
0
0
0
0
0
0
0
0
0
0
0
0
0
0
0
0
0
0
0
0
0
0
0
0
0
0
0
0
0
0
0
0
0
0
0
0
0
0
0
0
0
0
0
0
0
0
0
0
0
0
0
0
0
0
0
0
0
0
0
0
0
0
0
0
0
0
0
0
0
0
0
0
0
0
0
0
0
0
0
0
0
0
0
0
0
0
0
0
0
0
0
0
0
0
0
0
0
0
0
0
0
0
0
0
0
0
0
0
0
0
0
0
0
0
0
0
0
0
0
0
0
0
0
0
0
0
0
0
0
0
0
0
0
0
0
0
0
0
0
0
0
0
0
0
0
0
0
0
0
0
0
0
0
0
0
0
0
0
0
0
0
0
0
0
0
0
0
0
0
0
0
0
0
0
0
0
0
0
0
0
0
0
0
0
0
0
0
0
0
0
0
0
0
0
0
0
0
0
0
0
0
0
0
0
0
0
0
0
0
0
0
0
0
0
0
0
0
0
0
0
0
0
0
0
0
0
0
0
0
0
0
0
0
0
0
0
0
0
0
0
0
0
0
0
0
0
0
0
0
0
0
0
0
0
0
0
0
0
0
0
0
0
0
0
0
0
0
0
0
0
0
0
0
0
0
0
0
0
0
0
0
0
0
0
0
0
0
0
0
0
0
0
0
0
0
0
0
0
0
0
0
0
0
0
0
0
0
0
0
0
0
0
0
0
0
0
0
0
0
0
0
0
0
0
0
0
0
0
0
0
0
0
0
0
0
0
0
0
0
0
0
0
0
0
0
0
0
0
0
0
0
0
0
0
0
0
0
0
0
0
0
0
0
0
0
0
0
0
0
0
0
0
0
0
0
0
0
0
0
0
0
0
0
0
0
0
0
0
0
0
0
0
0
0
0
0
0
0
0
0
0
0
0
0
0
0
0
0
0
0
0
0
0
0
0
0
0
0
0
0
0
0
0
0
0
0
0
0
0
0
0
0
0
0
0
0
0
0
0
0
0
0
0
0
0
0
0
0
0
0
0
0
0
0
0
0
0
0
0
0
0
0
0
0
0
0
0
0
0
0
0
0
0
0
0
0
0
0
0
0
0
0
0
0
0
0
0
0
0
0
0
0
0
0
0
0
0
0
0
0
0
0
0
0
0
0
0
0
0
0
0
0
0
0
0
0
0
0
0
0
0
0
0
0
0
0
0
0
0
0
0
0
0
0
0
0
0
0
0
0
0
0
0
0
0
0
0
0
0
0
0
0
0
0
0
0
0
0
0
0
0
0
0
0
0
0
0
0
0
0
0
0
0
0
0
0
0
0
0
0
0
0
0
0
0
0
0
0
0
0
0
0
0
0
0
0
0
0
0
0
0
0
0
0
0
0
0
0
0
0
0
0
0
0
0
0
0
0
0
0
0
0
0
0
0
0
0
0
0
0
0
0
0
0
0
0
0
0
0
0
0
0
0
0
0
0
0
0
0
0
0
0
0
0
0
0
0
0
0
0
0
0
0
0
0
0
0
0
0
0
0
0
0
0
0
0
0
0
0
0
0
0
0
0
0
0
0
0
0
0
0
0
0
0
0
0
0
0
0
0
0
0
0
0
0
0
0
0
0
0
0
0
0
0
0
0
0
0
0
0
0
0
0
0
0
0
0
0
0
0
0
0
0
0
0
0
0
0
0
0
0
0
0
0
0
0
0
0
0
0
0
0
0
0
0
0
0
0
0
0
0
0
0
0
0
0
0
0
0
0
0
0
0
0
0
0
0
0
0
0
0
0
0
0
0
0
0
0
0
0
0
0
0
0
0
0
0
0
0
0
0
0
0
0
0
0
0
0
0
0
0
0
0
0
0
0
0
0
0
0
0
0
0
0
0
0
0
0
0
0
0
0
0
0
0
0
0
0
0
0
0
0
0
0
0
0
0
0
0
0
0
0
0
0
0
0
0
0
0
0
0
0
0
0
0
0
0
0
0
0
0
0
0
0
0
0
0
0
0
0
0
0
0
0
0
0
0
0
0
0
0
0
0
0
0
0
0
0
0
0
0
0
0
0
0
0
0
0
0
0
0
0
0
0
0
0
0
0
0
0
0
0
0
0
0
0
0
0
0
0
0
0
0
0
0
0
0
0
0
0
0
0
0
0
0
0
0
0
0
0
0
0
0
0
0
0
0
0
0
0
0
0
0
0
0
0
0
0
0
0
0
0
0
0
0
0
0
0
0
0
0
0
0
0
0
0
0
0
0
0
0
0
0
0
0
0
0
0
0
0
0
0
0
0
0
0
0
0
0
0
0
0
0
0
0
0
0
0
0
0
0
0
0
0
0
0
0
0
0
0
0
0
0
0
0
0
0
0
0
0
0
0
0
0
0
0
0
0
0
0
0
0
0
0
0
0
0
0
0
0
0
0
0
0
0
0
0
0
0
0
0
0
0
0
0
0
0
0
0
0
0
0
0
0
0
0
0
0
0
0
0
0
0
0
0
0
0
0
0
0
0
0
0
0
0
0
0
0
0
0
0
0
0
0
0
0
0
0
0
0
0
0
0
0
0
0
0
0
0
0
0
0
0
0
0
0
0
0
0
0
0
0
0
0
0
0
0
0
0
0
0
0
0
0
0
0
0
0
0
0
0
0
0
0
0
0
0
0
0
0
0
0
0
0
0
0
0
0
0
0
0
0
0
0
0
0
0
0
0
0
0
0
0
0
0
0
0
0
0
0
0
0
0
0
0
0
0
0
0
0
0
0
0
0
0
0
0
0
0
0
0
0
0
0
0
0
0
0
0
0
0
0
0
0
0
0
0
0
0
0
0
0
0
0
0
0
0
0
0
0
0
0
0
0
0
0
0
0
0
0
0
0
0
0
0
0
0
0
0
0
0
0
0
0
0
0
0
0
0
0
0
0
0
0
0
0
0
0
0
0
0
0
0
0
0
0
0
0
0
0
0
0
0
0
0
0
0
0
0
0
0
0
0
0
0
0
0
0
0
0
0
0
0
0
0
0
0
0
0
0
0
0
0
0
0
0
0
0
0
0
0
0
0
0
0
0
0
0
0
0
0
0
0
0
0
0
0
0
0
0
0
0
0
0
0
0
0
0
0
0
0
0
0
0
0
0
0
0
0
0
0
0
0
0
0
0
0
0
0
0
0
0
0
0
0
0
0
0
0
0
0
0
0
0
0
0
0
0
0
0
0
0
0
0
0
0
0
0
0
0
0
0
0
0
0
0
0
0
0
0
0
0
0
0
0
0
0
0
0
0
0
0
0
0
0
0
0
0
0
0
0
0
0
0
0
0
0
0
0
0
0
0
0
0
0
0
0
0
0
0
0
0
0
0
0
0
0
0
0
0
0
0
0
0
0
0
0
0
0
0
0
0
0
0
0
0
0
0
0
0
0
0
0
0
0
0
0
0
0
0
0
0
0
0
0
0
0
0
0
0
0
0
0
0
0
0
0
0
0
0
0
0
0
0
0
0
0
0
0
0
0
0
0
0
0
0
0
0
0
0
0
0
0
0
0
0
0
0
0
0
0
0
0
0
0
0
0
0
0
0
0
0
0
0
0
0
0
0
0
0
0
0
0
0
0
0
0
0
0
0
0
0
0
0
0
0
0
0
0
0
0
0
0
0
0
0
0
0
0
0
0
0
0
0
0
0
0
0
0
0
0
0
0
0
0
0
0
0
0
0
0
0
0
0
0
0
0
0
0
0
0
0
0
0
0
0
0
0
0
0
0
0
0
0
0
0
0
0
0
0
0
0
0
0
0
0
0
0
0
0
0
0
0
0
0
0
0
0
0
0
0
0
0
0
0
0
0
0
0
0
0
0
0
0
0
0
0
0
0
0
0
0
0
0
0
0
0
0
0
0
0
0
0
0
0
0
0
0
0
0
0
0
0
0
0
0
0
0
0
0
0
0
0
0
0
0
0
0
0
0
0
0
0
0
0
0
0
0
0
0
0
0
0
0
0
0
0
0
0
0
0
0
0
0
0
0
0
0
0
0
0
0
0
0
0
0
0
0
0
0
0
0
0
0
0
0
0
0
0
0
0
0
0
0
0
0
0
0
0
0
0
0
0
0
0
0
0
0
0
0
0
0
0
0
0
0
0
0
0
0
0
0
0
0
0
0
0
0
0
0
0
0
0
0
0
0
0
0
0
0
0
0
0
0
0
0
0
0
0
0
0
0
0
0
0
0
0
0
0
0
0
0
0
0
0
0
0
0
0
0
0
0
0
0
0
0
0
0
0
0
0
0
0
0
0
0
0
0
0
0
0
0
0
0
0
0
0
0
0
0
0
0
0
0
0
0
0
0
0
0
0
0
0
0
0
0
0
0
0
0
0
0
0
0
0
0
0
0
0
0
0
0
0
0
0
0
0
0
0
0
0
0
0
0
0
0
0
0
0
0
0
0
0
0
0
0
0
0
0
0
0
0
0
0
0
0
0
0
0
0
0
0
0
0
0
0
0
0
0
0
0
0
0
0
0
0
0
0
0
0
0
0
0
0
0
0
0
0
0
0
0
0
0
0
0
0
0
0
0
0
0
0
0
0
0
0
0
0
0
0
0
0
0
0
0
0
0
0
0
0
0
0
0
0
0
0
0
0
0
0
0
0
0
0
0
0
0
0
0
0
0
0
0
0
0
0
0
0
0
0
0
0
0
0
0
0
0
0
0
0
0
0
0
0
0
0
0
0
0
0
0
0
0
0
0
0
0
0
0
0
0
0
0
0
0
0
0
0
0
0
0
0
0
0
0
0
0
0
0
0
0
0
0
0
0
0
0
0
0
0
0
0
0
0
0
0
0
0
0
0
0
0
0
0
0
0
0
0
0
0
0
0
0
0
0
0
0
0
0
0
0
0
0
0
0
0
0
0
0
0
0
0
0
0
0
0
0
0
0
0
0
0
0
0
0
0
0
0
0
0
0
0
0
0
0
0
0
0
0
0
0
0
0
0
0
0
0
0
0
0
0
0
0
0
0
0
0
0
0
0
0
0
0
0
0
0
0
0
0
0
0
0
0
0
0
0
0
0
0
0
0
0
0
0
0
0
0
0
0
0
0
0
0
0
0
0
0
0
0
0
0
0
0
0
0
0
0
0
0
0
0
0
0
0
0
0
0
0
0
0
0
0
0
0
0
0
0
0
0
0
0
0
0
0
0
0
0
0
0
0
0
0
0
0
0
0
0
0
0
0
0
0
0
0
0
0
0
0
0
0
0
0
0
0
0
0
0
0
0
0
0
0
0
0
0
0
0
0
0
0
0
0
0
0
0
0
0
0
0
0
0
0
0
0
0
0
0
0
0
0
0
0
0
0
0
0
0
0
0
0
0
0
0
0
0
0
0
0
0
0
0
0
0
0
0
0
0
0
0
0
0
0
0
0
0
0
0
0
0
0
0
0
0
0
0
0
0
0
0
0
0
0
0
0
0
0
0
0
0
0
0
0
0
0
0
0
0
0
0
0
0
0
0
0
0
0
0
0
0
0
0
0
0
0
0
0
0
0
0
0
0
0
0
0
0
0
0
0
0
0
0
0
0
0
0
0
0
0
0
0
0
0
0
0
0
0
0
0
0
0
0
0
0
0
0
0
0
0
0
0
0
0
0
0
0
0
0
0
0
0
0
0
0
0
0
0
0
0
0
0
0
0
0
0
0
0
0
0
0
0
0
0
0
0
0
0
0
0
0
0
0
0
0
0
0
0
0
0
0
0
0
0
0
0
0
0
0
0
0
0
0
0
0
0
0
0
0
0
0
0
0
0
0
0
0
0
0
0
0
0
0
0
0
0
0
0
0
0
0
0
0
0
0
0
0
0
0
0
0
0
0
0
0
0
0
0
0
0
0
0
0
0
0
0
0
0
0
0
0
0
0
0
0
0
0
0
0
0
0
0
0
0
0
0
0
0
0
0
0
0
0
0
0
0
0
0
0
0
0
0
0
0
0
0
0
0
0
0
0
0
0
0
0
0
0
0
0
0
0
0
0
0
0
0
0
0
0
0
0
0
0
0
0
0
0
0
0
0
0
0
0
0
0
0
0
0
0
0
0
0
0
0
0
0
0
0
0
0
0
0
0
0
0
0
0
0
0
0
0
0
0
0
0
0
0
0
0
0
0
0
0
0
0
0
0
0
0
0
0
0
0
0
0
0
0
0
0
0
0
0
0
0
0
0
0
0
0
0
0
0
0
0
0
0
0
0
0
0
0
0
0
0
0
0
0
0
0
0
0
0
0
0
0
0
0
0
0
0
0
0
0
0
0
0
0
0
0
0
0
0
0
0
0
0
0
0
0
0
0
0
0
0
0
0
0
0
0
0
0
0
0
0
0
0
0
0
0
0
0
0
0
0
0
0
0
0
0
0
0
0
0
0
0
0
0
0
0
0
0
0
0
0
0
0
0
0
0
0
0
0
0
0
0
0
0
0
0
0
0
0
0
0
0
0
0
0
0
0
0
0
0
0
0
0
0
0
0
0
0
0
0
0
0
0
0
0
0
0
0
0
0
0
0
0
0
0
0
0
0
0
0
0
0
0
0
0
0
0
0
0
0
0
0
0
0
0
0
0
0
0
0
0
0
0
0
0
0
0
0
0
0
0
0
0
0
0
0
0
0
0
0
0
0
0
0
0
0
0
0
0
0
0
0
0
0
0
0
0
0
0
0
0
0
0
0
0
0
0
0
0
0
0
0
0
0
0
0
0
0
0
0
0
0
0
0
0
0
0
0
0
0
0
0
0
0
0
0
0
0
0
0
0
0
0
0
0
0
0
0
0
0
0
0
0
0
0
0
0
0
0
0
0
0
0
0
0
0
0
0
0
0
0
0
0
0
0
0
0
0
0
0
0
0
0
0
0
0
0
0
0
0
0
0
0
0
0
0
0
0
0
0
0
0
0
0
0
0
0
0
0
0
0
0
0
0
0
0
0
0
0
0
0
0
0
0
0
0
0
0
0
0
0
0
0
0
0
0
0
0
0
0
0
0
0
0
0
0
0
0
0
0
0
0
0
0
0
0
0
0
0
0
0
0
0
0
0
0
0
0
0
0
0
0
0
0
0
0
0
0
0
0
0
0
0
0
0
0
0
0
0
0
0
0
0
0
0
0
0
0
0
0
0
0
0
0
0
0
0
0
0
0
0
0
0
0
0
0
0
0
0
0
0
0
0
0
0
0
0
0
0
0
0
0
0
0
0
0
0
0
0
0
0
0
0
0
0
0
0
0
0
0
0
0
0
0
0
0
0
0
0
0
0
0
0
0
0
0
0
0
0
0
0
0
0
0
0
0
0
0
0
0
0
0
0
0
0
0
0
0
0
0
0
0
0
0
0
0
0
0
0
0
0
0
0
0
0
0
0
0
0
0
0
0
0
0
0
0
0
0
0
0
0
0
0
0
0
0
0
0
0
0
0
0
0
0
0
0
0
0
0
0
0
0
0
0
0
0
0
0
0
0
0
0
0
0
0
0
0
0
0
0
0
0
0
0
0
0
0
0
0
0
0
0
0
0
0
0
0
0
0
0
0
0
0
0
0
0
0
0
0
0
0
0
0
0
0
0
0
0
0
0
0
0
0
0
0
0
0
0
0
0
0
0
0
0
0
0
0
0
0
0
0
0
0
0
0
0
0
0
0
0
0
0
0
0
0
0
0
0
0
0
0
0
0
0
0
0
0
0
0
0
0
0
0
0
0
0
0
0
0
0
0
0
0
0
0
0
0
0
0
0
0
0
0
0
0
0
0
0
0
0
0
0
0
0
0
0
0
0
0
0
0
0
0
0
0
0
0
0
0
0
0
0
0
0
0
0
0
0
0
0
0
0
0
0
0
0
0
0
0
0
0
0
0
0
0
0
0
0
0
0
0
0
0
0
0
0
0
0
0
0
0
0
0
0
0
0
0
0
0
0
0
0
0
0
0
0
0
0
0
0
0
0
0
0
0
0
0
0
0
0
0
0
0
0
0
0
0
0
0
0
0
0
0
0
0
0
0
0
0
0
0
0
0
0
0
0
0
0
0
0
0
0
0
0
0
0
0
0
0
0
0
0
0
0
0
0
0
0
0
0
0
0
0
0
0
0
0
0
0
0
0
0
0
0
0
0
0
0
0
0
0
0
0
0
0
0
0
0
0
0
0
0
0
0
0
0
0
0
0
0
0
0
0
0
0
0
0
0
0
0
0
0
0
0
0
0
0
0
0
0
0
0
0
0
0
0
0
0
0
0
0
0
0
0
0
0
0
0
0
0
0
0
0
0
0
0
0
0
0
0
0
0
0
0
0
0
0
0
0
0
0
0
0
0
0
0
0
0
0
0
0
0
0
0
0
0
0
0
0
0
0
0
0
0
0
0
0
0
0
0
0
0
0
0
0
0
0
0
0
0
0
0
0
0
0
0
0
0
0
0
0
0
0
0
0
0
0
0
0
0
0
0
0
0
0
0
0
0
0
0
0
0
0
0
0
0
0
0
0
0
0
0
0
0
0
0
0
0
0
0
0
0
0
0
0
0
0
0
0
0
0
0
0
0
0
0
0
0
0
0
0
0
0
0
0
0
0
0
0
0
0
0
0
0
0
0
0
0
0
0
0
0
0
0
0
0
0
0
0
0
0
0
0
0
0
0
0
0
0
0
0
0
0
0
0
0
0
0
0
0
0
0
0
0
0
0
0
0
0
0
0
0
0
0
0
0
0
0
0
0
0
0
0
0
0
0
0
0
0
0
0
0
0
0
0
0
0
0
0
0
0
0
0
0
0
0
0
0
0
0
0
0
0
0
0
0
0
0
0
0
0
0
0
0
0
0
0
0
0
0
0
0
0
0
0
0
0
0
0
0
0
0
0
0
0
0
0
0
0
0
0
0
0
0
0
0
0
0
0
0
0
0
0
0
0
0
0
0
0
0
0
0
0
0
0
0
0
0
0
0
0
0
0
0
0
0
0
0
0
0
0
0
0
0
0
0
0
0
0
0
0
0
0
0
0
0
0
0
0
0
0
0
0
0
0
0
0
0
0
0
0
0
0
0
0
0
0
0
0
0
0
0
0
0
0
0
0
0
0
0
0
0
0
0
0
0
0
0
0
0
0
0
0
0
0
0
0
0
0
0
0
0
0
0
0
0
0
0
0
0
0
0
0
0
0
0
0
0
0
0
0
0
0
0
0
0
0
0
0
0
0
0
0
0
0
0
0
0
0
0
0
0
0
0
0
0
0
0
0
0
0
0
0
0
0
0
0
0
0
0
0
0
0
0
0
0
0
0
0
0
0
0
0
0
0
0
0
0
0
0
0
0
0
0
0
0
0
0
0
0
0
0
0
0
0
0
0
0
0
0
0
0
0
0
0
0
0
0
0
0
0
0
0
0
0
0
0
0
0
0
0
0
0
0
0
0
0
0
0
0
0
0
0
0
0
0
0
0
0
0
0
0
0
0
0
0
0
0
0
0
0
0
0
0
0
0
0
0
0
0
0
0
0
0
0
0
0
0
0
0
0
0
0
0
0
0
0
0
0
0
0
0
0
0
0
0
0
0
0
0
0
0
0
0
0
0
0
0
0
0
0
0
0
0
0
0
0
0
0
0
0
0
0
0
0
0
0
0
0
0
0
0
0
0
0
0
0
0
0
0
0
0
0
0
0
0
0
0
0
0
0
0
0
0
0
0
0
0
0
0
0
0
0
0
0
0
0
0
0
0
0
0
0
0
0
0
0
0
0
0
0
0
0
0
0
0
0
0
0
0
0
0
0
0
0
0
0
0
0
0
0
0
0
0
0
0
0
0
0
0
0
0
0
0
0
0
0
0
0
0
0
0
0
0
0
0
0
0
0
0
0
0
0
0
0
0
0
0
0
0
0
0
0
0
0
0
0
0
0
0
0
0
0
0
0
0
0
0
0
0
0
0
0
0
0
0
0
0
0
0
0
0
0
0
0
0
0
0
0
0
0
0
0
0
0
0
0
0
0
0
0
0
0
0
0
0
0
0
0
0
0
0
0
0
0
0
0
0
0
0
0
0
0
0
0
0
0
0
0
0
0
0
0
0
0
0
0
0
0
0
0
0
0
0
0
0
0
0
0
0
0
0
0
0
0
0
0
0
0
0
0
0
0
0
0
0
0
0
0
0
0
0
0
0
0
0
0
0
0
0
0
0
0
0
0
0
0
0
0
0
0
0
0
0
0
0
0
0
0
0
0
0
0
0
0
0
0
0
0
0
0
0
0
0
0
0
0
0
0
0
0
0
0
0
0
0
0
0
0
0
0
0
0
0
0
0
0
0
0
0
0
0
0
0
0
0
0
0
0
0
0
0
0
0
0
0
0
0
0
0
0
0
0
0
0
0
0
0
0
0
0
0
0
0
0
0
0
0
0
0
0
0
0
0
0
0
0
0
0
0
0
0
0
0
0
0
0
0
0
0
0
0
0
0
0
0
0
0
0
0
0
0
0
0
0
0
0
0
0
0
0
0
0
0
0
0
0
0
0
0
0
0
0
0
0
0
0
0
0
0
0
0
0
0
0
0
0
0
0
0
0
0
0
0
0
0
0
0
0
0
0
0
0
0
0
0
0
0
0
0
0
0
0
0
0
0
0
0
0
0
0
0
0
0
0
0
0
0
0
0
0
0
0
0
0
0
0
0
0
0
0
0
0
0
0
0
0
0
0
0
0
0
0
0
0
0
0
0
0
0
0
0
0
0
0
0
0
0
0
0
0
0
0
0
0
0
0
0
0
0
0
0
0
0
0
0
0
0
0
0
0
0
0
0
0
0
0
0
0
0
0
0
0
0
0
0
0
0
0
0
0
0
0
0
0
0
0
0
0
0
0
0
0
0
0
0
0
0
0
0
0
0
0
0
0
0
0
0
0
0
0
0
0
0
0
0
0
0
0
0
0
0
0
0
0
0
0
0
0
0
0
0
0
0
0
0
0
0
0
0
0
0
0
0
0
0
0
0
0
0
0
0
0
0
0
0
0
0
0
0
0
0
0
0
0
0
0
0
0
0
0
0
0
0
0
0
0
0
0
0
0
0
0
0
0
0
0
0
0
0
0
0
0
0
0
0
0
0
0
0
0
0
0
0
0
0
0
0
0
0
0
0
0
0
0
0
0
0
0
0
0
0
0
0
0
0
0
0
0
0
0
0
0
0
0
0
0
0
0
0
0
0
0
0
0
0
0
0
0
0
0
0
0
0
0
0
0
0
0
0
0
0
0
0
0
0
0
0
0
0
0
0
0
0
0
0
0
0
0
0
0
0
0
0
0
0
0
0
0
0
0
0
0
0
0
0
0
0
0
0
0
0
0
0
0
0
0
0
0
0
0
0
0
0
0
0
0
0
0
0
0
0
0
0
0
0
0
0
0
0
0
0
0
0
0
0
0
0
0
0
0
0
0
0
0
0
0
0
0
0
0
0
0
0
0
0
0
0
0
0
0
0
0
0
0
0
0
0
0
0
0
0
0
0
0
0
0
0
0
0
0
0
0
0
0
0
0
0
0
0
0
0
0
0
0
0
0
0
0
0
0
0
0
0
0
0
0
0
0
0
0
0
0
0
0
0
0
0
0
0
0
0
0
0
0
0
0
0
0
0
0
0
0
0
0
0
0
0
0
0
0
0
0
0
0
0
0
0
0
0
0
0
0
0
0
0
0
0
0
0
0
0
0
0
0
0
0
0
0
0
0
0
0
0
0
0
0
0
0
0
0
0
0
0
0
0
0
0
0
0
0
0
0
0
0
0
0
0
0
0
0
0
0
0
0
0
0
0
0
0
0
0
0
0
0
0
0
0
0
0
0
0
0
0
0
0
0
0
0
0
0
0
0
0
0
0
0
0
0
0
0
0
0
0
0
0
0
0
0
0
0
0
0
0
0
0
0
0
0
0
0
0
0
0
0
0
0
0
0
0
0
0
0
0
0
0
0
0
0
0
0
0
0
0
0
0
0
0
0
0
0
0
0
0
0
0
0
0
0
0
0
0
0
0
0
0
0
0
0
0
0
0
0
0
0
0
0
0
0
0
0
0
0
0
0
0
0
0
0
0
0
0
0
0
0
0
0
0
0
0
0
0
0
0
0
0
0
0
0
0
0
0
0
0
0
0
0
0
0
0
0
0
0
0
0
0
0
0
0
0
0
0
0
0
0
0
0
0
0
0
0
0
0
0
0
0
0
0
0
0
0
0
0
0
0
0
0
0
0
0
0
0
0
0
0
0
0
0
0
0
0
0
0
0
0
0
0
0
0
0
0
0
0
0
0
0
0
0
0
0
0
0
0
0
0
0
0
0
0
0
0
0
0
0
0
0
0
0
0
0
0
0
0
0
0
0
0
0
0
0
0
0
0
0
0
0
0
0
0
0
0
0
0
0
0
0
0
0
0
0
0
0
0
0
0
0
0
0
0
0
0
0
0
0
0
0
0
0
0
0
0
0
0
0
0
0
0
0
0
0
0
0
0
0
0
0
0
0
0
0
0
0
0
0
0
0
0
0
0
0
0
0
0
0
0
0
0
0
0
0
0
0
0
0
0
0
0
0
0
0
0
0
0
0
0
0
0
0
0
0
0
0
0
0
0
0
0
0
0
0
0
0
0
0
0
0
0
0
0
0
0
0
0
0
0
0
0
0
0
0
0
0
0
0
0
0
0
0
0
0
0
0
0
0
0
0
0
0
0
0
0
0
0
0
0
0
0
0
0
0
0
0
0
0
0
0
0
0
0
0
0
0
0
0
0
0
0
0
0
0
0
0
0
0
0
0
0
0
0
0
0
0
0
0
0
0
0
0
0
0
0
0
0
0
0
0
0
0
0
0
0
0
0
0
0
0
0
0
0
0
0
0
0
0
0
0
0
0
0
0
0
0
0
0
0
0
0
0
0
0
0
0
0
0
0
0
0
0
0
0
0
0
0
0
0
0
0
0
0
0
0
0
0
0
0
0
0
0
0
0
0
0
0
0
0
0
0
0
0
0
0
0
0
0
0
0
0
0
0
0
0
0
0
0
0
0
0
0
0
0
0
0
0
0
0
0
0
0
0
0
0
0
0
0
0
0
0
0
0
0
0
0
0
0
0
0
0
0
0
0
0
0
0
0
0
0
0
0
0
0
0
0
0
0
0
0
0
0
0
0
0
0
0
0
0
0
0
0
0
0
0
0
0
0
0
0
0
0
0
0
0
0
0
0
0
0
0
0
0
0
0
0
0
0
0
0
0
0
0
0
0
0
0
0
0
0
0
0
0
0
0
0
0
0
0
0
0
0
0
0
0
0
0
0
0
0
0
0
0
0
0
0
0
0
0
0
0
0
0
0
0
0
0
0
0
0
0
0
0
0
0
0
0
0
0
0
0
0
0
0
0
0
0
0
0
0
0
0
0
0
0
0
0
0
0
0
0
0
0
0
0
0
0
0
0
0
0
0
0
0
0
0
0
0
0
0
0
0
0
0
0
0
0
0
0
0
0
0
0
0
0
0
0
0
0
0
0
0
0
0
0
0
0
0
0
0
0
0
0
0
0
0
0
0
0
0
0
0
0
0
0
0
0
0
0
0
0
0
0
0
0
0
0
0
0
0
0
0
0
0
0
0
0
0
0
0
0
0
0
0
0
0
0
0
0
0
0
0
0
0
0
0
0
0
0
0
0
0
0
0
0
0
0
0
0
0
0
0
0
0
0
0
0
0
0
0
0
0
0
0
0
0
0
0
0
0
0
0
0
0
0
0
0
0
0
0
0
0
0
0
0
0
0
0
0
0
0
0
0
0
0
0
0
0
0
0
0
0
0
0
0
0
0
0
0
0
0
0
0
0
0
0
0
0
0
0
0
0
0
0
0
0
0
0
0
0
0
0
0
0
0
0
0
0
0
0
0
0
0
0
0
0
0
0
0
0
0
0
0
0
0
0
0
0
0
0
0
0
0
0
0
0
0
0
0
0
0
0
0
0
0
0
0
0
0
0
0
0
0
0
0
0
0
0
0
0
0
0
0
0
0
0
0
0
0
0
0
0
0
0
0
0
0
0
0
0
0
0
0
0
0
0
0
0
0
0
0
0
0
0
0
0
0
0
0
0
0
0
0
0
0
0
0
0
0
0
0
0
0
0
0
0
0
0
0
0
0
0
0
0
0
0
0
0
0
0
0
0
0
0
0
0
0
0
0
0
0
0
0
0
0
0
0
0
0
0
0
0
0
0
0
0
0
0
0
0
0
0
0
0
0
0
0
0
0
0
0
0
0
0
0
0
0
0
0
0
0
0
0
0
0
0
0
0
0
0
0
0
0
0
0
0
0
0
0
0
0
0
0
0
0
0
0
0
0
0
0
0
0
0
0
0
0
0
0
0
0
0
0
0
0
0
0
0
0
0
0
0
0
0
0
0
0
0
0
0
0
0
0
0
0
0
0
0
0
0
0
0
0
0
0
0
0
0
0
0
0
0
0
0
0
0
0
0
0
0
0
0
0
0
0
0
0
0
0
0
0
0
0
0
0
0
0
0
0
0
0
0
0
0
0
0
0
0
0
0
0
0
0
0
0
0
0
0
0
0
0
0
0
0
0
0
0
0
0
0
0
0
0
0
0
0
0
0
0
0
0
0
0
0
0
0
0
0
0
0
0
0
0
0
0
0
0
0
0
0
0
0
0
0
0
0
0
0
0
0
0
0
0
0
0
0
0
0
0
0
0
0
0
0
0
0
0
0
0
0
0
0
0
0
0
0
0
0
0
0
0
0
0
0
0
0
0
0
0
0
0
0
0
0
0
0
0
0
0
0
0
0
0
0
0
0
0
0
0
0
0
0
0
0
0
0
0
0
0
0
0
0
0
0
0
0
0
0
0
0
0
0
0
0
0
0
0
0
0
0
0
0
0
0
0
0
0
0
0
0
0
0
0
0
0
0
0
0
0
0
0
0
0
0
0
0
0
0
0
0
0
0
0
0
0
0
0
0
0
0
0
0
0
0
0
0
0
0
0
0
0
0
0
0
0
0
0
0
0
0
0
0
0
0
0
0
0
0
0
0
0
0
0
0
0
0
0
0
0
0
0
0
0
0
0
0
0
0
0
0
0
0
0
0
0
0
0
0
0
0
0
0
0
0
0
0
0
0
0
0
0
0
0
0
0
0
0
0
0
0
0
0
0
0
0
0
0
0
0
0
0
0
0
0
0
0
0
0
0
0
0
0
0
0
0
0
0
0
0
0
0
0
0
0
0
0
0
0
0
0
0
0
0
0
0
0
0
0
0
0
0
0
0
0
0
0
0
0
0
0
0
0
0
0
0
0
0
0
0
0
0
0
0
0
0
0
0
0
0
0
0
0
0
0
0
0
0
0
0
0
0
0
0
0
0
0
0
0
0
0
0
0
0
0
0
0
0
0
0
0
0
0
0
0
0
0
0
0
0
0
0
0
0
0
0
0
0
0
0
0
0
0
0
0
0
0
0
0
0
0
0
0
0
0
0
0
0
0
0
0
0
0
0
0
0
0
0
0
0
0
0
0
0
0
0
0
0
0
0
0
0
0
0
0
0
0
0
0
0
0
0
0
0
0
0
0
0
0
0
0
0
0
0
0
0
0
0
0
0
0
0
0
0
0
0
0
0
0
0
0
0
0
0
0
0
0
0
0
0
0
0
0
0
0
0
0
0
0
0
0
0
0
0
0
0
0
0
0
0
0
0
0
0
0
0
0
0
0
0
0
0
0
0
0
0
0
0
0
0
0
0
0
0
0
0
0
0
0
0
0
0
0
0
0
0
0
0
0
0
0
0
0
0
0
0
0
0
0
0
0
0
0
0
0
0
0
0
0
0
0
0
0
0
0
0
0
0
0
0
0
0
0
0
0
0
0
0
0
0
0
0
0
0
0
0
0
0
0
0
0
0
0
0
0
0
0
0
0
0
0
0
0
0
0
0
0
0
0
0
0
0
0
0
0
0
0
0
0
0
0
0
0
0
0
0
0
0
0
0
0
0
0
0
0
0
0
0
0
0
0
0
0
0
0
0
0
0
0
0
0
0
0
0
0
0
0
0
0
0
0
0
0
0
0
0
0
0
0
0
0
0
0
0
0
0
0
0
0
0
0
0
0
0
0
0
0
0
0
0
0
0
0
0
0
0
0
0
0
0
0
0
0
0
0
0
0
0
0
0
0
0
0
0
0
0
0
0
0
0
0
0
0
0
0
0
0
0
0
0
0
0
0
0
0
0
0
0
0
0
0
0
0
0
0
0
0
0
0
0
0
0
0
0
0
0
0
0
0
0
0
0
0
0
0
0
0
0
0
0
0
0
0
0
0
0
0
0
0
0
0
0
0
0
0
0
0
0
0
0
0
0
0
0
0
0
0
0
0
0
0
0
0
0
0
0
0
0
0
0
0
0
0
0
0
0
0
0
0
0
0
0
0
0
0
0
0
0
0
0
0
0
0
0
0
0
0
0
0
0
0
0
0
0
0
0
0
0
0
0
0
0
0
0
0
0
0
0
0
0
0
0
0
0
0
0
0
0
0
0
0
0
0
0
0
0
0
0
0
0
0
0
0
0
0
0
0
0
0
0
0
0
0
0
0
0
0
0
0
0
0
0
0
0
0
0
0
0
0
0
0
0
0
0
0
0
0
0
0
0
0
0
0
0
0
0
0
0
0
0
0
0
0
0
0
0
0
0
0
0
0
0
0
0
0
0
0
0
0
0
0
0
0
0
0
0
0
0
0
0
0
0
0
0
0
0
0
0
0
0
0
0
0
0
0
0
0
0
0
0
0
0
0
0
0
0
0
0
0
0
0
0
0
0
0
0
0
0
0
0
0
0
0
0
0
0
0
0
0
0
0
0
0
0
0
0
0
0
0
0
0
0
0
0
0
0
0
0
0
0
0
0
0
0
0
0
0
0
0
0
0
0
0
0
0
0
0
0
0
0
0
0
0
0
0
0
0
0
0
0
0
0
0
0
0
0
0
0
0
0
0
0
0
0
0
0
0
0
0
0
0
0
0
0
0
0
0
0
0
0
0
0
0
0
0
0
0
0
0
0
0
0
0
0
0
0
0
0
0
0
0
0
0
0
0
0
0
0
0
0
0
0
0
0
0
0
0
0
0
0
0
0
0
0
0
0
0
0
0
0
0
0
0
0
0
0
0
0
0
0
0
0
0
0
0
0
0
0
0
0
0
0
0
0
0
0
0
0
0
0
0
0
0
0
0
0
0
0
0
0
0
0
0
0
0
0
0
0
0
0
0
0
0
0
0
0
0
0
0
0
0
0
0
0
0
0
0
0
0
0
0
0
0
0
0
0
0
0
0
0
0
0
0
0
0
0
0
0
0
0
0
0
0
0
0
0
0
0
0
0
0
0
0
0
0
0
0
0
0
0
0
0
0
0
0
0
0
0
0
0
0
0
0
0
0
0
0
0
0
0
0
0
0
0
0
0
0
0
0
0
0
0
0
0
0
0
0
0
0
0
0
0
0
0
0
0
0
0
0
0
0
0
0
0
0
0
0
0
0
0
0
0
0
0
0
0
0
0
0
0
0
0
0
0
0
0
0
0
0
0
0
0
0
0
0
0
0
0
0
0
0
0
0
0
0
0
0
0
0
0
0
0
0
0
0
0
0
0
0
0
0
0
0
0
0
0
0
0
0
0
0
0
0
0
0
0
0
0
0
0
0
0
0
0
0
0
0
0
0
0
0
0
0
0
0
0
0
0
0
0
0
0
0
0
0
0
0
0
0
0
0
0
0
0
0
0
0
0
0
0
0
0
0
0
0
0
0
0
0
0
0
0
0
0
0
0
0
0
0
0
0
0
0
0
0
0
0
0
0
0
0
0
0
0
0
0
0
0
0
0
0
0
0
0
0
0
0
0
0
0
0
0
0
0
0
0
0
0
0
0
0
0
0
0
0
0
0
0
0
0
0
0
0
0
0
0
0
0
0
0
0
0
0
0
0
0
0
0
0
0
0
0
0
0
0
0
0
0
0
0
0
0
0
0
0
0
0
0
0
0
0
0
0
0
0
0
0
0
0
0
0
0
0
0
0
0
0
0
0
0
0
0
0
0
0
0
0
0
0
0
0
0
0
0
0
0
0
0
0
0
0
0
0
0
0
0
0
0
0
0
0
0
0
0
0
0
0
0
0
0
0
0
0
0
0
0
0
0
0
0
0
0
0
0
0
0
0
0
0
0
0
0
0
0
0
0
0
0
0
0
0
0
0
0
0
0
0
0
0
0
0
0
0
0
0
0
0
0
0
0
0
0
0
0
0
0
0
0
0
0
0
0
0
0
0
0
0
0
0
0
0
0
0
0
0
0
0
0
0
0
0
0
0
0
0
0
0
0
0
0
0
0
0
0
0
0
0
0
0
0
0
0
0
0
0
0
0
0
0
0
0
0
0
0
0
0
0
0
0
0
0
0
0
0
0
0
0
0
0
0
0
0
0
0
0
0
0
0
0
0
0
0
0
0
0
0
0
0
0
0
0
0
0
0
0
0
0
0
0
0
0
0
0
0
0
0
0
0
0
0
0
0
0
0
0
0
0
0
0
0
0
0
0
0
0
0
0
0
0
0
0
0
0
0
0
0
0
0
0
0
0
0
0
0
0
0
0
0
0
0
0
0
0
0
0
0
0
0
0
0
0
0
0
0
0
0
0
0
0
0
0
0
0
0
0
0
0
0
0
0
0
0
0
0
0
0
0
0
0
0
0
0
0
0
0
0
0
0
0
0
0
0
0
0
0
0
0
0
0
0
0
0
0
0
0
0
0
0
0
0
0
0
0
0
0
0
0
0
0
0
0
0
0
0
0
0
0
0
0
0
0
0
0
0
0
0
0
0
0
0
0
0
0
0
0
0
0
0
0
0
0
0
0
0
0
0
0
0
0
0
0
0
0
0
0
0
0
0
0
0
0
0
0
0
0
0
0
0
0
0
0
0
0
0
0
0
0
0
0
0
0
0
0
0
0
0
0
0
0
0
0
0
0
0
0
0
0
0
0
0
0
0
0
0
0
0
0
0
0
0
0
0
0
0
0
0
0
0
0
0
0
0
0
0
0
0
0
0
0
0
0
0
0
0
0
0
0
0
0
0
0
0
0
0
0
0
0
0
0
0
0
0
0
0
0
0
0
0
0
0
0
0
0
0
0
0
0
0
0
0
0
0
0
0
0
0
0
0
0
0
0
0
0
0
0
0
0
0
0
0
0
0
0
0
0
0
0
0
0
0
0
0
0
0
0
0
0
0
0
0
0
0
0
0
0
0
0
0
0
0
0
0
0
0
0
0
0
0
0
0
0
0
0
0
0
0
0
0
0
0
0
0
0
0
0
0
0
0
0
0
0
0
0
0
0
0
0
0
0
0
0
0
0
0
0
0
0
0
0
0
0
0
0
0
0
0
0
0
0
0
0
0
0
0
0
0
0
0
0
0
0
0
0
0
0
0
0
0
0
0
0
0
0
0
0
0
0
0
0
0
0
0
0
0
0
0
0
0
0
0
0
0
0
0
0
0
0
0
0
0
0
0
0
0
0
0
0
0
0
0
0
0
0
0
0
0
0
0
0
0
0
0
0
0
0
0
0
0
0
0
0
0
0
0
0
0
0
0
0
0
0
0
0
0
0
0
0
0
0
0
0
0
0
0
0
0
0
0
0
0
0
0
0
0
0
0
0
0
0
0
0
0
0
0
0
0
0
0
0
0
0
0
0
0
0
0
0
0
0
0
0
0
0
0
0
0
0
0
0
0
0
0
0
0
0
0
0
0
0
0
0
0
0
0
0
0
0
0
0
0
0
0
0
0
0
0
0
0
0
0
0
0
0
0
0
0
0
0
0
0
0
0
0
0
0
0
0
0
0
0
0
0
0
0
0
0
0
0
0
0
0
0
0
0
0
0
0
0
0
0
0
0
0
0
0
0
0
0
0
0
0
0
0
0
0
0
0
0
0
0
0
0
0
0
0
0
0
0
0
0
0
0
0
0
0
0
0
0
0
0
0
0
0
0
0
0
0
0
0
0
0
0
0
0
0
0
0
0
0
0
0
0
0
0
0
0
0
0
0
0
0
0
0
0
0
0
0
0
0
0
0
0
0
0
0
0
0
0
0
0
0
0
0
0
0
0
0
0
0
0
0
0
0
0
0
0
0
0
0
0
0
0
0
0
0
0
0
0
0
0
0
0
0
0
0
0
0
0
0
0
0
0
0
0
0
0
0
0
0
0
0
0
0
0
0
0
0
0
0
0
0
0
0
0
0
0
0
0
0
0
0
0
0
0
0
0
0
0
0
0
0
0
0
0
0
0
0
0
0
0
0
0
0
0
0
0
0
0
0
0
0
0
0
0
0
0
0
0
0
0
0
0
0
0
0
0
0
0
0
0
0
0
0
0
0
0
0
0
0
0
0
0
0
0
0
0
0
0
0
0
0
0
0
0
0
0
0
0
0
0
0
0
0
0
0
0
0
0
0
0
0
0
0
0
0
0
0
0
0
0
0
0
0
0
0
0
0
0
0
0
0
0
0
0
0
0
0
0
0
0
0
0
0
0
0
0
0
0
0
0
0
0
0
0
0
0
0
0
0
0
0
0
0
0
0
0
0
0
0
0
0
0
0
0
0
0
0
0
0
0
0
0
0
0
0
0
0
0
0
0
0
0
0
0
0
0
0
0
0
0
0
0
0
0
0
0
0
0
0
0
0
0
0
0
0
0
0
0
0
0
0
0
0
0
0
0
0
0
0
0
0
0
0
0
0
0
0
0
0
0
0
0
0
0
0
0
0
0
0
0
0
0
0
0
0
0
0
0
0
0
0
0
0
0
0
0
0
0
0
0
0
0
0
0
0
0
0
0
0
0
0
0
0
0
0
0
0
0
0
0
0
0
0
0
0
0
0
0
0
0
0
0
0
0
0
0
0
0
0
0
0
0
0
0
0
0
0
0
0
0
0
0
0
0
0
0
0
0
0
0
0
0
0
0
0
0
0
0
0
0
0
0
0
0
0
0
0
0
0
0
0
0
0
0
0
0
0
0
0
0
0
0
0
0
0
0
0
0
0
0
0
0
0
0
0
0
0
0
0
0
0
0
0
0
0
0
0
0
0
0
0
0
0
0
0
0
0
0
0
0
0
0
0
0
0
0
0
0
0
0
0
0
0
0
0
0
0
0
0
0
0
0
0
0
0
0
0
0
0
0
0
0
0
0
0
0
0
0
0
0
0
0
0
0
0
0
0
0
0
0
0
0
0
0
0
0
0
0
0
0
0
0
0
0
0
0
0
0
0
0
0
0
0
0
0
0
0
0
0
0
0
0
0
0
0
0
0
0
0
0
0
0
0
0
0
0
0
0
0
0
0
0
0
0
0
0
0
0
0
0
0
0
0
0
0
0
0
0
0
0
0
0
0
0
0
0
0
0
0
0
0
0
0
0
0
0
0
0
0
0
0
0
0
0
0
0
0
0
0
0
0
0
0
0
0
0
0
0
0
0
0
0
0
0
0
0
0
0
0
0
0
0
0
0
0
0
0
0
0
0
0
0
0
0
0
0
0
0
0
0
0
0
0
0
0
0
0
0
0
0
0
0
0
0
0
0
0
0
0
0
0
0
0
0
0
0
0
0
0
0
0
0
0
0
0
0
0
0
0
0
0
0
0
0
0
0
0
0
0
0
0
0
0
0
0
0
0
0
0
0
0
0
0
0
0
0
0
0
0
0
0
0
0
0
0
0
0
0
0
0
0
0
0
0
0
0
0
0
0
0
0
0
0
0
0
0
0
0
0
0
0
0
0
0
0
0
0
0
0
0
0
0
0
0
0
0
0
0
0
0
0
0
0
0
0
0
0
0
0
0
0
0
0
0
0
0
0
0
0
0
0
0
0
0
0
0
0
0
0
0
0
0
0
0
0
0
0
0
0
0
0
0
0
0
0
0
0
0
0
0
0
0
0
0
0
0
0
0
0
0
0
0
0
0
0
0
0
0
0
0
0
0
0
0
0
0
0
0
0
0
0
0
0
0
0
0
0
0
0
0
0
0
0
0
0
0
0
0
0
0
0
0
0
0
0
0
0
0
0
0
0
0
0
0
0
0
0
0
0
0
0
0
0
0
0
0
0
0
0
0
0
0
0
0
0
0
0
0
0
0
0
0
0
0
0
0
0
0
0
0
0
0
0
0
0
0
0
0
0
0
0
0
0
0
0
0
0
0
0
0
0
0
0
0
0
0
0
0
0
0
0
0
0
0
0
0
0
0
0
0
0
0
0
0
0
0
0
0
0
0
0
0
0
0
0
0
0
0
0
0
0
0
0
0
0
0
0
0
0
0
0
0
0
0
0
0
0
0
0
0
0
0
0
0
0
0
0
0
0
0
0
0
0
0
0
0
0
0
0
0
0
0
0
0
0
0
0
0
0
0
0
0
0
0
0
0
0
0
0
0
0
0
0
0
0
0
0
0
0
0
0
0
0
0
0
0
0
0
0
0
0
0
0
0
0
0
0
0
0
0
0
0
0
0
0
0
0
0
0
0
0
0
0
0
0
0
0
0
0
0
0
0
0
0
0
0
0
0
0
0
0
0
0
0
0
0
0
0
0
0
0
0
0
0
0
0
0
0
0
0
0
0
0
0
0
0
0
0
0
0
0
0
0
0
0
0
0
0
0
0
0
0
0
0
0
0
0
0
0
0
0
0
0
0
0
0
0
0
0
0
0
0
0
0
0
0
0
0
0
0
0
0
0
0
0
0
0
0
0
0
0
0
0
0
0
0
0
0
0
0
0
0
0
0
0
0
0
0
0
0
0
0
0
0
0
0
0
0
0
0
0
0
0
0
0
0
0
0
0
0
0
0
0
0
0
0
0
0
0
0
0
0
0
0
0
0
0
0
0
0
0
0
0
0
0
0
0
0
0
0
0
0
0
0
0
0
0
0
0
0
0
0
0
0
0
0
0
0
0
0
0
0
0
0
0
0
0
0
0
0
0
0
0
0
0
0
0
0
0
0
0
0
0
0
0
0
0
0
0
0
0
0
0
0
0
0
0
0
0
0
0
0
0
0
0
0
0
0
0
0
0
0
0
0
0
0
0
0
0
0
0
0
0
0
0
0
0
0
0
0
0
0
0
0
0
0
0
0
0
0
0
0
0
0
0
0
0
0
0
0
0
0
0
0
0
0
0
0
0
0
0
0
0
0
0
0
0
0
0
0
0
0
0
0
0
0
0
0
0
0
0
0
0
0
0
0
0
0
0
0
0
0
0
0
0
0
0
0
0
0
0
0
0
0
0
0
0
0
0
0
0
0
0
0
0
0
0
0
0
0
0
0
0
0
0
0
0
0
0
0
0
0
0
0
0
0
0
0
0
0
0
0
0
0
0
0
0
0
0
0
0
0
0
0
0
0
0
0
0
0
0
0
0
0
0
0
0
0
0
0
0
0
0
0
0
0
0
0
0
0
0
0
0
0
0
0
0
0
0
0
0
0
0
0
0
0
0
0
0
0
0
0
0
0
0
0
0
0
0
0
0
0
0
0
0
0
0
0
0
0
0
0
0
0
0
0
0
0
0
0
0
0
0
0
0
0
0
0
0
0
0
0
0
0
0
0
0
0
0
0
0
0
0
0
0
0
0
0
0
0
0
0
0
0
0
0
0
0
0
0
0
0
0
0
0
0
0
0
0
0
0
0
0
0
0
0
0
0
0
0
0
0
0
0
0
0
0
0
0
0
0
0
0
0
0
0
0
0
0
0
0
0
0
0
0
0
0
0
0
0
0
0
0
0
0
0
0
0
0
0
0
0
0
0
0
0
0
0
0
0
0
0
0
0
0
0
0
0
0
0
0
0
0
0
0
0
0
0
0
0
0
0
0
0
0
0
0
0
0
0
0
0
0
0
0
0
0
0
0
0
0
0
0
0
0
0
0
0
0
0
0
0
0
0
0
0
0
0
0
0
0
0
0
0
0
0
0
0
0
0
0
0
0
0
0
0
0
0
0
0
0
0
0
0
0
0
0
0
0
0
0
0
0
0
0
0
0
0
0
0
0
0
0
0
0
0
0
0
0
0
0
0
0
0
0
0
0
0
0
0
0
0
0
0
0
0
0
0
0
0
0
0
0
0
0
0
0
0
0
0
0
0
0
0
0
0
0
0
0
0
0
0
0
0
0
0
0
0
0
0
0
0
0
0
0
0
0
0
0
0
0
0
0
0
0
0
0
0
0
0
0
0
0
0
0
0
0
0
0
0
0
0
0
0
0
0
0
0
0
0
0
0
0
0
0
0
0
0
0
0
0
0
0
0
0
0
0
0
0
0
0
0
0
0
0
0
0
0
0
0
0
0
0
0
0
0
0
0
0
0
0
0
0
0
0
0
0
0
0
0
0
0
0
0
0
0
0
0
0
0
0
0
0
0
0
0
0
0
0
0
0
0
0
0
0
0
0
0
0
0
0
0
0
0
0
0
0
0
0
0
0
0
0
0
0
0
0
0
0
0
0
0
0
0
0
0
0
0
0
0
0
0
0
0
0
0
0
0
0
0
0
0
0
0
0
0
0
0
0
0
0
0
0
0
0
0
0
0
0
0
0
0
0
0
0
0
0
0
0
0
0
0
0
0
0
0
0
0
0
0
0
0
0
0
0
0
0
0
0
0
0
0
0
0
0
0
0
0
0
0
0
0
0
0
0
0
0
0
0
0
0
0
0
0
0
0
0
0
0
0
0
0
0
0
0
0
0
0
0
0
0
0
0
0
0
0
0
0
0
0
0
0
0
0
0
0
0
0
0
0
0
0
0
0
0
0
0
0
0
0
0
0
0
0
0
0
0
0
0
0
0
0
0
0
0
0
0
0
0
0
0
0
0
0
0
0
0
0
0
0
0
0
0
0
0
0
0
0
0
0
0
0
0
0
0
0
0
0
0
0
0
0
0
0
0
0
0
0
0
0
0
0
0
0
0
0
0
0
0
0
0
0
0
0
0
0
0
0
0
0
0
0
0
0
0
0
0
0
0
0
0
0
0
0
0
0
0
0
0
0
0
0
0
0
0
0
0
0
0
0
0
0
0
0
0
0
0
0
0
0
0
0
0
0
0
0
0
0
0
0
0
0
0
0
0
0
0
0
0
0
0
0
0
0
0
0
0
0
0
0
0
0
0
0
0
0
0
0
0
0
0
0
0
0
0
0
0
0
0
0
0
0
0
0
0
0
0
0
0
0
0
0
0
0
0
0
0
0
0
0
0
0
0
0
0
0
0
0
0
0
0
0
0
0
0
0
0
0
0
0
0
0
0
0
0
0
0
0
0
0
0
0
0
0
0
0
0
0
0
0
0
0
0
0
0
0
0
0
0
0
0
0
0
0
0
0
0
0
0
0
0
0
0
0
0
0
0
0
0
0
0
0
0
0
0
0
0
0
0
0
0
0
0
0
0
0
0
0
0
0
0
0
0
0
0
0
0
0
0
0
0
0
0
0
0
0
0
0
0
0
0
0
0
0
0
0
0
0
0
0
0
0
0
0
0
0
0
0
0
0
0
0
0
0
0
0
0
0
0
0
0
0
0
0
0
0
0
0
0
0
0
0
0
0
0
0
0
0
0
0
0
0
0
0
0
0
0
0
0
0
0
0
0
0
0
0
0
0
0
0
0
0
0
0
0
0
0
0
0
0
0
0
0
0
0
0
0
0
0
0
0
0
0
0
0
0
0
0
0
0
0
0
0
0
0
0
0
0
0
0
0
0
0
0
0
0
0
0
0
0
0
0
0
0
0
0
0
0
0
0
0
0
0
0
0
0
0
0
0
0
0
0
0
0
0
0
0
0
0
0
0
0
0
0
0
0
0
0
0
0
0
0
0
0
0
0
0
0
0
0
0
0
0
0
0
0
0
0
0
0
0
0
0
0
0
0
0
0
0
0
0
0
0
0
0
0
0
0
0
0
0
0
0
0
0
0
0
0
0
0
0
0
0
0
0
0
0
0
0
0
0
0
0
0
0
0
0
0
0
0
0
0
0
0
0
0
0
0
0
0
0
0
0
0
0
0
0
0
0
0
0
0
0
0
0
0
0
0
0
0
0
0
0
0
0
0
0
0
0
0
0
0
0
0
0
0
0
0
0
0
0
0
0
0
0
0
0
0
0
0
0
0
0
0
0
0
0
0
0
0
0
0
0
0
0
0
0
0
0
0
0
0
0
0
0
0
0
0
0
0
0
0
0
0
0
0
0
0
0
0
0
0
0
0
0
0
0
0
0
0
0
0
0
0
0
0
0
0
0
0
0
0
0
0
0
0
0
0
0
0
0
0
0
0
0
0
0
0
0
0
0
0
0
0
0
0
0
0
0
0
0
0
0
0
0
0
0
0
0
0
0
0
0
0
0
0
0
0
0
0
0
0
0
0
0
0
0
0
0
0
0
0
0
0
0
0
0
0
0
0
0
0
0
0
0
0
0
0
0
0
0
0
0
0
0
0
0
0
0
0
0
0
0
0
0
0
0
0
0
0
0
0
0
0
0
0
0
0
0
0
0
0
0
0
0
0
0
0
0
0
0
0
0
0
0
0
0
0
0
0
0
0
0
0
0
0
0
0
0
0
0
0
0
0
0
0
0
0
0
0
0
0
0
0
0
0
0
0
0
0
0
0
0
0
0
0
0
0
0
0
0
0
0
0
0
0
0
0
0
0
0
0
0
0
0
0
0
0
0
0
0
0
0
0
0
0
0
0
0
0
0
0
0
0
0
0
0
0
0
0
0
0
0
0
0
0
0
0
0
0
0
0
0
0
0
0
0
0
0
0
0
0
0
0
0
0
0
0
0
0
0
0
0
0
0
0
0
0
0
0
0
0
0
0
0
0
0
0
0
0
0
0
0
0
0
0
0
0
0
0
0
0
0
0
0
0
0
0
0
0
0
0
0
0
0
0
0
0
0
0
0
0
0
0
0
0
0
0
0
0
0
0
0
0
0
0
0
0
0
0
0
0
0
0
0
0
0
0
0
0
0
0
0
0
0
0
0
0
0
0
0
0
0
0
0
0
0
0
0
0
0
0
0
0
0
0
0
0
0
0
0
0
0
0
0
0
0
0
0
0
0
0
0
0
0
0
0
0
0
0
0
0
0
0
0
0
0
0
0
0
0
0
0
0
0
0
0
0
0
0
0
0
0
0
0
0
0
0
0
0
0
0
0
0
0
0
0
0
0
0
0
0
0
0
0
0
0
0
0
0
0
0
0
0
0
0
0
0
0
0
0
0
0
0
0
0
0
0
0
0
0
0
0
0
0
0
0
0
0
0
0
0
0
0
0
0
0
0
0
0
0
0
0
0
0
0
0
0
0
0
0
0
0
0
0
0
0
0
0
0
0
0
0
0
0
0
0
0
0
0
0
0
0
0
0
0
0
0
0
0
0
0
0
0
0
0
0
0
0
0
0
0
0
0
0
0
0
0
0
0
0
0
0
0
0
0
0
0
0
0
0
0
0
0
0
0
0
0
0
0
0
0
0
0
0
0
0
0
0
0
0
0
0
0
0
0
0
0
0
0
0
0
0
0
0
0
0
0
0
0
0
0
0
0
0
0
0
0
0
0
0
0
0
0
0
0
0
0
0
0
0
0
0
0
0
0
0
0
0
0
0
0
0
0
0
0
0
0
0
0
0
0
0
0
0
0
0
0
0
0
0
0
0
0
0
0
0
0
0
0
0
0
0
0
0
0
0
0
0
0
0
0
0
0
0
0
0
0
0
0
0
0
0
0
0
0
0
0
0
0
0
0
0
0
0
0
0
0
0
0
0
0
0
0
0
0
0
0
0
0
0
0
0
0
0
0
0
0
0
0
0
0
0
0
0
0
0
0
0
0
0
0
0
0
0
0
0
0
0
0
0
0
0
0
0
0
0
0
0
0
0
0
0
0
0
0
0
0
0
0
0
0
0
0
0
0
0
0
0
0
0
0
0
0
0
0
0
0
0
0
0
0
0
0
0
0
0
0
0
0
0
0
0
0
0
0
0
0
0
0
0
0
0
0
0
0
0
0
0
0
0
0
0
0
0
0
0
0
0
0
0
0
0
0
0
0
0
0
0
0
0
0
0
0
0
0
0
0
0
0
0
0
0
0
0
0
0
0
0
0
0
0
0
0
0
0
0
0
0
0
0
0
0
0
0
0
0
0
0
0
0
0
0
0
0
0
0
0
0
0
0
0
0
0
0
0
0
0
0
0
0
0
0
0
0
0
0
0
0
0
0
0
0
0
0
0
0
0
0
0
0
0
0
0
0
0
0
0
0
0
0
0
0
0
0
0
0
0
0
0
0
0
0
0
0
0
0
0
0
0
0
0
0
0
0
0
0
0
0
0
0
0
0
0
0
0
0
0
0
0
0
0
0
0
0
0
0
0
0
0
0
0
0
0
0
0
0
0
0
0
0
0
0
0
0
0
0
0
0
0
0
0
0
0
0
0
0
0
0
0
0
0
0
0
0
0
0
0
0
0
0
0
0
0
0
0
0
0
0
0
0
0
0
0
0
0
0
0
0
0
0
0
0
0
0
0
0
0
0
0
0
0
0
0
0
0
0
0
0
0
0
0
0
0
0
0
0
0
0
0
0
0
0
0
0
0
0
0
0
0
0
0
0
0
0
0
0
0
0
0
0
0
0
0
0
0
0
0
0
0
0
0
0
0
0
0
0
0
0
0
0
0
0
0
0
0
0
0
0
0
0
0
0
0
0
0
0
0
0
0
0
0
0
0
0
0
0
0
0
0
0
0
0
0
0
0
0
0
0
0
0
0
0
0
0
0
0
0
0
0
0
0
0
0
0
0
0
0
0
0
0
0
0
0
0
0
0
0
0
0
0
0
0
0
0
0
0
0
0
0
0
0
0
0
0
0
0
0
0
0
0
0
0
0
0
0
0
0
0
0
0
0
0
0
0
0
0
0
0
0
0
0
0
0
0
0
0
0
0
0
0
0
0
0
0
0
0
0
0
0
0
0
0
0
0
0
0
0
0
0
0
0
0
0
0
0
0
0
0
0
0
0
0
0
0
0
0
0
0
0
0
0
0
0
0
0
0
0
0
0
0
0
0
0
0
0
0
0
0
0
0
0
0
0
0
0
0
0
0
0
0
0
0
0
0
0
0
0
0
0
0
0
0
0
0
0
0
0
0
0
0
0
0
0
0
0
0
0
0
0
0
0
0
0
0
0
0
0
0
0
0
0
0
0
0
0
0
0
0
0
0
0
0
0
0
0
0
0
0
0
0
0
0
0
0
0
0
0
0
0
0
0
0
0
0
0
0
0
0
0
0
0
0
0
0
0
0
0
0
0
0
0
0
0
0
0
0
0
0
0
0
0
0
0
0
0
0
0
0
0
0
0
0
0
0
0
0
0
0
0
0
0
0
0
0
0
0
0
0
0
0
0
0
0
0
0
0
0
0
0
0
0
0
0
0
0
0
0
0
0
0
0
0
0
0
0
0
0
0
0
0
0
0
0
0
0
0
0
0
0
0
0
0
0
0
0
0
0
0
0
0
0
0
0
0
0
0
0
0
0
0
0
0
0
0
0
0
0
0
0
0
0
0
0
0
0
0
0
0
0
0
0
0
0
0
0
0
0
0
0
0
0
0
0
0
0
0
0
0
0
0
0
0
0
0
0
0
0
0
0
0
0
0
0
0
0
0
0
0
0
0
0
0
0
0
0
0
0
0
0
0
0
0
0
0
0
0
0
0
0
0
0
0
0
0
0
0
0
0
0
0
0
0
0
0
0
0
0
0
0
0
0
0
0
0
0
0
0
0
0
0
0
0
0
0
0
0
0
0
0
0
0
0
0
0
0
0
0
0
0
0
0
0
0
0
0
0
0
0
0
0
0
0
0
0
0
0
0
0
0
0
0
0
0
0
0
0
0
0
0
0
0
0
0
0
0
0
0
0
0
0
0
0
0
0
0
0
0
0
0
0
0
0
0
0
0
0
0
0
0
0
0
0
0
0
0
0
0
0
0
0
0
0
0
0
0
0
0
0
0
0
0
0
0
0
0
0
0
0
0
0
0
0
0
0
0
0
0
0
0
0
0
0
0
0
0
0
0
0
0
0
0
0
0
0
0
0
0
0
0
0
0
0
0
0
0
0
0
0
0
0
0
0
0
0
0
0
0
0
0
0
0
0
0
0
0
0
0
0
0
0
0
0
0
0
0
0
0
0
0
0
0
0
0
0
0
0
0
0
0
0
0
0
0
0
0
0
0
0
0
0
0
0
0
0
0
0
0
0
0
0
0
0
0
0
0
0
0
0
0
0
0
0
0
0
0
0
0
0
0
0
0
0
0
0
0
0
0
0
0
0
0
0
0
0
0
0
0
0
0
0
0
0
0
0
0
0
0
0
0
0
0
0
0
0
0
0
0
0
0
0
0
0
0
0
0
0
0
0
0
0
0
0
0
0
0
0
0
0
0
0
0
0
0
0
0
0
0
0
0
0
0
0
0
0
0
0
0
0
0
0
0
0
0
0
0
0
0
0
0
0
0
0
0
0
0
0
0
0
0
0
0
0
0
0
0
0
0
0
0
0
0
0
0
0
0
0
0
0
0
0
0
0
0
0
0
0
0
0
0
0
0
0
0
0
0
0
0
0
0
0
0
0
0
0
0
0
0
0
0
0
0
0
0
0
0
0
0
0
0
0
0
0
0
0
0
0
0
0
0
0
0
0
0
0
0
0
0
0
0
0
0
0
0
0
0
0
0
0
0
0
0
0
0
0
0
0
0
0
0
0
0
0
0
0
0
0
0
0
0
0
0
0
0
0
0
0
0
0
0
0
0
0
0
0
0
0
0
0
0
0
0
0
0
0
0
0
0
0
0
0
0
0
0
0
0
0
0
0
0
0
0
0
0
0
0
0
0
0
0
0
0
0
0
0
0
0
0
0
0
0
0
0
0
0
0
0
0
0
0
0
0
0
0
0
0
0
0
0
0
0
0
0
0
0
0
0
0
0
0
0
0
0
0
0
0
0
0
0
0
0
0
0
0
0
0
0
0
0
0
0
0
0
0
0
0
0
0
0
0
0
0
0
0
0
0
0
0
0
0
0
0
0
0
0
0
0
0
0
0
0
0
0
0
0
0
0
0
0
0
0
0
0
0
0
0
0
0
0
0
0
0
0
0
0
0
0
0
0
0
0
0
0
0
0
0
0
0
0
0
0
0
0
0
0
0
0
0
0
0
0
0
0
0
0
0
0
0
0
0
0
0
0
0
0
0
0
0
0
0
0
0
0
0
0
0
0
0
0
0
0
0
0
0
0
0
0
0
0
0
0
0
0
0
0
0
0
0
0
0
0
0
0
0
0
0
0
0
0
0
0
0
0
0
0
0
0
0
0
0
0
0
0
0
0
0
0
0
0
0
0
0
0
0
0
0
0
0
0
0
0
0
0
0
0
0
0
0
0
0
0
0
0
0
0
0
0
0
0
0
0
0
0
0
0
0
0
0
0
0
0
0
0
0
0
0
0
0
0
0
0
0
0
0
0
0
0
0
0
0
0
0
0
0
0
0
0
0
0
0
0
0
0
0
0
0
0
0
0
0
0
0
0
0
0
0
0
0
0
0
0
0
0
0
0
0
0
0
0
0
0
0
0
0
0
0
0
0
0
0
0
0
0
0
0
0
0
0
0
0
0
0
0
0
0
0
0
0
0
0
0
0
0
0
0
0
0
0
0
0
0
0
0
0
0
0
0
0
0
0
0
0
0
0
0
0
0
0
0
0
0
0
0
0
0
0
0
0
0
0
0
0
0
0
0
0
0
0
0
0
0
0
0
0
0
0
0
0
0
0
0
0
0
0
0
0
0
0
0
0
0
0
0
0
0
0
0
0
0
0
0
0
0
0
0
0
0
0
0
0
0
0
0
0
0
0
0
0
0
0
0
0
0
0
0
0
0
0
0
0
0
0
0
0
0
0
0
0
0
0
0
0
0
0
0
0
0
0
0
0
0
0
0
0
0
0
0
0
0
0
0
0
0
0
0
0
0
0
0
0
0
0
0
0
0
0
0
0
0
0
0
0
0
0
0
0
0
0
0
0
0
0
0
0
0
0
0
0
0
0
0
0
0
0
0
0
0
0
0
0
0
0
0
0
0
0
0
0
0
0
0
0
0
0
0
0
0
0
0
0
0
0
0
0
0
0
0
0
0
0
0
0
0
0
0
0
0
0
0
0
0
0
0
0
0
0
0
0
0
0
0
0
0
0
0
0
0
0
0
0
0
0
0
0
0
0
0
0
0
0
0
0
0
0
0
0
0
0
0
0
0
0
0
0
0
0
0
0
0
0
0
0
0
0
0
0
0
0
0
0
0
0
0
0
0
0
0
0
0
0
0
0
0
0
0
0
0
0
0
0
0
0
0
0
0
0
0
0
0
0
0
0
0
0
0
0
0
0
0
0
0
0
0
0
0
0
0
0
0
0
0
0
0
0
0
0
0
0
0
0
0
0
0
0
0
0
0
0
0
0
0
0
0
0
0
0
0
0
0
0
0
0
0
0
0
0
0
0
0
0
0
0
0
0
0
0
0
0
0
0
0
0
0
0
0
0
0
0
0
0
0
0
0
0
0
0
0
0
0
0
0
0
0
0
0
0
0
0
0
0
0
0
0
0
0
0
0
0
0
0
0
0
0
0
0
0
0
0
0
0
0
0
0
0
0
0
0
0
0
0
0
0
0
0
0
0
0
0
0
0
0
0
0
0
0
0
0
0
0
0
0
0
0
0
0
0
0
0
0
0
0
0
0
0
0
0
0
0
0
0
0
0
0
0
0
0
0
0
0
0
0
0
0
0
0
0
0
0
0
0
0
0
0
0
0
0
0
0
0
0
0
0
0
0
0
0
0
0
0
0
0
0
0
0
0
0
0
0
0
0
0
0
0
0
0
0
0
0
0
0
0
0
0
0
0
0
0
0
0
0
0
0
0
0
0
0
0
0
0
0
0
0
0
0
0
0
0
0
0
0
0
0
0
0
0
0
0
0
0
0
0
0
0
0
0
0
0
0
0
0
0
0
0
0
0
0
0
0
0
0
0
0
0
0
0
0
0
0
0
0
0
0
0
0
0
0
0
0
0
0
0
0
0
0
0
0
0
0
0
0
0
0
0
0
0
0
0
0
0
0
0
0
0
0
0
0
0
0
0
0
0
0
0
0
0
0
0
0
0
0
0
0
0
0
0
0
0
0
0
0
0
0
0
0
0
0
0
0
0
0
0
0
0
0
0
0
0
0
0
0
0
0
0
0
0
0
0
0
0
0
0
0
0
0
0
0
0
0
0
0
0
0
0
0
0
0
0
0
0
0
0
0
0
0
0
0
0
0
0
0
0
0
0
0
0
0
0
0
0
0
0
0
0
0
0
0
0
0
0
0
0
0
0
0
0
0
0
0
0
0
0
0
0
0
0
0
0
0
0
0
0
0
0
0
0
0
0
0
0
0
0
0
0
0
0
0
0
0
0
0
0
0
0
0
0
0
0
0
0
0
0
0
0
0
0
0
0
0
0
0
0
0
0
0
0
0
0
0
0
0
0
0
0
0
0
0
0
0
0
0
0
0
0
0
0
0
0
0
0
0
0
0
0
0
0
0
0
0
0
0
0
0
0
0
0
0
0
0
0
0
0
0
0
0
0
0
0
0
0
0
0
0
0
0
0
0
0
0
0
0
0
0
0
0
0
0
0
0
0
0
0
0
0
0
0
0
0
0
0
0
0
0
0
0
0
0
0
0
0
0
0
0
0
0
0
0
0
0
0
0
0
0
0
0
0
0
0
0
0
0
0
0
0
0
0
0
0
0
0
0
0
0
0
0
0
0
0
0
0
0
0
0
0
0
0
0
0
0
0
0
0
0
0
0
0
0
0
0
0
0
0
0
0
0
0
0
0
0
0
0
0
0
0
0
0
0
0
0
0
0
0
0
0
0
0
0
0
0
0
0
0
0
0
0
0
0
0
0
0
0
0
0
0
0
0
0
0
0
0
0
0
0
0
0
0
0
0
0
0
0
0
0
0
0
0
0
0
0
0
0
0
0
0
0
0
0
0
0
0
0
0
0
0
0
0
0
0
0
0
0
0
0
0
0
0
0
0
0
0
0
0
0
0
0
0
0
0
0
0
0
0
0
0
0
0
0
0
0
0
0
0
0
0
0
0
0
0
0
0
0
0
0
0
0
0
0
0
0
0
0
0
0
0
0
0
0
0
0
0
0
0
0
0
0
0
0
0
0
0
0
0
0
0
0
0
0
0
0
0
0
0
0
0
0
0
0
0
0
0
0
0
0
0
0
0
0
0
0
0
0
0
0
0
0
0
0
0
0
0
0
0
0
0
0
0
0
0
0
0
0
0
0
0
0
0
0
0
0
0
0
0
0
0
0
0
0
0
0
0
0
0
0
0
0
0
0
0
0
0
0
0
0
0
0
0
0
0
0
0
0
0
0
0
0
0
0
0
0
0
0
0
0
0
0
0
0
0
0
0
0
0
0
0
0
0
0
0
0
0
0
0
0
0
0
0
0
0
0
0
0
0
0
0
0
0
0
0
0
0
0
0
0
0
0
0
0
0
0
0
0
0
0
0
0
0
0
0
0
0
0
0
0
0
0
0
0
0
0
0
0
0
0
0
0
0
0
0
0
0
0
0
0
0
0
0
0
0
0
0
0
0
0
0
0
0
0
0
0
0
0
0
0
0
0
0
0
0
0
0
0
0
0
0
0
0
0
0
0
0
0
0
0
0
0
0
0
0
0
0
0
0
0
0
0
0
0
0
0
0
0
0
0
0
0
0
0
0
0
0
0
0
0
0
0
0
0
0
0
0
0
0
0
0
0
0
0
0
0
0
0
0
0
0
0
0
0
0
0
0
0
0
0
0
0
0
0
0
0
0
0
0
0
0
0
0
0
0
0
0
0
0
0
0
0
0
0
0
0
0
0
0
0
0
0
0
0
0
0
0
0
0
0
0
0
0
0
0
0
0
0
0
0
0
0
0
0
0
0
0
0
0
0
0
0
0
0
0
0
0
0
0
0
0
0
0
0
0
0
0
0
0
0
0
0
0
0
0
0
0
0
0
0
0
0
0
0
0
0
0
0
0
0
0
0
0
0
0
0
0
0
0
0
0
0
0
0
0
0
0
0
0
0
0
0
0
0
0
0
0
0
0
0
0
0
0
0
0
0
0
0
0
0
0
0
0
0
0
0
0
0
0
0
0
0
0
0
0
0
0
0
0
0
0
0
0
0
0
0
0
0
0
0
0
0
0
0
0
0
0
0
0
0
0
0
0
0
0
0
0
0
0
0
0
0
0
0
0
0
0
0
0
0
0
0
0
0
0
0
0
0
0
0
0
0
0
0
0
0
0
0
0
0
0
0
0
0
0
0
0
0
0
0
0
0
0
0
0
0
0
0
0
0
0
0
0
0
0
0
0
0
0
0
0
0
0
0
0
0
0
0
0
0
0
0
0
0
0
0
0
0
0
0
0
0
0
0
0
0
0
0
0
0
0
0
0
0
0
0
0
0
0
0
0
0
0
0
0
0
0
0
0
0
0
0
0
0
0
0
0
0
0
0
0
0
0
0
0
0
0
0
0
0
0
0
0
0
0
0
0
0
0
0
0
0
0
0
0
0
0
0
0
0
0
0
0
0
0
0
0
0
0
0
0
0
0
0
0
0
0
0
0
0
0
0
0
0
0
0
0
0
0
0
0
0
0
0
0
0
0
0
0
0
0
0
0
0
0
0
0
0
0
0
0
0
0
0
0
0
0
0
0
0
0
0
0
0
0
0
0
0
0
0
0
0
0
0
0
0
0
0
0
0
0
0
0
0
0
0
0
0
0
0
0
0
0
0
0
0
0
0
0
0
0
0
0
0
0
0
0
0
0
0
0
0
0
0
0
0
0
0
0
0
0
0
0
0
0
0
0
0
0
0
0
0
0
0
0
0
0
0
0
0
0
0
0
0
0
0
0
0
0
0
0
0
0
0
0
0
0
0
0
0
0
0
0
0
0
0
0
0
0
0
0
0
0
0
0
0
0
0
0
0
0
0
0
0
0
0
0
0
0
0
0
0
0
0
0
0
0
0
0
0
0
0
0
0
0
0
0
0
0
0
0
0
0
0
0
0
0
0
0
0
0
0
0
0
0
0
0
0
0
0
0
0
0
0
0
0
0
0
0
0
0
0
0
0
0
0
0
0
0
0
0
0
0
0
0
0
0
0
0
0
0
0
0
0
0
0
0
0
0
0
0
0
0
0
0
0
0
0
0
0
0
0
0
0
0
0
0
0
0
0
0
0
0
0
0
0
0
0
0
0
0
0
0
0
0
0
0
0
0
0
0
0
0
0
0
0
0
0
0
0
0
0
0
0
0
0
0
0
0
0
0
0
0
0
0
0
0
0
0
0
0
0
0
0
0
0
0
0
0
0
0
0
0
0
0
0
0
0
0
0
0
0
0
0
0
0
0
0
0
0
0
0
0
0
0
0
0
0
0
0
0
0
0
0
0
0
0
0
0
0
0
0
0
0
0
0
0
0
0
0
0
0
0
0
0
0
0
0
0
0
0
0
0
0
0
0
0
0
0
0
0
0
0
0
0
0
0
0
0
0
0
0
0
0
0
0
0
0
0
0
0
0
0
0
0
0
0
0
0
0
0
0
0
0
0
0
0
0
0
0
0
0
0
0
0
0
0
0
0
0
0
0
0
0
0
0
0
0
0
0
0
0
0
0
0
0
0
0
0
0
0
0
0
0
0
0
0
0
0
0
0
0
0
0
0
0
0
0
0
0
0
0
0
0
0
0
0
0
0
0
0
0
0
0
0
0
0
0
0
0
0
0
0
0
0
0
0
0
0
0
0
0
0
0
0
0
0
0
0
0
0
0
0
0
0
0
0
0
0
0
0
0
0
0
0
0
0
0
0
0
0
0
0
0
0
0
0
0
0
0
0
0
0
0
0
0
0
0
0
0
0
0
0
0
0
0
0
0
0
0
0
0
0
0
0
0
0
0
0
0
0
0
0
0
0
0
0
0
0
0
0
0
0
0
0
0
0
0
0
0
0
0
0
0
0
0
0
0
0
0
0
0
0
0
0
0
0
0
0
0
0
0
0
0
0
0
0
0
0
0
0
0
0
0
0
0
0
0
0
0
0
0
0
0
0
0
0
0
0
0
0
0
0
0
0
0
0
0
0
0
0
0
0
0
0
0
0
0
0
0
0
0
0
0
0
0
0
0
0
0
0
0
0
0
0
0
0
0
0
0
0
0
0
0
0
0
0
0
0
0
0
0
0
0
0
0
0
0
0
0
0
0
0
0
0
0
0
0
0
0
0
0
0
0
0
0
0
0
0
0
0
0
0
0
0
0
0
0
0
0
0
0
0
0
0
0
0
0
0
0
0
0
0
0
0
0
0
0
0
0
0
0
0
0
0
0
0
0
0
0
0
0
0
0
0
0
0
0
0
0
0
0
0
0
0
0
0
0
0
0
0
0
0
0
0
0
0
0
0
0
0
0
0
0
0
0
0
0
0
0
0
0
0
0
0
0
0
0
0
0
0
0
0
0
0
0
0
0
0
0
0
0
0
0
0
0
0
0
0
0
0
0
0
0
0
0
0
0
0
0
0
0
0
0
0
0
0
0
0
0
0
0
0
0
0
0
0
0
0
0
0
0
0
0
0
0
0
0
0
0
0
0
0
0
0
0
0
0
0
0
0
0
0
0
0
0
0
0
0
0
0
0
0
0
0
0
0
0
0
0
0
0
0
0
0
0
0
0
0
0
0
0
0
0
0
0
0
0
0
0
0
0
0
0
0
0
0
0
0
0
0
0
0
0
0
0
0
0
0
0
0
0
0
0
0
0
0
0
0
0
0
0
0
0
0
0
0
0
0
0
0
0
0
0
0
0
0
0
0
0
0
0
0
0
0
0
0
0
0
0
0
0
0
0
0
0
0
0
0
0
0
0
0
0
0
0
0
0
0
0
0
0
0
0
0
0
0
0
0
0
0
0
0
0
0
0
0
0
0
0
0
0
0
0
0
0
0
0
0
0
0
0
0
0
0
0
0
0
0
0
0
0
0
0
0
0
0
0
0
0
0
0
0
0
0
0
0
0
0
0
0
0
0
0
0
0
0
0
0
0
0
0
0
0
0
0
0
0
0
0
0
0
0
0
0
0
0
0
0
0
0
0
0
0
0
0
0
0
0
0
0
0
0
0
0
0
0
0
0
0
0
0
0
0
0
0
0
0
0
0
0
0
0
0
0
0
0
0
0
0
0
0
0
0
0
0
0
0
0
0
0
0
0
0
0
0
0
0
0
0
0
0
0
0
0
0
0
0
0
0
0
0
0
0
0
0
0
0
0
0
0
0
0
0
0
0
0
0
0
0
0
0
0
0
0
0
0
0
0
0
0
0
0
0
0
0
0
0
0
0
0
0
0
0
0
0
0
0
0
0
0
0
0
0
0
0
0
0
0
0
0
0
0
0
0
0
0
0
0
0
0
0
0
0
0
0
0
0
0
0
0
0
0
0
0
0
0
0
0
0
0
0
0
0
0
0
0
0
0
0
0
0
0
0
0
0
0
0
0
0
0
0
0
0
0
0
0
0
0
0
0
0
0
0
0
0
0
0
0
0
0
0
0
0
0
0
0
0
0
0
0
0
0
0
0
0
0
0
0
0
0
0
0
0
0
0
0
0
0
0
0
0
0
0
0
0
0
0
0
0
0
0
0
0
0
0
0
0
0
0
0
0
0
0
0
0
0
0
0
0
0
0
0
0
0
0
0
0
0
0
0
0
0
0
0
0
0
0
0
0
0
0
0
0
0
0
0
0
0
0
0
0
0
0
0
0
0
0
0
0
0
0
0
0
0
0
0
0
0
0
0
0
0
0
0
0
0
0
0
0
0
0
0
0
0
0
0
0
0
0
0
0
0
0
0
0
0
0
0
0
0
0
0
0
0
0
0
0
0
0
0
0
0
0
0
0
0
0
0
0
0
0
0
0
0
0
0
0
0
0
0
0
0
0
0
0
0
0
0
0
0
0
0
0
0
0
0
0
0
0
0
0
0
0
0
0
0
0
0
0
0
0
0
0
0
0
0
0
0
0
0
0
0
0
0
0
0
0
0
0
0
0
0
0
0
0
0
0
0
0
0
0
0
0
0
0
0
0
0
0
0
0
0
0
0
0
0
0
0
0
0
0
0
0
0
0
0
0
0
0
0
0
0
0
0
0
0
0
0
0
0
0
0
0
0
0
0
0
0
0
0
0
0
0
0
0
0
0
0
0
0
0
0
0
0
0
0
0
0
0
0
0
0
0
0
0
0
0
0
0
0
0
0
0
0
0
0
0
0
0
0
0
0
0
0
0
0
0
0
0
0
0
0
0
0
0
0
0
0
0
0
0
0
0
0
0
0
0
0
0
0
0
0
0
0
0
0
0
0
0
0
0
0
0
0
0
0
0
0
0
0
0
0
0
0
0
0
0
0
0
0
0
0
0
0
0
0
0
0
0
0
0
0
0
0
0
0
0
0
0
0
0
0
0
0
0
0
0
0
0
0
0
0
0
0
0
0
0
0
0
0
0
0
0
0
0
0
0
0
0
0
0
0
0
0
0
0
0
0
0
0
0
0
0
0
0
0
0
0
0
0
0
0
0
0
0
0
0
0
0
0
0
0
0
0
0
0
0
0
0
0
0
0
0
0
0
0
0
0
0
0
0
0
0
0
0
0
0
0
0
0
0
0
0
0
0
0
0
0
0
0
0
0
0
0
0
0
0
0
0
0
0
0
0
0
0
0
0
0
0
0
0
0
0
0
0
0
0
0
0
0
0
0
0
0
0
0
0
0
0
0
0
0
0
0
0
0
0
0
0
0
0
0
0
0
0
0
0
0
0
0
0
0
0
0
0
0
0
0
0
0
0
0
0
0
0
0
0
0
0
0
0
0
0
0
0
0
0
0
0
0
0
0
0
0
0
0
0
0
0
0
0
0
0
0
0
0
0
0
0
0
0
0
0
0
0
0
0
0
0
0
0
0
0
0
0
0
0
0
0
0
0
0
0
0
0
0
0
0
0
0
0
0
0
0
0
0
0
0
0
0
0
0
0
0
0
0
0
0
0
0
0
0
0
0
0
0
0
0
0
0
0
0
0
0
0
0
0
0
0
0
0
0
0
0
0
0
0
0
0
0
0
0
0
0
0
0
0
0
0
0
0
0
0
0
0
0
0
0
0
0
0
0
0
0
0
0
0
0
0
0
0
0
0
0
0
0
0
0
0
0
0
0
0
0
0
0
0
0
0
0
0
0
0
0
0
0
0
0
0
0
0
0
0
0
0
0
0
0
0
0
0
0
0
0
0
0
0
0
0
0
0
0
0
0
0
0
0
0
0
0
0
0
0
0
0
0
0
0
0
0
0
0
0
0
0
0
0
0
0
0
0
0
0
0
0
0
0
0
0
0
0
0
0
0
0
0
0
0
0
0
0
0
0
0
0
0
0
0
0
0
0
0
0
0
0
0
0
0
0
0
0
0
0
0
0
0
0
0
0
0
0
0
0
0
0
0
0
0
0
0
0
0
0
0
0
0
0
0
0
0
0
0
0
0
0
0
0
0
0
0
0
0
0
0
0
0
0
0
0
0
0
0
0
0
0
0
0
0
0
0
0
0
0
0
0
0
0
0
0
0
0
0
0
0
0
0
0
0
0
0
0
0
0
0
0
0
0
0
0
0
0
0
0
0
0
0
0
0
0
0
0
0
0
0
0
0
0
0
0
0
0
0
0
0
0
0
0
0
0
0
0
0
0
0
0
0
0
0
0
0
0
0
0
0
0
0
0
0
0
0
0
0
0
0
0
0
0
0
0
0
0
0
0
0
0
0
0
0
0
0
0
0
0
0
0
0
0
0
0
0
0
0
0
0
0
0
0
0
0
0
0
0
0
0
0
0
0
0
0
0
0
0
0
0
0
0
0
0
0
0
0
0
0
0
0
0
0
0
0
0
0
0
0
0
0
0
0
0
0
0
0
0
0
0
0
0
0
0
0
0
0
0
0
0
0
0
0
0
0
0
0
0
0
0
0
0
0
0
0
0
0
0
0
0
0
0
0
0
0
0
0
0
0
0
0
0
0
0
0
0
0
0
0
0
0
0
0
0
0
0
0
0
0
0
0
0
0
0
0
0
0
0
0
0
0
0
0
0
0
0
0
0
0
0
0
0
0
0
0
0
0
0
0
0
0
0
0
0
0
0
0
0
0
0
0
0
0
0
0
0
0
0
0
0
0
0
0
0
0
0
0
0
0
0
0
0
0
0
0
0
0
0
0
0
0
0
0
0
0
0
0
0
0
0
0
0
0
0
0
0
0
0
0
0
0
0
0
0
0
0
0
0
0
0
0
0
0
0
0
0
0
0
0
0
0
0
0
0
0
0
0
0
0
0
0
0
0
0
0
0
0
0
0
0
0
0
0
0
0
0
0
0
0
0
0
0
0
0
0
0
0
0
0
0
0
0
0
0
0
0
0
0
0
0
0
0
0
0
0
0
0
0
0
0
0
0
0
0
0
0
0
0
0
0
0
0
0
0
0
0
0
0
0
0
0
0
0
0
0
0
0
0
0
0
0
0
0
0
0
0
0
0
0
0
0
0
0
0
0
0
0
0
0
0
0
0
0
0
0
0
0
0
0
0
0
0
0
0
0
0
0
0
0
0
0
0
0
0
0
0
0
0
0
0
0
0
0
0
0
0
0
0
0
0
0
0
0
0
0
0
0
0
0
0
0
0
0
0
0
0
0
0
0
0
0
0
0
0
0
0
0
0
0
0
0
0
0
0
0
0
0
0
0
0
0
0
0
0
0
0
0
0
0
0
0
0
0
0
0
0
0
0
0
0
0
0
0
0
0
0
0
0
0
0
0
0
0
0
0
0
0
0
0
0
0
0
0
0
0
0
0
0
0
0
0
0
0
0
0
0
0
0
0
0
0
0
0
0
0
0
0
0
0
0
0
0
0
0
0
0
0
0
0
0
0
0
0
0
0
0
0
0
0
0
0
0
0
0
0
0
0
0
0
0
0
0
0
0
0
0
0
0
0
0
0
0
0
0
0
0
0
0
0
0
0
0
0
0
0
0
0
0
0
0
0
0
0
0
0
0
0
0
0
0
0
0
0
0
0
0
0
0
0
0
0
0
0
0
0
0
0
0
0
0
0
0
0
0
0
0
0
0
0
0
0
0
0
0
0
0
0
0
0
0
0
0
0
0
0
0
0
0
0
0
0
0
0
0
0
0
0
0
0
0
0
0
0
0
0
0
0
0
0
0
0
0
0
0
0
0
0
0
0
0
0
0
0
0
0
0
0
0
0
0
0
0
0
0
0
0
0
0
0
0
0
0
0
0
0
0
0
0
0
0
0
0
0
0
0
0
0
0
0
0
0
0
0
0
0
0
0
0
0
0
0
0
0
0
0
0
0
0
0
0
0
0
0
0
0
0
0
0
0
0
0
0
0
0
0
0
0
0
0
0
0
0
0
0
0
0
0
0
0
0
0
0
0
0
0
0
0
0
0
0
0
0
0
0
0
0
0
0
0
0
0
0
0
0
0
0
0
0
0
0
0
0
0
0
0
0
0
0
0
0
0
0
0
0
0
0
0
0
0
0
0
0
0
0
0
0
0
0
0
0
0
0
0
0
0
0
0
0
0
0
0
0
0
0
0
0
0
0
0
0
0
0
0
0
0
0
0
0
0
0
0
0
0
0
0
0
0
0
0
0
0
0
0
0
0
0
0
0
0
0
0
0
0
0
0
0
0
0
0
0
0
0
0
0
0
0
0
0
0
0
0
0
0
0
0
0
0
0
0
0
0
0
0
0
0
0
0
0
0
0
0
0
0
0
0
0
0
0
0
0
0
0
0
0
0
0
0
0
0
0
0
0
0
0
0
0
0
0
0
0
0
0
0
0
0
0
0
0
0
0
0
0
0
0
0
0
0
0
0
0
0
0
0
0
0
0
0
0
0
0
0
0
0
0
0
0
0
0
0
0
0
0
0
0
0
0
0
0
0
0
0
0
0
0
0
0
0
0
0
0
0
0
0
0
0
0
0
0
0
0
0
0
0
0
0
0
0
0
0
0
0
0
0
0
0
0
0
0
0
0
0
0
0
0
0
0
0
0
0
0
0
0
0
0
0
0
0
0
0
0
0
0
0
0
0
0
0
0
0
0
0
0
0
0
0
0
0
0
0
0
0
0
0
0
0
0
0
0
0
0
0
0
0
0
0
0
0
0
0
0
0
0
0
0
0
0
0
0
0
0
0
0
0
0
0
0
0
0
0
0
0
0
0
0
0
0
0
0
0
0
0
0
0
0
0
0
0
0
0
0
0
0
0
0
0
0
0
0
0
0
0
0
0
0
0
0
0
0
0
0
0
0
0
0
0
0
0
0
0
0
0
0
0
0
0
0
0
0
0
0
0
0
0
0
0
0
0
0
0
0
0
0
0
0
0
0
0
0
0
0
0
0
0
0
0
0
0
0
0
0
0
0
0
0
0
0
0
0
0
0
0
0
0
0
0
0
0
0
0
0
0
0
0
0
0
0
0
0
0
0
0
0
0
0
0
0
0
0
0
0
0
0
0
0
0
0
0
0
0
0
0
0
0
0
0
0
0
0
0
0
0
0
0
0
0
0
0
0
0
0
0
0
0
0
0
0
0
0
0
0
0
0
0
0
0
0
0
0
0
0
0
0
0
0
0
0
0
0
0
0
0
0
0
0
0
0
0
0
0
0
0
0
0
0
0
0
0
0
0
0
0
0
0
0
0
0
0
0
0
0
0
0
0
0
0
0
0
0
0
0
0
0
0
0
0
0
0
0
0
0
0
0
0
0
0
0
0
0
0
0
0
0
0
0
0
0
0
0
0
0
0
0
0
0
0
0
0
0
0
0
0
0
0
0
0
0
0
0
0
0
0
0
0
0
0
0
0
0
0
0
0
0
0
0
0
0
0
0
0
0
0
0
0
0
0
0
0
0
0
0
0
0
0
0
0
0
0
0
0
0
0
0
0
0
0
0
0
0
0
0
0
0
0
0
0
0
0
0
0
0
0
0
0
0
0
0
0
0
0
0
0
0
0
0
0
0
0
0
0
0
0
0
0
0
0
0
0
0
0
0
0
0
0
0
0
0
0
0
0
0
0
0
0
0
0
0
0
0
0
0
0
0
0
0
0
0
0
0
0
0
0
0
0
0
0
0
0
0
0
0
0
0
0
0
0
0
0
0
0
0
0
0
0
0
0
0
0
0
0
0
0
0
0
0
0
0
0
0
0
0
0
0
0
0
0
0
0
0
0
0
0
0
0
0
0
0
0
0
0
0
0
0
0
0
0
0
0
0
0
0
0
0
0
0
0
0
0
0
0
0
0
0
0
0
0
0
0
0
0
0
0
0
0
0
0
0
0
0
0
0
0
0
0
0
0
0
0
0
0
0
0
0
0
0
0
0
0
0
0
0
0
0
0
0
0
0
0
0
0
0
0
0
0
0
0
0
0
0
0
0
0
0
0
0
0
0
0
0
0
0
0
0
0
0
0
0
0
0
0
0
0
0
0
0
0
0
0
0
0
0
0
0
0
0
0
0
0
0
0
0
0
0
0
0
0
0
0
0
0
0
0
0
0
0
0
0
0
0
0
0
0
0
0
0
0
0
0
0
0
0
0
0
0
0
0
0
0
0
0
0
0
0
0
0
0
0
0
0
0
0
0
0
0
0
0
0
0
0
0
0
0
0
0
0
0
0
0
0
0
0
0
0
0
0
0
0
0
0
0
0
0
0
0
0
0
0
0
0
0
0
0
0
0
0
0
0
0
0
0
0
0
0
0
0
0
0
0
0
0
0
0
0
0
0
0
0
0
0
0
0
0
0
0
0
0
0
0
0
0
0
0
0
0
0
0
0
0
0
0
0
0
0
0
0
0
0
0
0
0
0
0
0
0
0
0
0
0
0
0
0
0
0
0
0
0
0
0
0
0
0
0
0
0
0
0
0
0
0
0
0
0
0
0
0
0
0
0
0
0
0
0
0
0
0
0
0
0
0
0
0
0
0
0
0
0
0
0
0
0
0
0
0
0
0
0
0
0
0
0
0
0
0
0
0
0
0
0
0
0
0
0
0
0
0
0
0
0
0
0
0
0
0
0
0
0
0
0
0
0
0
0
0
0
0
0
0
0
0
0
0
0
0
0
0
0
0
0
0
0
0
0
0
0
0
0
0
0
0
0
0
0
0
0
0
0
0
0
0
0
0
0
0
0
0
0
0
0
0
0
0
0
0
0
0
0
0
0
0
0
0
0
0
0
0
0
0
0
0
0
0
0
0
0
0
0
0
0
0
0
0
0
0
0
0
0
0
0
0
0
0
0
0
0
0
0
0
0
0
0
0
0
0
0
0
0
0
0
0
0
0
0
0
0
0
0
0
0
0
0
0
0
0
0
0
0
0
0
0
0
0
0
0
0
0
0
0
0
0
0
0
0
0
0
0
0
0
0
0
0
0
0
0
0
0
0
0
0
0
0
0
0
0
0
0
0
0
0
0
0
0
0
0
0
0
0
0
0
0
0
0
0
0
0
0
0
0
0
0
0
0
0
0
0
0
0
0
0
0
0
0
0
0
0
0
0
0
0
0
0
0
0
0
0
0
0
0
0
0
0
0
0
0
0
0
0
0
0
0
0
0
0
0
0
0
0
0
0
0
0
0
0
0
0
0
0
0
0
0
0
0
0
0
0
0
0
0
0
0
0
0
0
0
0
0
0
0
0
0
0
0
0
0
0
0
0
0
0
0
0
0
0
0
0
0
0
0
0
0
0
0
0
0
0
0
0
0
0
0
0
0
0
0
0
0
0
0
0
0
0
0
0
0
0
0
0
0
0
0
0
0
0
0
0
0
0
0
0
0
0
0
0
0
0
0
0
0
0
0
0
0
0
0
0
0
0
0
0
0
0
0
0
0
0
0
0
0
0
0
0
0
0
0
0
0
0
0
0
0
0
0
0
0
0
0
0
0
0
0
0
0
0
0
0
0
0
0
0
0
0
0
0
0
0
0
0
0
0
0
0
0
0
0
0
0
0
0
0
0
0
0
0
0
0
0
0
0
0
0
0
0
0
0
0
0
0
0
0
0
0
0
0
0
0
0
0
0
0
0
0
0
0
0
0
0
0
0
0
0
0
0
0
0
0
0
0
0
0
0
0
0
0
0
0
0
0
0
0
0
0
0
0
0
0
0
0
0
0
0
0
0
0
0
0
0
0
0
0
0
0
0
0
0
0
0
0
0
0
0
0
0
0
0
0
0
0
0
0
0
0
0
0
0
0
0
0
0
0
0
0
0
0
0
0
0
0
0
0
0
0
0
0
0
0
0
0
0
0
0
0
0
0
0
0
0
0
0
0
0
0
0
0
0
0
0
0
0
0
0
0
0
0
0
0
0
0
0
0
0
0
0
0
0
0
0
0
0
0
0
0
0
0
0
0
0
0
0
0
0
0
0
0
0
0
0
0
0
0
0
0
0
0
0
0
0
0
0
0
0
0
0
0
0
0
0
0
0
0
0
0
0
0
0
0
0
0
0
0
0
0
0
0
0
0
0
0
0
0
0
0
0
0
0
0
0
0
0
0
0
0
0
0
0
0
0
0
0
0
0
0
0
0
0
0
0
0
0
0
0
0
0
0
0
0
0
0
0
0
0
0
0
0
0
0
0
0
0
0
0
0
0
0
0
0
0
0
0
0
0
0
0
0
0
0
0
0
0
0
0
0
0
0
0
0
0
0
0
0
0
0
0
0
0
0
0
0
0
0
0
0
0
0
0
0
0
0
0
0
0
0
0
0
0
0
0
0
0
0
0
0
0
0
0
0
0
0
0
0
0
0
0
0
0
0
0
0
0
0
0
0
0
0
0
0
0
0
0
0
0
0
0
0
0
0
0
0
0
0
0
0
0
0
0
0
0
0
0
0
0
0
0
0
0
0
0
0
0
0
0
0
0
0
0
0
0
0
0
0
0
0
0
0
0
0
0
0
0
0
0
0
0
0
0
0
0
0
0
0
0
0
0
0
0
0
0
0
0
0
0
0
0
0
0
0
0
0
0
0
0
0
0
0
0
0
0
0
0
0
0
0
0
0
0
0
0
0
0
0
0
0
0
0
0
0
0
0
0
0
0
0
0
0
0
0
0
0
0
0
0
0
0
0
0
0
0
0
0
0
0
0
0
0
0
0
0
0
0
0
0
0
0
0
0
0
0
0
0
0
0
0
0
0
0
0
0
0
0
0
0
0
0
0
0
0
0
0
0
0
0
0
0
0
0
0
0
0
0
0
0
0
0
0
0
0
0
0
0
0
0
0
0
0
0
0
0
0
0
0
0
0
0
0
0
0
0
0
0
0
0
0
0
0
0
0
0
0
0
0
0
0
0
0
0
0
0
0
0
0
0
0
0
0
0
0
0
0
0
0
0
0
0
0
0
0
0
0
0
0
0
0
0
0
0
0
0
0
0
0
0
0
0
0
0
0
0
0
0
0
0
0
0
0
0
0
0
0
0
0
0
0
0
0
0
0
0
0
0
0
0
0
0
0
0
0
0
0
0
0
0
0
0
0
0
0
0
0
0
0
0
0
0
0
0
0
0
0
0
0
0
0
0
0
0
0
0
0
0
0
0
0
0
0
0
0
0
0
0
0
0
0
0
0
0
0
0
0
0
0
0
0
0
0
0
0
0
0
0
0
0
0
0
0
0
0
0
0
0
0
0
0
0
0
0
0
0
0
0
0
0
0
0
0
0
0
0
0
0
0
0
0
0
0
0
0
0
0
0
0
0
0
0
0
0
0
0
0
0
0
0
0
0
0
0
0
0
0
0
0
0
0
0
0
0
0
0
0
0
0
0
0
0
0
0
0
0
0
0
0
0
0
0
0
0
0
0
0
0
0
0
0
0
0
0
0
0
0
0
0
0
0
0
0
0
0
0
0
0
0
0
0
0
0
0
0
0
0
0
0
0
0
0
0
0
0
0
0
0
0
0
0
0
0
0
0
0
0
0
0
0
0
0
0
0
0
0
0
0
0
0
0
0
0
0
0
0
0
0
0
0
0
0
0
0
0
0
0
0
0
0
0
0
0
0
0
0
0
0
0
0
0
0
0
0
0
0
0
0
0
0
0
0
0
0
0
0
0
0
0
0
0
0
0
0
0
0
0
0
0
0
0
0
0
0
0
0
0
0
0
0
0
0
0
0
0
0
0
0
0
0
0
0
0
0
0
0
0
0
0
0
0
0
0
0
0
0
0
0
0
0
0
0
0
0
0
0
0
0
0
0
0
0
0
0
0
0
0
0
0
0
0
0
0
0
0
0
0
0
0
0
0
0
0
0
0
0
0
0
0
0
0
0
0
0
0
0
0
0
0
0
0
0
0
0
0
0
0
0
0
0
0
0
0
0
0
0
0
0
0
0
0
0
0
0
0
0
0
0
0
0
0
0
0
0
0
0
0
0
0
0
0
0
0
0
0
0
0
0
0
0
0
0
0
0
0
0
0
0
0
0
0
0
0
0
0
0
0
0
0
0
0
0
0
0
0
0
0
0
0
0
0
0
0
0
0
0
0
0
0
0
0
0
0
0
0
0
0
0
0
0
0
0
0
0
0
0
0
0
0
0
0
0
0
0
0
0
0
0
0
0
0
0
0
0
0
0
0
0
0
0
0
0
0
0
0
0
0
0
0
0
0
0
0
0
0
0
0
0
0
0
0
0
0
0
0
0
0
0
0
0
0
0
0
0
0
0
0
0
0
0
0
0
0
0
0
0
0
0
0
0
0
0
0
0
0
0
0
0
0
0
0
0
0
0
0
0
0
0
0
0
0
0
0
0
0
0
0
0
0
0
0
0
0
0
0
0
0
0
0
0
0
0
0
0
0
0
0
0
0
0
0
0
0
0
0
0
0
0
0
0
0
0
0
0
0
0
0
0
0
0
0
0
0
0
0
0
0
0
0
0
0
0
0
0
0
0
0
0
0
0
0
0
0
0
0
0
0
0
0
0
0
0
0
0
0
0
0
0
0
0
0
0
0
0
0
0
0
0
0
0
0
0
0
0
0
0
0
0
0
0
0
0
0
0
0
0
0
0
0
0
0
0
0
0
0
0
0
0
0
0
0
0
0
0
0
0
0
0
0
0
0
0
0
0
0
0
0
0
0
0
0
0
0
0
0
0
0
0
0
0
0
0
0
0
0
0
0
0
0
0
0
0
0
0
0
0
0
0
0
0
0
0
0
0
0
0
0
0
0
0
0
0
0
0
0
0
0
0
0
0
0
0
0
0
0
0
0
0
0
0
0
0
0
0
0
0
0
0
0
0
0
0
0
0
0
0
0
0
0
0
0
0
0
0
0
0
0
0
0
0
0
0
0
0
0
0
0
0
0
0
0
0
0
0
0
0
0
0
0
0
0
0
0
0
0
0
0
0
0
0
0
0
0
0
0
0
0
0
0
0
0
0
0
0
0
0
0
0
0
0
0
0
0
0
0
0
0
0
0
0
0
0
0
0
0
0
0
0
0
0
0
0
0
0
0
0
0
0
0
0
0
0
0
0
0
0
0
0
0
0
0
0
0
0
0
0
0
0
0
0
0
0
0
0
0
0
0
0
0
0
0
0
0
0
0
0
0
0
0
0
0
0
0
0
0
0
0
0
0
0
0
0
0
0
0
0
0
0
0
0
0
0
0
0
0
0
0
0
0
0
0
0
0
0
0
0
0
0
0
0
0
0
0
0
0
0
0
0
0
0
0
0
0
0
0
0
0
0
0
0
0
0
0
0
0
0
0
0
0
0
0
0
0
0
0
0
0
0
0
0
0
0
0
0
0
0
0
0
0
0
0
0
0
0
0
0
0
0
0
0
0
0
0
0
0
0
0
0
0
0
0
0
0
0
0
0
0
0
0
0
0
0
0
0
0
0
0
0
0
0
0
0
0
0
0
0
0
0
0
0
0
0
0
0
0
0
0
0
0
0
0
0
0
0
0
0
0
0
0
0
0
0
0
0
0
0
0
0
0
0
0
0
0
0
0
0
0
0
0
0
0
0
0
0
0
0
0
0
0
0
0
0
0
0
0
0
0
0
0
0
0
0
0
0
0
0
0
0
0
0
0
0
0
0
0
0
0
0
0
0
0
0
0
0
0
0
0
0
0
0
0
0
0
0
0
0
0
0
0
0
0
0
0
0
0
0
0
0
0
0
0
0
0
0
0
0
0
0
0
0
0
0
0
0
0
0
0
0
0
0
0
0
0
0
0
0
0
0
0
0
0
0
0
0
0
0
0
0
0
0
0
0
0
0
0
0
0
0
0
0
0
0
0
0
0
0
0
0
0
0
0
0
0
0
0
0
0
0
0
0
0
0
0
0
0
0
0
0
0
0
0
0
0
0
0
0
0
0
0
0
0
0
0
0
0
0
0
0
0
0
0
0
0
0
0
0
0
0
0
0
0
0
0
0
0
0
0
0
0
0
0
0
0
0
0
0
0
0
0
0
0
0
0
0
0
0
0
0
0
0
0
0
0
0
0
0
0
0
0
0
0
0
0
0
0
0
0
0
0
0
0
0
0
0
0
0
0
0
0
0
0
0
0
0
0
0
0
0
0
0
0
0
0
0
0
0
0
0
0
0
0
0
0
0
0
0
0
0
0
0
0
0
0
0
0
0
0
0
0
0
0
0
0
0
0
0
0
0
0
0
0
0
0
0
0
0
0
0
0
0
0
0
0
0
0
0
0
0
0
0
0
0
0
0
0
0
0
0
0
0
0
0
0
0
0
0
0
0
0
0
0
0
0
0
0
0
0
0
0
0
0
0
0
0
0
0
0
0
0
0
0
0
0
0
0
0
0
0
0
0
0
0
0
0
0
0
0
0
0
0
0
0
0
0
0
0
0
0
0
0
0
0
0
0
0
0
0
0
0
0
0
0
0
0
0
0
0
0
0
0
0
0
0
0
0
0
0
0
0
0
0
0
0
0
0
0
0
0
0
0
0
0
0
0
0
0
0
0
0
0
0
0
0
0
0
0
0
0
0
0
0
0
0
0
0
0
0
0
0
0
0
0
0
0
0
0
0
0
0
0
0
0
0
0
0
0
0
0
0
0
0
0
0
0
0
0
0
0
0
0
0
0
0
0
0
0
0
0
0
0
0
0
0
0
0
0
0
0
0
0
0
0
0
0
0
0
0
0
0
0
0
0
0
0
0
0
0
0
0
0
0
0
0
0
0
0
0
0
0
0
0
0
0
0
0
0
0
0
0
0
0
0
0
0
0
0
0
0
0
0
0
0
0
0
0
0
0
0
0
0
0
0
0
0
0
0
0
0
0
0
0
0
0
0
0
0
0
0
0
0
0
0
0
0
0
0
0
0
0
0
0
0
0
0
0
0
0
0
0
0
0
0
0
0
0
0
0
0
0
0
0
0
0
0
0
0
0
0
0
0
0
0
0
0
0
0
0
0
0
0
0
0
0
0
0
0
0
0
0
0
0
0
0
0
0
0
0
0
0
0
0
0
0
0
0
0
0
0
0
0
0
0
0
0
0
0
0
0
0
0
0
0
0
0
0
0
0
0
0
0
0
0
0
0
0
0
0
0
0
0
0
0
0
0
0
0
0
0
0
0
0
0
0
0
0
0
0
0
0
0
0
0
0
0
0
0
0
0
0
0
0
0
0
0
0
0
0
0
0
0
0
0
0
0
0
0
0
0
0
0
0
0
0
0
0
0
0
0
0
0
0
0
0
0
0
0
0
0
0
0
0
0
0
0
0
0
0
0
0
0
0
0
0
0
0
0
0
0
0
0
0
0
0
0
0
0
0
0
0
0
0
0
0
0
0
0
0
0
0
0
0
0
0
0
0
0
0
0
0
0
0
0
0
0
0
0
0
0
0
0
0
0
0
0
0
0
0
0
0
0
0
0
0
0
0
0
0
0
0
0
0
0
0
0
0
0
0
0
0
0
0
0
0
0
0
0
0
0
0
0
0
0
0
0
0
0
0
0
0
0
0
0
0
0
0
0
0
0
0
0
0
0
0
0
0
0
0
0
0
0
0
0
0
0
0
0
0
0
0
0
0
0
0
0
0
0
0
0
0
0
0
0
0
0
0
0
0
0
0
0
0
0
0
0
0
0
0
0
0
0
0
0
0
0
0
0
0
0
0
0
0
0
0
0
0
0
0
0
0
0
0
0
0
0
0
0
0
0
0
0
0
0
0
0
0
0
0
0
0
0
0
0
0
0
0
0
0
0
0
0
0
0
0
0
0
0
0
0
0
0
0
0
0
0
0
0
0
0
0
0
0
0
0
0
0
0
0
0
0
0
0
0
0
0
0
0
0
0
0
0
0
0
0
0
0
0
0
0
0
0
0
0
0
0
0
0
0
0
0
0
0
0
0
0
0
0
0
0
0
0
0
0
0
0
0
0
0
0
0
0
0
0
0
0
0
0
0
0
0
0
0
0
0
0
0
0
0
0
0
0
0
0
0
0
0
0
0
0
0
0
0
0
0
0
0
0
0
0
0
0
0
0
0
0
0
0
0
0
0
0
0
0
0
0
0
0
0
0
0
0
0
0
0
0
0
0
0
0
0
0
0
0
0
0
0
0
0
0
0
0
0
0
0
0
0
0
0
0
0
0
0
0
0
0
0
0
0
0
0
0
0
0
0
0
0
0
0
0
0
0
0
0
0
0
0
0
0
0
0
0
0
0
0
0
0
0
0
0
0
0
0
0
0
0
0
0
0
0
0
0
0
0
0
0
0
0
0
0
0
0
0
0
0
0
0
0
0
0
0
0
0
0
0
0
0
0
0
0
0
0
0
0
0
0
0
0
0
0
0
0
0
0
0
0
0
0
0
0
0
0
0
0
0
0
0
0
0
0
0
0
0
0
0
0
0
0
0
0
0
0
0
0
0
0
0
0
0
0
0
0
0
0
0
0
0
0
0
0
0
0
0
0
0
0
0
0
0
0
0
0
0
0
0
0
0
0
0
0
0
0
0
0
0
0
0
0
0
0
0
0
0
0
0
0
0
0
0
0
0
0
0
0
0
0
0
0
0
0
0
0
0
0
0
0
0
0
0
0
0
0
0
0
0
0
0
0
0
0
0
0
0
0
0
0
0
0
0
0
0
0
0
0
0
0
0
0
0
0
0
0
0
0
0
0
0
0
0
0
0
0
0
0
0
0
0
0
0
0
0
0
0
0
0
0
0
0
0
0
0
0
0
0
0
0
0
0
0
0
0
0
0
0
0
0
0
0
0
0
0
0
0
0
0
0
0
0
0
0
0
0
0
0
0
0
0
0
0
0
0
0
0
0
0
0
0
0
0
0
0
0
0
0
0
0
0
0
0
0
0
0
0
0
0
0
0
0
0
0
0
0
0
0
0
0
0
0
0
0
0
0
0
0
0
0
0
0
0
0
0
0
0
0
0
0
0
0
0
0
0
0
0
0
0
0
0
0
0
0
0
0
0
0
0
0
0
0
0
0
0
0
0
0
0
0
0
0
0
0
0
0
0
0
0
0
0
0
0
0
0
0
0
0
0
0
0
0
0
0
0
0
0
0
0
0
0
0
0
0
0
0
0
0
0
0
0
0
0
0
0
0
0
0
0
0
0
0
0
0
0
0
0
0
0
0
0
0
0
0
0
0
0
0
0
0
0
0
0
0
0
0
0
0
0
0
0
0
0
0
0
0
0
0
0
0
0
0
0
0
0
0
0
0
0
0
0
0
0
0
0
0
0
0
0
0
0
0
0
0
0
0
0
0
0
0
0
0
0
0
0
0
0
0
0
0
0
0
0
0
0
0
0
0
0
0
0
0
0
0
0
0
0
0
0
0
0
0
0
0
0
0
0
0
0
0
0
0
0
0
0
0
0
0
0
0
0
0
0
0
0
0
0
0
0
0
0
0
0
0
0
0
0
0
0
0
0
0
0
0
0
0
0
0
0
0
0
0
0
0
0
0
0
0
0
0
0
0
0
0
0
0
0
0
0
0
0
0
0
0
0
0
0
0
0
0
0
0
0
0
0
0
0
0
0
0
0
0
0
0
0
0
0
0
0
0
0
0
0
0
0
0
0
0
0
0
0
0
0
0
0
0
0
0
0
0
0
0
0
0
0
0
0
0
0
0
0
0
0
0
0
0
0
0
0
0
0
0
0
0
0
0
0
0
0
0
0
0
0
0
0
0
0
0
0
0
0
0
0
0
0
0
0
0
0
0
0
0
0
0
0
0
0
0
0
0
0
0
0
0
0
0
0
0
0
0
0
0
0
0
0
0
0
0
0
0
0
0
0
0
0
0
0
0
0
0
0
0
0
0
0
0
0
0
0
0
0
0
0
0
0
0
0
0
0
0
0
0
0
0
0
0
0
0
0
0
0
0
0
0
0
0
0
0
0
0
0
0
0
0
0
0
0
0
0
0
0
0
0
0
0
0
0
0
0
0
0
0
0
0
0
0
0
0
0
0
0
0
0
0
0
0
0
0
0
0
0
0
0
0
0
0
0
0
0
0
0
0
0
0
0
0
0
0
0
0
0
0
0
0
0
0
0
0
0
0
0
0
0
0
0
0
0
0
0
0
0
0
0
0
0
0
0
0
0
0
0
0
0
0
0
0
0
0
0
0
0
0
0
0
0
0
0
0
0
0
0
0
0
0
0
0
0
0
0
0
0
0
0
0
0
0
0
0
0
0
0
0
0
0
0
0
0
0
0
0
0
0
0
0
0
0
0
0
0
0
0
0
0
0
0
0
0
0
0
0
0
0
0
0
0
0
0
0
0
0
0
0
0
0
0
0
0
0
0
0
0
0
0
0
0
0
0
0
0
0
0
0
0
0
0
0
0
0
0
0
0
0
0
0
0
0
0
0
0
0
0
0
0
0
0
0
0
0
0
0
0
0
0
0
0
0
0
0
0
0
0
0
0
0
0
0
0
0
0
0
0
0
0
0
0
0
0
0
0
0
0
0
0
0
0
0
0
0
0
0
0
0
0
0
0
0
0
0
0
0
0
0
0
0
0
0
0
0
0
0
0
0
0
0
0
0
0
0
0
0
0
0
0
0
0
0
0
0
0
0
0
0
0
0
0
0
0
0
0
0
0
0
0
0
0
0
0
0
0
0
0
0
0
0
0
0
0
0
0
0
0
0
0
0
0
0
0
0
0
0
0
0
0
0
0
0
0
0
0
0
0
0
0
0
0
0
0
0
0
0
0
0
0
0
0
0
0
0
0
0
0
0
0
0
0
0
0
0
0
0
0
0
0
0
0
0
0
0
0
0
0
0
0
0
0
0
0
0
0
0
0
0
0
0
0
0
0
0
0
0
0
0
0
0
0
0
0
0
0
0
0
0
0
0
0
0
0
0
0
0
0
0
0
0
0
0
0
0
0
0
0
0
0
0
0
0
0
0
0
0
0
0
0
0
0
0
0
0
0
0
0
0
0
0
0
0
0
0
0
0
0
0
0
0
0
0
0
0
0
0
0
0
0
0
0
0
0
0
0
0
0
0
0
0
0
0
0
0
0
0
0
0
0
0
0
0
0
0
0
0
0
0
0
0
0
0
0
0
0
0
0
0
0
0
0
0
0
0
0
0
0
0
0
0
0
0
0
0
0
0
0
0
0
0
0
0
0
0
0
0
0
0
0
0
0
0
0
0
0
0
0
0
0
0
0
0
0
0
0
0
0
0
0
0
0
0
0
0
0
0
0
0
0
0
0
0
0
0
0
0
0
0
0
0
0
0
0
0
0
0
0
0
0
0
0
0
0
0
0
0
0
0
0
0
0
0
0
0
0
0
0
0
0
0
0
0
0
0
0
0
0
0
0
0
0
0
0
0
0
0
0
0
0
0
0
0
0
0
0
0
0
0
0
0
0
0
0
0
0
0
0
0
0
0
0
0
0
0
0
0
0
0
0
0
0
0
0
0
0
0
0
0
0
0
0
0
0
0
0
0
0
0
0
0
0
0
0
0
0
0
0
0
0
0
0
0
0
0
0
0
0
0
0
0
0
0
0
0
0
0
0
0
0
0
0
0
0
0
0
0
0
0
0
0
0
0
0
0
0
0
0
0
0
0
0
0
0
0
0
0
0
0
0
0
0
0
0
0
0
0
0
0
0
0
0
0
0
0
0
0
0
0
0
0
0
0
0
0
0
0
0
0
0
0
0
0
0
0
0
0
0
0
0
0
0
0
0
0
0
0
0
0
0
0
0
0
0
0
0
0
0
0
0
0
0
0
0
0
0
0
0
0
0
0
0
0
0
0
0
0
0
0
0
0
0
0
0
0
0
0
0
0
0
0
0
0
0
0
0
0
0
0
0
0
0
0
0
0
0
0
0
0
0
0
0
0
0
0
0
0
0
0
0
0
0
0
0
0
0
0
0
0
0
0
0
0
0
0
0
0
0
0
0
0
0
0
0
0
0
0
0
0
0
0
0
0
0
0
0
0
0
0
0
0
0
0
0
0
0
0
0
0
0
0
0
0
0
0
0
0
0
0
0
0
0
0
0
0
0
0
0
0
0
0
0
0
0
0
0
0
0
0
0
0
0
0
0
0
0
0
0
0
0
0
0
0
0
0
0
0
0
0
0
0
0
0
0
0
0
0
0
0
0
0
0
0
0
0
0
0
0
0
0
0
0
0
0
0
0
0
0
0
0
0
0
0
0
0
0
0
0
0
0
0
0
0
0
0
0
0
0
0
0
0
0
0
0
0
0
0
0
0
0
0
0
0
0
0
0
0
0
0
0
0
0
0
0
0
0
0
0
0
0
0
0
0
0
0
0
0
0
0
0
0
0
0
0
0
0
0
0
0
0
0
0
0
0
0
0
0
0
0
0
0
0
0
0
0
0
0
0
0
0
0
0
0
0
0
0
0
0
0
0
0
0
0
0
0
0
0
0
0
0
0
0
0
0
0
0
0
0
0
0
0
0
0
0
0
0
0
0
0
0
0
0
0
0
0
0
0
0
0
0
0
0
0
0
0
0
0
0
0
0
0
0
0
0
0
0
0
0
0
0
0
0
0
0
0
0
0
0
0
0
0
0
0
0
0
0
0
0
0
0
0
0
0
0
0
0
0
0
0
0
0
0
0
0
0
0
0
0
0
0
0
0
0
0
0
0
0
0
0
0
0
0
0
0
0
0
0
0
0
0
0
0
0
0
0
0
0
0
0
0
0
0
0
0
0
0
0
0
0
0
0
0
0
0
0
0
0
0
0
0
0
0
0
0
0
0
0
0
0
0
0
0
0
0
0
0
0
0
0
0
0
0
0
0
0
0
0
0
0
0
0
0
0
0
0
0
0
0
0
0
0
0
0
0
0
0
0
0
0
0
0
0
0
0
0
0
0
0
0
0
0
0
0
0
0
0
0
0
0
0
0
0
0
0
0
0
0
0
0
0
0
0
0
0
0
0
0
0
0
0
0
0
0
0
0
0
0
0
0
0
0
0
0
0
0
0
0
0
0
0
0
0
0
0
0
0
0
0
0
0
0
0
0
0
0
0
0
0
0
0
0
0
0
0
0
0
0
0
0
0
0
0
0
0
0
0
0
0
0
0
0
0
0
0
0
0
0
0
0
0
0
0
0
0
0
0
0
0
0
0
0
0
0
0
0
0
0
0
0
0
0
0
0
0
0
0
0
0
0
0
0
0
0
0
0
0
0
0
0
0
0
0
0
0
0
0
0
0
0
0
0
0
0
0
0
0
0
0
0
0
0
0
0
0
0
0
0
0
0
0
0
0
0
0
0
0
0
0
0
0
0
0
0
0
0
0
0
0
0
0
0
0
0
0
0
0
0
0
0
0
0
0
0
0
0
0
0
0
0
0
0
0
0
0
0
0
0
0
0
0
0
0
0
0
0
0
0
0
0
0
0
0
0
0
0
0
0
0
0
0
0
0
0
0
0
0
0
0
0
0
0
0
0
0
0
0
0
0
0
0
0
0
0
0
0
0
0
0
0
0
0
0
0
0
0
0
0
0
0
0
0
0
0
0
0
0
0
0
0
0
0
0
0
0
0
0
0
0
0
0
0
0
0
0
0
0
0
0
0
0
0
0
0
0
0
0
0
0
0
0
0
0
0
0
0
0
0
0
0
0
0
0
0
0
0
0
0
0
0
0
0
0
0
0
0
0
0
0
0
0
0
0
0
0
0
0
0
0
0
0
0
0
0
0
0
0
0
0
0
0
0
0
0
0
0
0
0
0
0
0
0
0
0
0
0
0
0
0
0
0
0
0
0
0
0
0
0
0
0
0
0
0
0
0
0
0
0
0
0
0
0
0
0
0
0
0
0
0
0
0
0
0
0
0
0
0
0
0
0
0
0
0
0
0
0
0
0
0
0
0
0
0
0
0
0
0
0
0
0
0
0
0
0
0
0
0
0
0
0
0
0
0
0
0
0
0
0
0
0
0
0
0
0
0
0
0
0
0
0
0
0
0
0
0
0
0
0
0
0
0
0
0
0
0
0
0
0
0
0
0
0
0
0
0
0
0
0
0
0
0
0
0
0
0
0
0
0
0
0
0
0
0
0
0
0
0
0
0
0
0
0
0
0
0
0
0
0
0
0
0
0
0
0
0
0
0
0
0
0
0
0
0
0
0
0
0
0
0
0
0
0
0
0
0
0
0
0
0
0
0
0
0
0
0
0
0
0
0
0
0
0
0
0
0
0
0
0
0
0
0
0
0
0
0
0
0
0
0
0
0
0
0
0
0
0
0
0
0
0
0
0
0
0
0
0
0
0
0
0
0
0
0
0
0
0
0
0
0
0
0
0
0
0
0
0
0
0
0
0
0
0
0
0
0
0
0
0
0
0
0
0
0
0
0
0
0
0
0
0
0
0
0
0
0
0
0
0
0
0
0
0
0
0
0
0
0
0
0
0
0
0
0
0
0
0
0
0
0
0
0
0
0
0
0
0
0
0
0
0
0
0
0
0
0
0
0
0
0
0
0
0
0
0
0
0
0
0
0
0
0
0
0
0
0
0
0
0
0
0
0
0
0
0
0
0
0
0
0
0
0
0
0
0
0
0
0
0
0
0
0
0
0
0
0
0
0
0
0
0
0
0
0
0
0
0
0
0
0
0
0
0
0
0
0
0
0
0
0
0
0
0
0
0
0
0
0
0
0
0
0
0
0
0
0
0
0
0
0
0
0
0
0
0
0
0
0
0
0
0
0
0
0
0
0
0
0
0
0
0
0
0
0
0
0
0
0
0
0
0
0
0
0
0
0
0
0
0
0
0
0
0
0
0
0
0
0
0
0
0
0
0
0
0
0
0
0
0
0
0
0
0
0
0
0
0
0
0
0
0
0
0
0
0
0
0
0
0
0
0
0
0
0
0
0
0
0
0
0
0
0
0
0
0
0
0
0
0
0
0
0
0
0
0
0
0
0
0
0
0
0
0
0
0
0
0
0
0
0
0
0
0
0
0
0
0
0
0
0
0
0
0
0
0
0
0
0
0
0
0
0
0
0
0
0
0
0
0
0
0
0
0
0
0
0
0
0
0
0
0
0
0
0
0
0
0
0
0
0
0
0
0
0
0
0
0
0
0
0
0
0
0
0
0
0
0
0
0
0
0
0
0
0
0
0
0
0
0
0
0
0
0
0
0
0
0
0
0
0
0
0
0
0
0
0
0
0
0
0
0
0
0
0
0
0
0
0
0
0
0
0
0
0
0
0
0
0
0
0
0
0
0
0
0
0
0
0
0
0
0
0
0
0
0
0
0
0
0
0
0
0
0
0
0
0
0
0
0
0
0
0
0
0
0
0
0
0
0
0
0
0
0
0
0
0
0
0
0
0
0
0
0
0
0
0
0
0
0
0
0
0
0
0
0
0
0
0
0
0
0
0
0
0
0
0
0
0
0
0
0
0
0
0
0
0
0
0
0
0
0
0
0
0
0
0
0
0
0
0
0
0
0
0
0
0
0
0
0
0
0
0
0
0
0
0
0
0
0
0
0
0
0
0
0
0
0
0
0
0
0
0
0
0
0
0
0
0
0
0
0
0
0
0
0
0
0
0
0
0
0
0
0
0
0
0
0
0
0
0
0
0
0
0
0
0
0
0
0
0
0
0
0
0
0
0
0
0
0
0
0
0
0
0
0
0
0
0
0
0
0
0
0
0
0
0
0
0
0
0
0
0
0
0
0
0
0
0
0
0
0
0
0
0
0
0
0
0
0
0
0
0
0
0
0
0
0
0
0
0
0
0
0
0
0
0
0
0
0
0
0
0
0
0
0
0
0
0
0
0
0
0
0
0
0
0
0
0
0
0
0
0
0
0
0
0
0
0
0
0
0
0
0
0
0
0
0
0
0
0
0
0
0
0
0
0
0
0
0
0
0
0
0
0
0
0
0
0
0
0
0
0
0
0
0
0
0
0
0
0
0
0
0
0
0
0
0
0
0
0
0
0
0
0
0
0
0
0
0
0
0
0
0
0
0
0
0
0
0
0
0
0
0
0
0
0
0
0
0
0
0
0
0
0
0
0
0
0
0
0
0
0
0
0
0
0
0
0
0
0
0
0
0
0
0
0
0
0
0
0
0
0
0
0
0
0
0
0
0
0
0
0
0
0
0
0
0
0
0
0
0
0
0
0
0
0
0
0
0
0
0
0
0
0
0
0
0
0
0
0
0
0
0
0
0
0
0
0
0
0
0
0
0
0
0
0
0
0
0
0
0
0
0
0
0
0
0
0
0
0
0
0
0
0
0
0
0
0
0
0
0
0
0
0
0
0
0
0
0
0
0
0
0
0
0
0
0
0
0
0
0
0
0
0
0
0
0
0
0
0
0
0
0
0
0
0
0
0
0
0
0
0
0
0
0
0
0
0
0
0
0
0
0
0
0
0
0
0
0
0
0
0
0
0
0
0
0
0
0
0
0
0
0
0
0
0
0
0
0
0
0
0
0
0
0
0
0
0
0
0
0
0
0
0
0
0
0
0
0
0
0
0
0
0
0
0
0
0
0
0
0
0
0
0
0
0
0
0
0
0
0
0
0
0
0
0
0
0
0
0
0
0
0
0
0
0
0
0
0
0
0
0
0
0
0
0
0
0
0
0
0
0
0
0
0
0
0
0
0
0
0
0
0
0
0
0
0
0
0
0
0
0
0
0
0
0
0
0
0
0
0
0
0
0
0
0
0
0
0
0
0
0
0
0
0
0
0
0
0
0
0
0
0
0
0
0
0
0
0
0
0
0
0
0
0
0
0
0
0
0
0
0
0
0
0
0
0
0
0
0
0
0
0
0
0
0
0
0
0
0
0
0
0
0
0
0
0
0
0
0
0
0
0
0
0
0
0
0
0
0
0
0
0
0
0
0
0
0
0
0
0
0
0
0
0
0
0
0
0
0
0
0
0
0
0
0
0
0
0
0
0
0
0
0
0
0
0
0
0
0
0
0
0
0
0
0
0
0
0
0
0
0
0
0
0
0
0
0
0
0
0
0
0
0
0
0
0
0
0
0
0
0
0
0
0
0
0
0
0
0
0
0
0
0
0
0
0
0
0
0
0
0
0
0
0
0
0
0
0
0
0
0
0
0
0
0
0
0
0
0
0
0
0
0
0
0
0
0
0
0
0
0
0
0
0
0
0
0
0
0
0
0
0
0
0
0
0
0
0
0
0
0
0
0
0
0
0
0
0
0
0
0
0
0
0
0
0
0
0
0
0
0
0
0
0
0
0
0
0
0
0
0
0
0
0
0
0
0
0
0
0
0
0
0
0
0
0
0
0
0
0
0
0
0
0
0
0
0
0
0
0
0
0
0
0
0
0
0
0
0
0
0
0
0
0
0
0
0
0
0
0
0
0
0
0
0
0
0
0
0
0
0
0
0
0
0
0
0
0
0
0
0
0
0
0
0
0
0
0
0
0
0
0
0
0
0
0
0
0
0
0
0
0
0
0
0
0
0
0
0
0
0
0
0
0
0
0
0
0
0
0
0
0
0
0
0
0
0
0
0
0
0
0
0
0
0
0
0
0
0
0
0
0
0
0
0
0
0
0
0
0
0
0
0
0
0
0
0
0
0
0
0
0
0
0
0
0
0
0
0
0
0
0
0
0
0
0
0
0
0
0
0
0
0
0
0
0
0
0
0
0
0
0
0
0
0
0
0
0
0
0
0
0
0
0
0
0
0
0
0
0
0
0
0
0
0
0
0
0
0
0
0
0
0
0
0
0
0
0
0
0
0
0
0
0
0
0
0
0
0
0
0
0
0
0
0
0
0
0
0
0
0
0
0
0
0
0
0
0
0
0
0
0
0
0
0
0
0
0
0
0
0
0
0
0
0
0
0
0
0
0
0
0
0
0
0
0
0
0
0
0
0
0
0
0
0
0
0
0
0
0
0
0
0
0
0
0
0
0
0
0
0
0
0
0
0
0
0
0
0
0
0
0
0
0
0
0
0
0
0
0
0
0
0
0
0
0
0
0
0
0
0
0
0
0
0
0
0
0
0
0
0
0
0
0
0
0
0
0
0
0
0
0
0
0
0
0
0
0
0
0
0
0
0
0
0
0
0
0
0
0
0
0
0
0
0
0
0
0
0
0
0
0
0
0
0
0
0
0
0
0
0
0
0
0
0
0
0
0
0
0
0
0
0
0
0
0
0
0
0
0
0
0
0
0
0
0
0
0
0
0
0
0
0
0
0
0
0
0
0
0
0
0
0
0
0
0
0
0
0
0
0
0
0
0
0
0
0
0
0
0
0
0
0
0
0
0
0
0
0
0
0
0
0
0
0
0
0
0
0
0
0
0
0
0
0
0
0
0
0
0
0
0
0
0
0
0
0
0
0
0
0
0
0
0
0
0
0
0
0
0
0
0
0
0
0
0
0
0
0
0
0
0
0
0
0
0
0
0
0
0
0
0
0
0
0
0
0
0
0
0
0
0
0
0
0
0
0
0
0
0
0
0
0
0
0
0
0
0
0
0
0
0
0
0
0
0
0
0
0
0
0
0
0
0
0
0
0
0
0
0
0
0
0
0
0
0
0
0
0
0
0
0
0
0
0
0
0
0
0
0
0
0
0
0
0
0
0
0
0
0
0
0
0
0
0
0
0
0
0
0
0
0
0
0
0
0
0
0
0
0
0
0
0
0
0
0
0
0
0
0
0
0
0
0
0
0
0
0
0
0
0
0
0
0
0
0
0
0
0
0
0
0
0
0
0
0
0
0
0
0
0
0
0
0
0
0
0
0
0
0
0
0
0
0
0
0
0
0
0
0
0
0
0
0
0
0
0
0
0
0
0
0
0
0
0
0
0
0
0
0
0
0
0
0
0
0
0
0
0
0
0
0
0
0
0
0
0
0
0
0
0
0
0
0
0
0
0
0
0
0
0
0
0
0
0
0
0
0
0
0
0
0
0
0
0
0
0
0
0
0
0
0
0
0
0
0
0
0
0
0
0
0
0
0
0
0
0
0
0
0
0
0
0
0
0
0
0
0
0
0
0
0
0
0
0
0
0
0
0
0
0
0
0
0
0
0
0
0
0
0
0
0
0
0
0
0
0
0
0
0
0
0
0
0
0
0
0
0
0
0
0
0
0
0
0
0
0
0
0
0
0
0
0
0
0
0
0
0
0
0
0
0
0
0
0
0
0
0
0
0
0
0
0
0
0
0
0
0
0
0
0
0
0
0
0
0
0
0
0
0
0
0
0
0
0
0
0
0
0
0
0
0
0
0
0
0
0
0
0
0
0
0
0
0
0
0
0
0
0
0
0
0
0
0
0
0
0
0
0
0
0
0
0
0
0
0
0
0
0
0
0
0
0
0
0
0
0
0
0
0
0
0
0
0
0
0
0
0
0
0
0
0
0
0
0
0
0
0
0
0
0
0
0
0
0
0
0
0
0
0
0
0
0
0
0
0
0
0
0
0
0
0
0
0
0
0
0
0
0
0
0
0
0
0
0
0
0
0
0
0
0
0
0
0
0
0
0
0
0
0
0
0
0
0
0
0
0
0
0
0
0
0
0
0
0
0
0
0
0
0
0
0
0
0
0
0
0
0
0
0
0
0
0
0
0
0
0
0
0
0
0
0
0
0
0
0
0
0
0
0
0
0
0
0
0
0
0
0
0
0
0
0
0
0
0
0
0
0
0
0
0
0
0
0
0
0
0
0
0
0
0
0
0
0
0
0
0
0
0
0
0
0
0
0
0
0
0
0
0
0
0
0
0
0
0
0
0
0
0
0
0
0
0
0
0
0
0
0
0
0
0
0
0
0
0
0
0
0
0
0
0
0
0
0
0
0
0
0
0
0
0
0
0
0
0
0
0
0
0
0
0
0
0
0
0
0
0
0
0
0
0
0
0
0
0
0
0
0
0
0
0
0
0
0
0
0
0
0
0
0
0
0
0
0
0
0
0
0
0
0
0
0
0
0
0
0
0
0
0
0
0
0
0
0
0
0
0
0
0
0
0
0
0
0
0
0
0
0
0
0
0
0
0
0
0
0
0
0
0
0
0
0
0
0
0
0
0
0
0
0
0
0
0
0
0
0
0
0
0
0
0
0
0
0
0
0
0
0
0
0
0
0
0
0
0
0
0
0
0
0
0
0
0
0
0
0
0
0
0
0
0
0
0
0
0
0
0
0
0
0
0
0
0
0
0
0
0
0
0
0
0
0
0
0
0
0
0
0
0
0
0
0
0
0
0
0
0
0
0
0
0
0
0
0
0
0
0
0
0
0
0
0
0
0
0
0
0
0
0
0
0
0
0
0
0
0
0
0
0
0
0
0
0
0
0
0
0
0
0
0
0
0
0
0
0
0
0
0
0
0
0
0
0
0
0
0
0
0
0
0
0
0
0
0
0
0
0
0
0
0
0
0
0
0
0
0
0
0
0
0
0
0
0
0
0
0
0
0
0
0
0
0
0
0
0
0
0
0
0
0
0
0
0
0
0
0
0
0
0
0
0
0
0
0
0
0
0
0
0
0
0
0
0
0
0
0
0
0
0
0
0
0
0
0
0
0
0
0
0
0
0
0
0
0
0
0
0
0
0
0
0
0
0
0
0
0
0
0
0
0
0
0
0
0
0
0
0
0
0
0
0
0
0
0
0
0
0
0
0
0
0
0
0
0
0
0
0
0
0
0
0
0
0
0
0
0
0
0
0
0
0
0
0
0
0
0
0
0
0
0
0
0
0
0
0
0
0
0
0
0
0
0
0
0
0
0
0
0
0
0
0
0
0
0
0
0
0
0
0
0
0
0
0
0
0
0
0
0
0
0
0
0
0
0
0
0
0
0
0
0
0
0
0
0
0
0
0
0
0
0
0
0
0
0
0
0
0
0
0
0
0
0
0
0
0
0
0
0
0
0
0
0
0
0
0
0
0
0
0
0
0
0
0
0
0
0
0
0
0
0
0
0
0
0
0
0
0
0
0
0
0
0
0
0
0
0
0
0
0
0
0
0
0
0
0
0
0
0
0
0
0
0
0
0
0
0
0
0
0
0
0
0
0
0
0
0
0
0
0
0
0
0
0
0
0
0
0
0
0
0
0
0
0
0
0
0
0
0
0
0
0
0
0
0
0
0
0
0
0
0
0
0
0
0
0
0
0
0
0
0
0
0
0
0
0
0
0
0
0
0
0
0
0
0
0
0
0
0
0
0
0
0
0
0
0
0
0
0
0
0
0
0
0
0
0
0
0
0
0
0
0
0
0
0
0
0
0
0
0
0
0
0
0
0
0
0
0
0
0
0
0
0
0
0
0
0
0
0
0
0
0
0
0
0
0
0
0
0
0
0
0
0
0
0
0
0
0
0
0
0
0
0
0
0
0
0
0
0
0
0
0
0
0
0
0
0
0
0
0
0
0
0
0
0
0
0
0
0
0
0
0
0
0
0
0
0
0
0
0
0
0
0
0
0
0
0
0
0
0
0
0
0
0
0
0
0
0
0
0
0
0
0
0
0
0
0
0
0
0
0
0
0
0
0
0
0
0
0
0
0
0
0
0
0
0
0
0
0
0
0
0
0
0
0
0
0
0
0
0
0
0
0
0
0
0
0
0
0
0
0
0
0
0
0
0
0
0
0
0
0
0
0
0
0
0
0
0
0
0
0
0
0
0
0
0
0
0
0
0
0
0
0
0
0
0
0
0
0
0
0
0
0
0
0
0
0
0
0
0
0
0
0
0
0
0
0
0
0
0
0
0
0
0
0
0
0
0
0
0
0
0
0
0
0
0
0
0
0
0
0
0
0
0
0
0
0
0
0
0
0
0
0
0
0
0
0
0
0
0
0
0
0
0
0
0
0
0
0
0
0
0
0
0
0
0
0
0
0
0
0
0
0
0
0
0
0
0
0
0
0
0
0
0
0
0
0
0
0
0
0
0
0
0
0
0
0
0
0
0
0
0
0
0
0
0
0
0
0
0
0
0
0
0
0
0
0
0
0
0
0
0
0
0
0
0
0
0
0
0
0
0
0
0
0
0
0
0
0
0
0
0
0
0
0
0
0
0
0
0
0
0
0
0
0
0
0
0
0
0
0
0
0
0
0
0
0
0
0
0
0
0
0
0
0
0
0
0
0
0
0
0
0
0
0
0
0
0
0
0
0
0
0
0
0
0
0
0
0
0
0
0
0
0
0
0
0
0
0
0
0
0
0
0
0
0
0
0
0
0
0
0
0
0
0
0
0
0
0
0
0
0
0
0
0
0
0
0
0
0
0
0
0
0
0
0
0
0
0
0
0
0
0
0
0
0
0
0
0
0
0
0
0
0
0
0
0
0
0
0
0
0
0
0
0
0
0
0
0
0
0
0
0
0
0
0
0
0
0
0
0
0
0
0
0
0
0
0
0
0
0
0
0
0
0
0
0
0
0
0
0
0
0
0
0
0
0
0
0
0
0
0
0
0
0
0
0
0
0
0
0
0
0
0
0
0
0
0
0
0
0
0
0
0
0
0
0
0
0
0
0
0
0
0
0
0
0
0
0
0
0
0
0
0
0
0
0
0
0
0
0
0
0
0
0
0
0
0
0
0
0
0
0
0
0
0
0
0
0
0
0
0
0
0
0
0
0
0
0
0
0
0
0
0
0
0
0
0
0
0
0
0
0
0
0
0
0
0
0
0
0
0
0
0
0
0
0
0
0
0
0
0
0
0
0
0
0
0
0
0
0
0
0
0
0
0
0
0
0
0
0
0
0
0
0
0
0
0
0
0
0
0
0
0
0
0
0
0
0
0
0
0
0
0
0
0
0
0
0
0
0
0
0
0
0
0
0
0
0
0
0
0
0
0
0
0
0
0
0
0
0
0
0
0
0
0
0
0
0
0
0
0
0
0
0
0
0
0
0
0
0
0
0
0
0
0
0
0
0
0
0
0
0
0
0
0
0
0
0
0
0
0
0
0
0
0
0
0
0
0
0
0
0
0
0
0
0
0
0
0
0
0
0
0
0
0
0
0
0
0
0
0
0
0
0
0
0
0
0
0
0
0
0
0
0
0
0
0
0
0
0
0
0
0
0
0
0
0
0
0
0
0
0
0
0
0
0
0
0
0
0
0
0
0
0
0
0
0
0
0
0
0
0
0
0
0
0
0
0
0
0
0
0
0
0
0
0
0
0
0
0
0
0
0
0
0
0
0
0
0
0
0
0
0
0
0
0
0
0
0
0
0
0
0
0
0
0
0
0
0
0
0
0
0
0
0
0
0
0
0
0
0
0
0
0
0
0
0
0
0
0
0
0
0
0
0
0
0
0
0
0
0
0
0
0
0
0
0
0
0
0
0
0
0
0
0
0
0
0
0
0
0
0
0
0
0
0
0
0
0
0
0
0
0
0
0
0
0
0
0
0
0
0
0
0
0
0
0
0
0
0
0
0
0
0
0
0
0
0
0
0
0
0
0
0
0
0
0
0
0
0
0
0
0
0
0
0
0
0
0
0
0
0
0
0
0
0
0
0
0
0
0
0
0
0
0
0
0
0
0
0
0
0
0
0
0
0
0
0
0
0
0
0
0
0
0
0
0
0
0
0
0
0
0
0
0
0
0
0
0
0
0
0
0
0
0
0
0
0
0
0
0
0
0
0
0
0
0
0
0
0
0
0
0
0
0
0
0
0
0
0
0
0
0
0
0
0
0
0
0
0
0
0
0
0
0
0
0
0
0
0
0
0
0
0
0
0
0
0
0
0
0
0
0
0
0
0
0
0
0
0
0
0
0
0
0
0
0
0
0
0
0
0
0
0
0
0
0
0
0
0
0
0
0
0
0
0
0
0
0
0
0
0
0
0
0
0
0
0
0
0
0
0
0
0
0
0
0
0
0
0
0
0
0
0
0
0
0
0
0
0
0
0
0
0
0
0
0
0
0
0
0
0
0
0
0
0
0
0
0
0
0
0
0
0
0
0
0
0
0
0
0
0
0
0
0
0
0
0
0
0
0
0
0
0
0
0
0
0
0
0
0
0
0
0
0
0
0
0
0
0
0
0
0
0
0
0
0
0
0
0
0
0
0
0
0
0
0
0
0
0
0
0
0
0
0
0
0
0
0
0
0
0
0
0
0
0
0
0
0
0
0
0
0
0
0
0
0
0
0
0
0
0
0
0
0
0
0
0
0
0
0
0
0
0
0
0
0
0
0
0
0
0
0
0
0
0
0
0
0
0
0
0
0
0
0
0
0
0
0
0
0
0
0
0
0
0
0
0
0
0
0
0
0
0
0
0
0
0
0
0
0
0
0
0
0
0
0
0
0
0
0
0
0
0
0
0
0
0
0
0
0
0
0
0
0
0
0
0
0
0
0
0
0
0
0
0
0
0
0
0
0
0
0
0
0
0
0
0
0
0
0
0
0
0
0
0
0
0
0
0
0
0
0
0
0
0
0
0
0
0
0
0
0
0
0
0
0
0
0
0
0
0
0
0
0
0
0
0
0
0
0
0
0
0
0
0
0
0
0
0
0
0
0
0
0
0
0
0
0
0
0
0
0
0
0
0
0
0
0
0
0
0
0
0
0
0
0
0
0
0
0
0
0
0
0
0
0
0
0
0
0
0
0
0
0
0
0
0
0
0
0
0
0
0
0
0
0
0
0
0
0
0
0
0
0
0
0
0
0
0
0
0
0
0
0
0
0
0
0
0
0
0
0
0
0
0
0
0
0
0
0
0
0
0
0
0
0
0
0
0
0
0
0
0
0
0
0
0
0
0
0
0
0
0
0
0
0
0
0
0
0
0
0
0
0
0
0
0
0
0
0
0
0
0
0
0
0
0
0
0
0
0
0
0
0
0
0
0
0
0
0
0
0
0
0
0
0
0
0
0
0
0
0
0
0
0
0
0
0
0
0
0
0
0
0
0
0
0
0
0
0
0
0
0
0
0
0
0
0
0
0
0
0
0
0
0
0
0
0
0
0
0
0
0
0
0
0
0
0
0
0
0
0
0
0
0
0
0
0
0
0
0
0
0
0
0
0
0
0
0
0
0
0
0
0
0
0
0
0
0
0
0
0
0
0
0
0
0
0
0
0
0
0
0
0
0
0
0
0
0
0
0
0
0
0
0
0
0
0
0
0
0
0
0
0
0
0
0
0
0
0
0
0
0
0
0
0
0
0
0
0
0
0
0
0
0
0
0
0
0
0
0
0
0
0
0
0
0
0
0
0
0
0
0
0
0
0
0
0
0
0
0
0
0
0
0
0
0
0
0
0
0
0
0
0
0
0
0
0
0
0
0
0
0
0
0
0
0
0
0
0
0
0
0
0
0
0
0
0
0
0
0
0
0
0
0
0
0
0
0
0
0
0
0
0
0
0
0
0
0
0
0
0
0
0
0
0
0
0
0
0
0
0
0
0
0
0
0
0
0
0
0
0
0
0
0
0
0
0
0
0
0
0
0
0
0
0
0
0
0
0
0
0
0
0
0
0
0
0
0
0
0
0
0
0
0
0
0
0
0
0
0
0
0
0
0
0
0
0
0
0
0
0
0
0
0
0
0
0
0
0
0
0
0
0
0
0
0
0
0
0
0
0
0
0
0
0
0
0
0
0
0
0
0
0
0
0
0
0
0
0
0
0
0
0
0
0
0
0
0
0
0
0
0
0
0
0
0
0
0
0
0
0
0
0
0
0
0
0
0
0
0
0
0
0
0
0
0
0
0
0
0
0
0
0
0
0
0
0
0
0
0
0
0
0
0
0
0
0
0
0
0
0
0
0
0
0
0
0
0
0
0
0
0
0
0
0
0
0
0
0
0
0
0
0
0
0
0
0
0
0
0
0
0
0
0
0
0
0
0
0
0
0
0
0
0
0
0
0
0
0
0
0
0
0
0
0
0
0
0
0
0
0
0
0
0
0
0
0
0
0
0
0
0
0
0
0
0
0
0
0
0
0
0
0
0
0
0
0
0
0
0
0
0
0
0
0
0
0
0
0
0
0
0
0
0
0
0
0
0
0
0
0
0
0
0
0
0
0
0
0
0
0
0
0
0
0
0
0
0
0
0
0
0
0
0
0
0
0
0
0
0
0
0
0
0
0
0
0
0
0
0
0
0
0
0
0
0
0
0
0
0
0
0
0
0
0
0
0
0
0
0
0
0
0
0
0
0
0
0
0
0
0
0
0
0
0
0
0
0
0
0
0
0
0
0
0
0
0
0
0
0
0
0
0
0
0
0
0
0
0
0
0
0
0
0
0
0
0
0
0
0
0
0
0
0
0
0
0
0
0
0
0
0
0
0
0
0
0
0
0
0
0
0
0
0
0
0
0
0
0
0
0
0
0
0
0
0
0
0
0
0
0
0
0
0
0
0
0
0
0
0
0
0
0
0
0
0
0
0
0
0
0
0
0
0
0
0
0
0
0
0
0
0
0
0
0
0
0
0
0
0
0
0
0
0
0
0
0
0
0
0
0
0
0
0
0
0
0
0
0
0
0
0
0
0
0
0
0
0
0
0
0
0
0
0
0
0
0
0
0
0
0
0
0
0
0
0
0
0
0
0
0
0
0
0
0
0
0
0
0
0
0
0
0
0
0
0
0
0
0
0
0
0
0
0
0
0
0
0
0
0
0
0
0
0
0
0
0
0
0
0
0
0
0
0
0
0
0
0
0
0
0
0
0
0
0
0
0
0
0
0
0
0
0
0
0
0
0
0
0
0
0
0
0
0
0
0
0
0
0
0
0
0
0
0
0
0
0
0
0
0
0
0
0
0
0
0
0
0
0
0
0
0
0
0
0
0
0
0
0
0
0
0
0
0
0
0
0
0
0
0
0
0
0
0
0
0
0
0
0
0
0
0
0
0
0
0
0
0
0
0
0
0
0
0
0
0
0
0
0
0
0
0
0
0
0
0
0
0
0
0
0
0
0
0
0
0
0
0
0
0
0
0
0
0
0
0
0
0
0
0
0
0
0
0
0
0
0
0
0
0
0
0
0
0
0
0
0
0
0
0
0
0
0
0
0
0
0
0
0
0
0
0
0
0
0
0
0
0
0
0
0
0
0
0
0
0
0
0
0
0
0
0
0
0
0
0
0
0
0
0
0
0
0
0
0
0
0
0
0
0
0
0
0
0
0
0
0
0
0
0
0
0
0
0
0
0
0
0
0
0
0
0
0
0
0
0
0
0
0
0
0
0
0
0
0
0
0
0
0
0
0
0
0
0
0
0
0
0
0
0
0
0
0
0
0
0
0
0
0
0
0
0
0
0
0
0
0
0
0
0
0
0
0
0
0
0
0
0
0
0
0
0
0
0
0
0
0
0
0
0
0
0
0
0
0
0
0
0
0
0
0
0
0
0
0
0
0
0
0
0
0
0
0
0
0
0
0
0
0
0
0
0
0
0
0
0
0
0
0
0
0
0
0
0
0
0
0
0
0
0
0
0
0
0
0
0
0
0
0
0
0
0
0
0
0
0
0
0
0
0
0
0
0
0
0
0
0
0
0
0
0
0
0
0
0
0
0
0
0
0
0
0
0
0
0
0
0
0
0
0
0
0
0
0
0
0
0
0
0
0
0
0
0
0
0
0
0
0
0
0
0
0
0
0
0
0
0
0
0
0
0
0
0
0
0
0
0
0
0
0
0
0
0
0
0
0
0
0
0
0
0
0
0
0
0
0
0
0
0
0
0
0
0
0
0
0
0
0
0
0
0
0
0
0
0
0
0
0
0
0
0
0
0
0
0
0
0
0
0
0
0
0
0
0
0
0
0
0
0
0
0
0
0
0
0
0
0
0
0
0
0
0
0
0
0
0
0
0
0
0
0
0
0
0
0
0
0
0
0
0
0
0
0
0
0
0
0
0
0
0
0
0
0
0
0
0
0
0
0
0
0
0
0
0
0
0
0
0
0
0
0
0
0
0
0
0
0
0
0
0
0
0
0
0
0
0
0
0
0
0
0
0
0
0
0
0
0
0
0
0
0
0
0
0
0
0
0
0
0
0
0
0
0
0
0
0
0
0
0
0
0
0
0
0
0
0
0
0
0
0
0
0
0
0
0
0
0
0
0
0
0
0
0
0
0
0
0
0
0
0
0
0
0
0
0
0
0
0
0
0
0
0
0
0
0
0
0
0
0
0
0
0
0
0
0
0
0
0
0
0
0
0
0
0
0
0
0
0
0
0
0
0
0
0
0
0
0
0
0
0
0
0
0
0
0
0
0
0
0
0
0
0
0
0
0
0
0
0
0
0
0
0
0
0
0
0
0
0
0
0
0
0
0
0
0
0
0
0
0
0
0
0
0
0
0
0
0
0
0
0
0
0
0
0
0
0
0
0
0
0
0
0
0
0
0
0
0
0
0
0
0
0
0
0
0
0
0
0
0
0
0
0
0
0
0
0
0
0
0
0
0
0
0
0
0
0
0
0
0
0
0
0
0
0
0
0
0
0
0
0
0
0
0
0
0
0
0
0
0
0
0
0
0
0
0
0
0
0
0
0
0
0
0
0
0
0
0
0
0
0
0
0
0
0
0
0
0
0
0
0
0
0
0
0
0
0
0
0
0
0
0
0
0
0
0
0
0
0
0
0
0
0
0
0
0
0
0
0
0
0
0
0
0
0
0
0
0
0
0
0
0
0
0
0
0
0
0
0
0
0
0
0
0
0
0
0
0
0
0
0
0
0
0
0
0
0
0
0
0
0
0
0
0
0
0
0
0
0
0
0
0
0
0
0
0
0
0
0
0
0
0
0
0
0
0
0
0
0
0
0
0
0
0
0
0
0
0
0
0
0
0
0
0
0
0
0
0
0
0
0
0
0
0
0
0
0
0
0
0
0
0
0
0
0
0
0
0
0
0
0
0
0
0
0
0
0
0
0
0
0
0
0
0
0
0
0
0
0
0
0
0
0
0
0
0
0
0
0
0
0
0
0
0
0
0
0
0
0
0
0
0
0
0
0
0
0
0
0
0
0
0
0
0
0
0
0
0
0
0
0
0
0
0
0
0
0
0
0
0
0
0
0
0
0
0
0
0
0
0
0
0
0
0
0
0
0
0
0
0
0
0
0
0
0
0
0
0
0
0
0
0
0
0
0
0
0
0
0
0
0
0
0
0
0
0
0
0
0
0
0
0
0
0
0
0
0
0
0
0
0
0
0
0
0
0
0
0
0
0
0
0
0
0
0
0
0
0
0
0
0
0
0
0
0
0
0
0
0
0
0
0
0
0
0
0
0
0
0
0
0
0
0
0
0
0
0
0
0
0
0
0
0
0
0
0
0
0
0
0
0
0
0
0
0
0
0
0
0
0
0
0
0
0
0
0
0
0
0
0
0
0
0
0
0
0
0
0
0
0
0
0
0
0
0
0
0
0
0
0
0
0
0
0
0
0
0
0
0
0
0
0
0
0
0
0
0
0
0
0
0
0
0
0
0
0
0
0
0
0
0
0
0
0
0
0
0
0
0
0
0
0
0
0
0
0
0
0
0
0
0
0
0
0
0
0
0
0
0
0
0
0
0
0
0
0
0
0
0
0
0
0
0
0
0
0
0
0
0
0
0
0
0
0
0
0
0
0
0
0
0
0
0
0
0
0
0
0
0
0
0
0
0
0
0
0
0
0
0
0
0
0
0
0
0
0
0
0
0
0
0
0
0
0
0
0
0
0
0
0
0
0
0
0
0
0
0
0
0
0
0
0
0
0
0
0
0
0
0
0
0
0
0
0
0
0
0
0
0
0
0
0
0
0
0
0
0
0
0
0
0
0
0
0
0
0
0
0
0
0
0
0
0
0
0
0
0
0
0
0
0
0
0
0
0
0
0
0
0
0
0
0
0
0
0
0
0
0
0
0
0
0
0
0
0
0
0
0
0
0
0
0
0
0
0
0
0
0
0
0
0
0
0
0
0
0
0
0
0
0
0
0
0
0
0
0
0
0
0
0
0
0
0
0
0
0
0
0
0
0
0
0
0
0
0
0
0
0
0
0
0
0
0
0
0
0
0
0
0
0
0
0
0
0
0
0
0
0
0
0
0
0
0
0
0
0
0
0
0
0
0
0
0
0
0
0
0
0
0
0
0
0
0
0
0
0
0
0
0
0
0
0
0
0
0
0
0
0
0
0
0
0
0
0
0
0
0
0
0
0
0
0
0
0
0
0
0
0
0
0
0
0
0
0
0
0
0
0
0
0
0
0
0
0
0
0
0
0
0
0
0
0
0
0
0
0
0
0
0
0
0
0
0
0
0
0
0
0
0
0
0
0
0
0
0
0
0
0
0
0
0
0
0
0
0
0
0
0
0
0
0
0
0
0
0
0
0
0
0
0
0
0
0
0
0
0
0
0
0
0
0
0
0
0
0
0
0
0
0
0
0
0
0
0
0
0
0
0
0
0
0
0
0
0
0
0
0
0
0
0
0
0
0
0
0
0
0
0
0
0
0
0
0
0
0
0
0
0
0
0
0
0
0
0
0
0
0
0
0
0
0
0
0
0
0
0
0
0
0
0
0
0
0
0
0
0
0
0
0
0
0
0
0
0
0
0
0
0
0
0
0
0
0
0
0
0
0
0
0
0
0
0
0
0
0
0
0
0
0
0
0
0
0
0
0
0
0
0
0
0
0
0
0
0
0
0
0
0
0
0
0
0
0
0
0
0
0
0
0
0
0
0
0
0
0
0
0
0
0
0
0
0
0
0
0
0
0
0
0
0
0
0
0
0
0
0
0
0
0
0
0
0
0
0
0
0
0
0
0
0
0
0
0
0
0
0
0
0
0
0
0
0
0
0
0
0
0
0
0
0
0
0
0
0
0
0
0
0
0
0
0
0
0
0
0
0
0
0
0
0
0
0
0
0
0
0
0
0
0
0
0
0
0
0
0
0
0
0
0
0
0
0
0
0
0
0
0
0
0
0
0
0
0
0
0
0
0
0
0
0
0
0
0
0
0
0
0
0
0
0
0
0
0
0
0
0
0
0
0
0
0
0
0
0
0
0
0
0
0
0
0
0
0
0
0
0
0
0
0
0
0
0
0
0
0
0
0
0
0
0
0
0
0
0
0
0
0
0
0
0
0
0
0
0
0
0
0
0
0
0
0
0
0
0
0
0
0
0
0
0
0
0
0
0
0
0
0
0
0
0
0
0
0
0
0
0
0
0
0
0
0
0
0
0
0
0
0
0
0
0
0
0
0
0
0
0
0
0
0
0
0
0
0
0
0
0
0
0
0
0
0
0
0
0
0
0
0
0
0
0
0
0
0
0
0
0
0
0
0
0
0
0
0
0
0
0
0
0
0
0
0
0
0
0
0
0
0
0
0
0
0
0
0
0
0
0
0
0
0
0
0
0
0
0
0
0
0
0
0
0
0
0
0
0
0
0
0
0
0
0
0
0
0
0
0
0
0
0
0
0
0
0
0
0
0
0
0
0
0
0
0
0
0
0
0
0
0
0
0
0
0
0
0
0
0
0
0
0
0
0
0
0
0
0
0
0
0
0
0
0
0
0
0
0
0
0
0
0
0
0
0
0
0
0
0
0
0
0
0
0
0
0
0
0
0
0
0
0
0
0
0
0
0
0
0
0
0
0
0
0
0
0
0
0
0
0
0
0
0
0
0
0
0
0
0
0
0
0
0
0
0
0
0
0
0
0
0
0
0
0
0
0
0
0
0
0
0
0
0
0
0
0
0
0
0
0
0
0
0
0
0
0
0
0
0
0
0
0
0
0
0
0
0
0
0
0
0
0
0
0
0
0
0
0
0
0
0
0
0
0
0
0
0
0
0
0
0
0
0
0
0
0
0
0
0
0
0
0
0
0
0
0
0
0
0
0
0
0
0
0
0
0
0
0
0
0
0
0
0
0
0
0
0
0
0
0
0
0
0
0
0
0
0
0
0
0
0
0
0
0
0
0
0
0
0
0
0
0
0
0
0
0
0
0
0
0
0
0
0
0
0
0
0
0
0
0
0
0
0
0
0
0
0
0
0
0
0
0
0
0
0
0
0
0
0
0
0
0
0
0
0
0
0
0
0
0
0
0
0
0
0
0
0
0
0
0
0
0
0
0
0
0
0
0
0
0
0
0
0
0
0
0
0
0
0
0
0
0
0
0
0
0
0
0
0
0
0
0
0
0
0
0
0
0
0
0
0
0
0
0
0
0
0
0
0
0
0
0
0
0
0
0
0
0
0
0
0
0
0
0
0
0
0
0
0
0
0
0
0
0
0
0
0
0
0
0
0
0
0
0
0
0
0
0
0
0
0
0
0
0
0
0
0
0
0
0
0
0
0
0
0
0
0
0
0
0
0
0
0
0
0
0
0
0
0
0
0
0
0
0
0
0
0
0
0
0
0
0
0
0
0
0
0
0
0
0
0
0
0
0
0
0
0
0
0
0
0
0
0
0
0
0
0
0
0
0
0
0
0
0
0
0
0
0
0
0
0
0
0
0
0
0
0
0
0
0
0
0
0
0
0
0
0
0
0
0
0
0
0
0
0
0
0
0
0
0
0
0
0
0
0
0
0
0
0
0
0
0
0
0
0
0
0
0
0
0
0
0
0
0
0
0
0
0
0
0
0
0
0
0
0
0
0
0
0
0
0
0
0
0
0
0
0
0
0
0
0
0
0
0
0
0
0
0
0
0
0
0
0
0
0
0
0
0
0
0
0
0
0
0
0
0
0
0
0
0
0
0
0
0
0
0
0
0
0
0
0
0
0
0
0
0
0
0
0
0
0
0
0
0
0
0
0
0
0
0
0
0
0
0
0
0
0
0
0
0
0
0
0
0
0
0
0
0
0
0
0
0
0
0
0
0
0
0
0
0
0
0
0
0
0
0
0
0
0
0
0
0
0
0
0
0
0
0
0
0
0
0
0
0
0
0
0
0
0
0
0
0
0
0
0
0
0
0
0
0
0
0
0
0
0
0
0
0
0
0
0
0
0
0
0
0
0
0
0
0
0
0
0
0
0
0
0
0
0
0
0
0
0
0
0
0
0
0
0
0
0
0
0
0
0
0
0
0
0
0
0
0
0
0
0
0
0
0
0
0
0
0
0
0
0
0
0
0
0
0
0
0
0
0
0
0
0
0
0
0
0
0
0
0
0
0
0
0
0
0
0
0
0
0
0
0
0
0
0
0
0
0
0
0
0
0
0
0
0
0
0
0
0
0
0
0
0
0
0
0
0
0
0
0
0
0
0
0
0
0
0
0
0
0
0
0
0
0
0
0
0
0
0
0
0
0
0
0
0
0
0
0
0
0
0
0
0
0
0
0
0
0
0
0
0
0
0
0
0
0
0
0
0
0
0
0
0
0
0
0
0
0
0
0
0
0
0
0
0
0
0
0
0
0
0
0
0
0
0
0
0
0
0
0
0
0
0
0
0
0
0
0
0
0
0
0
0
0
0
0
0
0
0
0
0
0
0
0
0
0
0
0
0
0
0
0
0
0
0
0
0
0
0
0
0
0
0
0
0
0
0
0
0
0
0
0
0
0
0
0
0
0
0
0
0
0
0
0
0
0
0
0
0
0
0
0
0
0
0
0
0
0
0
0
0
0
0
0
0
0
0
0
0
0
0
0
0
0
0
0
0
0
0
0
0
0
0
0
0
0
0
0
0
0
0
0
0
0
0
0
0
0
0
0
0
0
0
0
0
0
0
0
0
0
0
0
0
0
0
0
0
0
0
0
0
0
0
0
0
0
0
0
0
0
0
0
0
0
0
0
0
0
0
0
0
0
0
0
0
0
0
0
0
0
0
0
0
0
0
0
0
0
0
0
0
0
0
0
0
0
0
0
0
0
0
0
0
0
0
0
0
0
0
0
0
0
0
0
0
0
0
0
0
0
0
0
0
0
0
0
0
0
0
0
0
0
0
0
0
0
0
0
0
0
0
0
0
0
0
0
0
0
0
0
0
0
0
0
0
0
0
0
0
0
0
0
0
0
0
0
0
0
0
0
0
0
0
0
0
0
0
0
0
0
0
0
0
0
0
0
0
0
0
0
0
0
0
0
0
0
0
0
0
0
0
0
0
0
0
0
0
0
0
0
0
0
0
0
0
0
0
0
0
0
0
0
0
0
0
0
0
0
0
0
0
0
0
0
0
0
0
0
0
0
0
0
0
0
0
0
0
0
0
0
0
0
0
0
0
0
0
0
0
0
0
0
0
0
0
0
0
0
0
0
0
0
0
0
0
0
0
0
0
0
0
0
0
0
0
0
0
0
0
0
0
0
0
0
0
0
0
0
0
0
0
0
0
0
0
0
0
0
0
0
0
0
0
0
0
0
0
0
0
0
0
0
0
0
0
0
0
0
0
0
0
0
0
0
0
0
0
0
0
0
0
0
0
0
0
0
0
0
0
0
0
0
0
0
0
0
0
0
0
0
0
0
0
0
0
0
0
0
0
0
0
0
0
0
0
0
0
0
0
0
0
0
0
0
0
0
0
0
0
0
0
0
0
0
0
0
0
0
0
0
0
0
0
0
0
0
0
0
0
0
0
0
0
0
0
0
0
0
0
0
0
0
0
0
0
0
0
0
0
0
0
0
0
0
0
0
0
0
0
0
0
0
0
0
0
0
0
0
0
0
0
0
0
0
0
0
0
0
0
0
0
0
0
0
0
0
0
0
0
0
0
0
0
0
0
0
0
0
0
0
0
0
0
0
0
0
0
0
0
0
0
0
0
0
0
0
0
0
0
0
0
0
0
0
0
0
0
0
0
0
0
0
0
0
0
0
0
0
0
0
0
0
0
0
0
0
0
0
0
0
0
0
0
0
0
0
0
0
0
0
0
0
0
0
0
0
0
0
0
0
0
0
0
0
0
0
0
0
0
0
0
0
0
0
0
0
0
0
0
0
0
0
0
0
0
0
0
0
0
0
0
0
0
0
0
0
0
0
0
0
0
0
0
0
0
0
0
0
0
0
0
0
0
0
0
0
0
0
0
0
0
0
0
0
0
0
0
0
0
0
0
0
0
0
0
0
0
0
0
0
0
0
0
0
0
0
0
0
0
0
0
0
0
0
0
0
0
0
0
0
0
0
0
0
0
0
0
0
0
0
0
0
0
0
0
0
0
0
0
0
0
0
0
0
0
0
0
0
0
0
0
0
0
0
0
0
0
0
0
0
0
0
0
0
0
0
0
0
0
0
0
0
0
0
0
0
0
0
0
0
0
0
0
0
0
0
0
0
0
0
0
0
0
0
0
0
0
0
0
0
0
0
0
0
0
0
0
0
0
0
0
0
0
0
0
0
0
0
0
0
0
0
0
0
0
0
0
0
0
0
0
0
0
0
0
0
0
0
0
0
0
0
0
0
0
0
0
0
0
0
0
0
0
0
0
0
0
0
0
0
0
0
0
0
0
0
0
0
0
0
0
0
0
0
0
0
0
0
0
0
0
0
0
0
0
0
0
0
0
0
0
0
0
0
0
0
0
0
0
0
0
0
0
0
0
0
0
0
0
0
0
0
0
0
0
0
0
0
0
0
0
0
0
0
0
0
0
0
0
0
0
0
0
0
0
0
0
0
0
0
0
0
0
0
0
0
0
0
0
0
0
0
0
0
0
0
0
0
0
0
0
0
0
0
0
0
0
0
0
0
0
0
0
0
0
0
0
0
0
0
0
0
0
0
0
0
0
0
0
0
0
0
0
0
0
0
0
0
0
0
0
0
0
0
0
0
0
0
0
0
0
0
0
0
0
0
0
0
0
0
0
0
0
0
0
0
0
0
0
0
0
0
0
0
0
0
0
0
0
0
0
0
0
0
0
0
0
0
0
0
0
0
0
0
0
0
0
0
0
0
0
0
0
0
0
0
0
0
0
0
0
0
0
0
0
0
0
0
0
0
0
0
0
0
0
0
0
0
0
0
0
0
0
0
0
0
0
0
0
0
0
0
0
0
0
0
0
0
0
0
0
0
0
0
0
0
0
0
0
0
0
0
0
0
0
0
0
0
0
0
0
0
0
0
0
0
0
0
0
0
0
0
0
0
0
0
0
0
0
0
0
0
0
0
0
0
0
0
0
0
0
0
0
0
0
0
0
0
0
0
0
0
0
0
0
0
0
0
0
0
0
0
0
0
0
0
0
0
0
0
0
0
0
0
0
0
0
0
0
0
0
0
0
0
0
0
0
0
0
0
0
0
0
0
0
0
0
0
0
0
0
0
0
0
0
0
0
0
0
0
0
0
0
0
0
0
0
0
0
0
0
0
0
0
0
0
0
0
0
0
0
0
0
0
0
0
0
0
0
0
0
0
0
0
0
0
0
0
0
0
0
0
0
0
0
0
0
0
0
0
0
0
0
0
0
0
0
0
0
0
0
0
0
0
0
0
0
0
0
0
0
0
0
0
0
0
0
0
0
0
0
0
0
0
0
0
0
0
0
0
0
0
0
0
0
0
0
0
0
0
0
0
0
0
0
0
0
0
0
0
0
0
0
0
0
0
0
0
0
0
0
0
0
0
0
0
0
0
0
0
0
0
0
0
0
0
0
0
0
0
0
0
0
0
0
0
0
0
0
0
0
0
0
0
0
0
0
0
0
0
0
0
0
0
0
0
0
0
0
0
0
0
0
0
0
0
0
0
0
0
0
0
0
0
0
0
0
0
0
0
0
0
0
0
0
0
0
0
0
0
0
0
0
0
0
0
0
0
0
0
0
0
0
0
0
0
0
0
0
0
0
0
0
0
0
0
0
0
0
0
0
0
0
0
0
0
0
0
0
0
0
0
0
0
0
0
0
0
0
0
0
0
0
0
0
0
0
0
0
0
0
0
0
0
0
0
0
0
0
0
0
0
0
0
0
0
0
0
0
0
0
0
0
0
0
0
0
0
0
0
0
0
0
0
0
0
0
0
0
0
0
0
0
0
0
0
0
0
0
0
0
0
0
0
0
0
0
0
0
0
0
0
0
0
0
0
0
0
0
0
0
0
0
0
0
0
0
0
0
0
0
0
0
0
0
0
0
0
0
0
0
0
0
0
0
0
0
0
0
0
0
0
0
0
0
0
0
0
0
0
0
0
0
0
0
0
0
0
0
0
0
0
0
0
0
0
0
0
0
0
0
0
0
0
0
0
0
0
0
0
0
0
0
0
0
0
0
0
0
0
0
0
0
0
0
0
0
0
0
0
0
0
0
0
0
0
0
0
0
0
0
0
0
0
0
0
0
0
0
0
0
0
0
0
0
0
0
0
0
0
0
0
0
0
0
0
0
0
0
0
0
0
0
0
0
0
0
0
0
0
0
0
0
0
0
0
0
0
0
0
0
0
0
0
0
0
0
0
0
0
0
0
0
0
0
0
0
0
0
0
0
0
0
0
0
0
0
0
0
0
0
0
0
0
0
0
0
0
0
0
0
0
0
0
0
0
0
0
0
0
0
0
0
0
0
0
0
0
0
0
0
0
0
0
0
0
0
0
0
0
0
0
0
0
0
0
0
0
0
0
0
0
0
0
0
0
0
0
0
0
0
0
0
0
0
0
0
0
0
0
0
0
0
0
0
0
0
0
0
0
0
0
0
0
0
0
0
0
0
0
0
0
0
0
0
0
0
0
0
0
0
0
0
0
0
0
0
0
0
0
0
0
0
0
0
0
0
0
0
0
0
0
0
0
0
0
0
0
0
0
0
0
0
0
0
0
0
0
0
0
0
0
0
0
0
0
0
0
0
0
0
0
0
0
0
0
0
0
0
0
0
0
0
0
0
0
0
0
0
0
0
0
0
0
0
0
0
0
0
0
0
0
0
0
0
0
0
0
0
0
0
0
0
0
0
0
0
0
0
0
0
0
0
0
0
0
0
0
0
0
0
0
0
0
0
0
0
0
0
0
0
0
0
0
0
0
0
0
0
0
0
0
0
0
0
0
0
0
0
0
0
0
0
0
0
0
0
0
0
0
0
0
0
0
0
0
0
0
0
0
0
0
0
0
0
0
0
0
0
0
0
0
0
0
0
0
0
0
0
0
0
0
0
0
0
0
0
0
0
0
0
0
0
0
0
0
0
0
0
0
0
0
0
0
0
0
0
0
0
0
0
0
0
0
0
0
0
0
0
0
0
0
0
0
0
0
0
0
0
0
0
0
0
0
0
0
0
0
0
0
0
0
0
0
0
0
0
0
0
0
0
0
0
0
0
0
0
0
0
0
0
0
0
0
0
0
0
0
0
0
0
0
0
0
0
0
0
0
0
0
0
0
0
0
0
0
0
0
0
0
0
0
0
0
0
0
0
0
0
0
0
0
0
0
0
0
0
0
0
0
0
0
0
0
0
0
0
0
0
0
0
0
0
0
0
0
0
0
0
0
0
0
0
0
0
0
0
0
0
0
0
0
0
0
0
0
0
0
0
0
0
0
0
0
0
0
0
0
0
0
0
0
0
0
0
0
0
0
0
0
0
0
0
0
0
0
0
0
0
0
0
0
0
0
0
0
0
0
0
0
0
0
0
0
0
0
0
0
0
0
0
0
0
0
0
0
0
0
0
0
0
0
0
0
0
0
0
0
0
0
0
0
0
0
0
0
0
0
0
0
0
0
0
0
0
0
0
0
0
0
0
0
0
0
0
0
0
0
0
0
0
0
0
0
0
0
0
0
0
0
0
0
0
0
0
0
0
0
0
0
0
0
0
0
0
0
0
0
0
0
0
0
0
0
0
0
0
0
0
0
0
0
0
0
0
0
0
0
0
0
0
0
0
0
0
0
0
0
0
0
0
0
0
0
0
0
0
0
0
0
0
0
0
0
0
0
0
0
0
0
0
0
0
0
0
0
0
0
0
0
0
0
0
0
0
0
0
0
0
0
0
0
0
0
0
0
0
0
0
0
0
0
0
0
0
0
0
0
0
0
0
0
0
0
0
0
0
0
0
0
0
0
0
0
0
0
0
0
0
0
0
0
0
0
0
0
0
0
0
0
0
0
0
0
0
0
0
0
0
0
0
0
0
0
0
0
0
0
0
0
0
0
0
0
0
0
0
0
0
0
0
0
0
0
0
0
0
0
0
0
0
0
0
0
0
0
0
0
0
0
0
0
0
0
0
0
0
0
0
0
0
0
0
0
0
0
0
0
0
0
0
0
0
0
0
0
0
0
0
0
0
0
0
0
0
0
0
0
0
0
0
0
0
0
0
0
0
0
0
0
0
0
0
0
0
0
0
0
0
0
0
0
0
0
0
0
0
0
0
0
0
0
0
0
0
0
0
0
0
0
0
0
0
0
0
0
0
0
0
0
0
0
0
0
0
0
0
0
0
0
0
0
0
0
0
0
0
0
0
0
0
0
0
0
0
0
0
0
0
0
0
0
0
0
0
0
0
0
0
0
0
0
0
0
0
0
0
0
0
0
0
0
0
0
0
0
0
0
0
0
0
0
0
0
0
0
0
0
0
0
0
0
0
0
0
0
0
0
0
0
0
0
0
0
0
0
0
0
0
0
0
0
0
0
0
0
0
0
0
0
0
0
0
0
0
0
0
0
0
0
0
0
0
0
0
0
0
0
0
0
0
0
0
0
0
0
0
0
0
0
0
0
0
0
0
0
0
0
0
0
0
0
0
0
0
0
0
0
0
0
0
0
0
0
0
0
0
0
0
0
0
0
0
0
0
0
0
0
0
0
0
0
0
0
0
0
0
0
0
0
0
0
0
0
0
0
0
0
0
0
0
0
0
0
0
0
0
0
0
0
0
0
0
0
0
0
0
0
0
0
0
0
0
0
0
0
0
0
0
0
0
0
0
0
0
0
0
0
0
0
0
0
0
0
0
0
0
0
0
0
0
0
0
0
0
0
0
0
0
0
0
0
0
0
0
0
0
0
0
0
0
0
0
0
0
0
0
0
0
0
0
0
0
0
0
0
0
0
0
0
0
0
0
0
0
0
0
0
0
0
0
0
0
0
0
0
0
0
0
0
0
0
0
0
0
0
0
0
0
0
0
0
0
0
0
0
0
0
0
0
0
0
0
0
0
0
0
0
0
0
0
0
0
0
0
0
0
0
0
0
0
0
0
0
0
0
0
0
0
0
0
0
0
0
0
0
0
0
0
0
0
0
0
0
0
0
0
0
0
0
0
0
0
0
0
0
0
0
0
0
0
0
0
0
0
0
0
0
0
0
0
0
0
0
0
0
0
0
0
0
0
0
0
0
0
0
0
0
0
0
0
0
0
0
0
0
0
0
0
0
0
0
0
0
0
0
0
0
0
0
0
0
0
0
0
0
0
0
0
0
0
0
0
0
0
0
0
0
0
0
0
0
0
0
0
0
0
0
0
0
0
0
0
0
0
0
0
0
0
0
0
0
0
0
0
0
0
0
0
0
0
0
0
0
0
0
0
0
0
0
0
0
0
0
0
0
0
0
0
0
0
0
0
0
0
0
0
0
0
0
0
0
0
0
0
0
0
0
0
0
0
0
0
0
0
0
0
0
0
0
0
0
0
0
0
0
0
0
0
0
0
0
0
0
0
0
0
0
0
0
0
0
0
0
0
0
0
0
0
0
0
0
0
0
0
0
0
0
0
0
0
0
0
0
0
0
0
0
0
0
0
0
0
0
0
0
0
0
0
0
0
0
0
0
0
0
0
0
0
0
0
0
0
0
0
0
0
0
0
0
0
0
0
0
0
0
0
0
0
0
0
0
0
0
0
0
0
0
0
0
0
0
0
0
0
0
0
0
0
0
0
0
0
0
0
0
0
0
0
0
0
0
0
0
0
0
0
0
0
0
0
0
0
0
0
0
0
0
0
0
0
0
0
0
0
0
0
0
0
0
0
0
0
0
0
0
0
0
0
0
0
0
0
0
0
0
0
0
0
0
0
0
0
0
0
0
0
0
0
0
0
0
0
0
0
0
0
0
0
0
0
0
0
0
0
0
0
0
0
0
0
0
0
0
0
0
0
0
0
0
0
0
0
0
0
0
0
0
0
0
0
0
0
0
0
0
0
0
0
0
0
0
0
0
0
0
0
0
0
0
0
0
0
0
0
0
0
0
0
0
0
0
0
0
0
0
0
0
0
0
0
0
0
0
0
0
0
0
0
0
0
0
0
0
0
0
0
0
0
0
0
0
0
0
0
0
0
0
0
0
0
0
0
0
0
0
0
0
0
0
0
0
0
0
0
0
0
0
0
0
0
0
0
0
0
0
0
0
0
0
0
0
0
0
0
0
0
0
0
0
0
0
0
0
0
0
0
0
0
0
0
0
0
0
0
0
0
0
0
0
0
0
0
0
0
0
0
0
0
0
0
0
0
0
0
0
0
0
0
0
0
0
0
0
0
0
0
0
0
0
0
0
0
0
0
0
0
0
0
0
0
0
0
0
0
0
0
0
0
0
0
0
0
0
0
0
0
0
0
0
0
0
0
0
0
0
0
0
0
0
0
0
0
0
0
0
0
0
0
0
0
0
0
0
0
0
0
0
0
0
0
0
0
0
0
0
0
0
0
0
0
0
0
0
0
0
0
0
0
0
0
0
0
0
0
0
0
0
0
0
0
0
0
0
0
0
0
0
0
0
0
0
0
0
0
0
0
0
0
0
0
0
0
0
0
0
0
0
0
0
0
0
0
0
0
0
0
0
0
0
0
0
0
0
0
0
0
0
0
0
0
0
0
0
0
0
0
0
0
0
0
0
0
0
0
0
0
0
0
0
0
0
0
0
0
0
0
0
0
0
0
0
0
0
0
0
0
0
0
0
0
0
0
0
0
0
0
0
0
0
0
0
0
0
0
0
0
0
0
0
0
0
0
0
0
0
0
0
0
0
0
0
0
0
0
0
0
0
0
0
0
0
0
0
0
0
0
0
0
0
0
0
0
0
0
0
0
0
0
0
0
0
0
0
0
0
0
0
0
0
0
0
0
0
0
0
0
0
0
0
0
0
0
0
0
0
0
0
0
0
0
0
0
0
0
0
0
0
0
0
0
0
0
0
0
0
0
0
0
0
0
0
0
0
0
0
0
0
0
0
0
0
0
0
0
0
0
0
0
0
0
0
0
0
0
0
0
0
0
0
0
0
0
0
0
0
0
0
0
0
0
0
0
0
0
0
0
0
0
0
0
0
0
0
0
0
0
0
0
0
0
0
0
0
0
0
0
0
0
0
0
0
0
0
0
0
0
0
0
0
0
0
0
0
0
0
0
0
0
0
0
0
0
0
0
0
0
0
0
0
0
0
0
0
0
0
0
0
0
0
0
0
0
0
0
0
0
0
0
0
0
0
0
0
0
0
0
0
0
0
0
0
0
0
0
0
0
0
0
0
0
0
0
0
0
0
0
0
0
0
0
0
0
0
0
0
0
0
0
0
0
0
0
0
0
0
0
0
0
0
0
0
0
0
0
0
0
0
0
0
0
0
0
0
0
0
0
0
0
0
0
0
0
0
0
0
0
0
0
0
0
0
0
0
0
0
0
0
0
0
0
0
0
0
0
0
0
0
0
0
0
0
0
0
0
0
0
0
0
0
0
0
0
0
0
0
0
0
0
0
0
0
0
0
0
0
0
0
0
0
0
0
0
0
0
0
0
0
0
0
0
0
0
0
0
0
0
0
0
0
0
0
0
0
0
0
0
0
0
0
0
0
0
0
0
0
0
0
0
0
0
0
0
0
0
0
0
0
0
0
0
0
0
0
0
0
0
0
0
0
0
0
0
0
0
0
0
0
0
0
0
0
0
0
0
0
0
0
0
0
0
0
0
0
0
0
0
0
0
0
0
0
0
0
0
0
0
0
0
0
0
0
0
0
0
0
0
0
0
0
0
0
0
0
0
0
0
0
0
0
0
0
0
0
0
0
0
0
0
0
0
0
0
0
0
0
0
0
0
0
0
0
0
0
0
0
0
0
0
0
0
0
0
0
0
0
0
0
0
0
0
0
0
0
0
0
0
0
0
0
0
0
0
0
0
0
0
0
0
0
0
0
0
0
0
0
0
0
0
0
0
0
0
0
0
0
0
0
0
0
0
0
0
0
0
0
0
0
0
0
0
0
0
0
0
0
0
0
0
0
0
0
0
0
0
0
0
0
0
0
0
0
0
0
0
0
0
0
0
0
0
0
0
0
0
0
0
0
0
0
0
0
0
0
0
0
0
0
0
0
0
0
0
0
0
0
0
0
0
0
0
0
0
0
0
0
0
0
0
0
0
0
0
0
0
0
0
0
0
0
0
0
0
0
0
0
0
0
0
0
0
0
0
0
0
0
0
0
0
0
0
0
0
0
0
0
0
0
0
0
0
0
0
0
0
0
0
0
0
0
0
0
0
0
0
0
0
0
0
0
0
0
0
0
0
0
0
0
0
0
0
0
0
0
0
0
0
0
0
0
0
0
0
0
0
0
0
0
0
0
0
0
0
0
0
0
0
0
0
0
0
0
0
0
0
0
0
0
0
0
0
0
0
0
0
0
0
0
0
0
0
0
0
0
0
0
0
0
0
0
0
0
0
0
0
0
0
0
0
0
0
0
0
0
0
0
0
0
0
0
0
0
0
0
0
0
0
0
0
0
0
0
0
0
0
0
0
0
0
0
0
0
0
0
0
0
0
0
0
0
0
0
0
0
0
0
0
0
0
0
0
0
0
0
0
0
0
0
0
0
0
0
0
0
0
0
0
0
0
0
0
0
0
0
0
0
0
0
0
0
0
0
0
0
0
0
0
0
0
0
0
0
0
0
0
0
0
0
0
0
0
0
0
0
0
0
0
0
0
0
0
0
0
0
0
0
0
0
0
0
0
0
0
0
0
0
0
0
0
0
0
0
0
0
0
0
0
0
0
0
0
0
0
0
0
0
0
0
0
0
0
0
0
0
0
0
0
0
0
0
0
0
0
0
0
0
0
0
0
0
0
0
0
0
0
0
0
0
0
0
0
0
0
0
0
0
0
0
0
0
0
0
0
0
0
0
0
0
0
0
0
0
0
0
0
0
0
0
0
0
0
0
0
0
0
0
0
0
0
0
0
0
0
0
0
0
0
0
0
0
0
0
0
0
0
0
0
0
0
0
0
0
0
0
0
0
0
0
0
0
0
0
0
0
0
0
0
0
0
0
0
0
0
0
0
0
0
0
0
0
0
0
0
0
0
0
0
0
0
0
0
0
0
0
0
0
0
0
0
0
0
0
0
0
0
0
0
0
0
0
0
0
0
0
0
0
0
0
0
0
0
0
0
0
0
0
0
0
0
0
0
0
0
0
0
0
0
0
0
0
0
0
0
0
0
0
0
0
0
0
0
0
0
0
0
0
0
0
0
0
0
0
0
0
0
0
0
0
0
0
0
0
0
0
0
0
0
0
0
0
0
0
0
0
0
0
0
0
0
0
0
0
0
0
0
0
0
0
0
0
0
0
0
0
0
0
0
0
0
0
0
0
0
0
0
0
0
0
0
0
0
0
0
0
0
0
0
0
0
0
0
0
0
0
0
0
0
0
0
0
0
0
0
0
0
0
0
0
0
0
0
0
0
0
0
0
0
0
0
0
0
0
0
0
0
0
0
0
0
0
0
0
0
0
0
0
0
0
0
0
0
0
0
0
0
0
0
0
0
0
0
0
0
0
0
0
0
0
0
0
0
0
0
0
0
0
0
0
0
0
0
0
0
0
0
0
0
0
0
0
0
0
0
0
0
0
0
0
0
0
0
0
0
0
0
0
0
0
0
0
0
0
0
0
0
0
0
0
0
0
0
0
0
0
0
0
0
0
0
0
0
0
0
0
0
0
0
0
0
0
0
0
0
0
0
0
0
0
0
0
0
0
0
0
0
0
0
0
0
0
0
0
0
0
0
0
0
0
0
0
0
0
0
0
0
0
0
0
0
0
0
0
0
0
0
0
0
0
0
0
0
0
0
0
0
0
0
0
0
0
0
0
0
0
0
0
0
0
0
0
0
0
0
0
0
0
0
0
0
0
0
0
0
0
0
0
0
0
0
0
0
0
0
0
0
0
0
0
0
0
0
0
0
0
0
0
0
0
0
0
0
0
0
0
0
0
0
0
0
0
0
0
0
0
0
0
0
0
0
0
0
0
0
0
0
0
0
0
0
0
0
0
0
0
0
0
0
0
0
0
0
0
0
0
0
0
0
0
0
0
0
0
0
0
0
0
0
0
0
0
0
0
0
0
0
0
0
0
0
0
0
0
0
0
0
0
0
0
0
0
0
0
0
0
0
0
0
0
0
0
0
0
0
0
0
0
0
0
0
0
0
0
0
0
0
0
0
0
0
0
0
0
0
0
0
0
0
0
0
0
0
0
0
0
0
0
0
0
0
0
0
0
0
0
0
0
0
0
0
0
0
0
0
0
0
0
0
0
0
0
0
0
0
0
0
0
0
0
0
0
0
0
0
0
0
0
0
0
0
0
0
0
0
0
0
0
0
0
0
0
0
0
0
0
0
0
0
0
0
0
0
0
0
0
0
0
0
0
0
0
0
0
0
0
0
0
0
0
0
0
0
0
0
0
0
0
0
0
0
0
0
0
0
0
0
0
0
0
0
0
0
0
0
0
0
0
0
0
0
0
0
0
0
0
0
0
0
0
0
0
0
0
0
0
0
0
0
0
0
0
0
0
0
0
0
0
0
0
0
0
0
0
0
0
0
0
0
0
0
0
0
0
0
0
0
0
0
0
0
0
0
0
0
0
0
0
0
0
0
0
0
0
0
0
0
0
0
0
0
0
0
0
0
0
0
0
0
0
0
0
0
0
0
0
0
0
0
0
0
0
0
0
0
0
0
0
0
0
0
0
0
0
0
0
0
0
0
0
0
0
0
0
0
0
0
0
0
0
0
0
0
0
0
0
0
0
0
0
0
0
0
0
0
0
0
0
0
0
0
0
0
0
0
0
0
0
0
0
0
0
0
0
0
0
0
0
0
0
0
0
0
0
0
0
0
0
0
0
0
0
0
0
0
0
0
0
0
0
0
0
0
0
0
0
0
0
0
0
0
0
0
0
0
0
0
0
0
0
0
0
0
0
0
0
0
0
0
0
0
0
0
0
0
0
0
0
0
0
0
0
0
0
0
0
0
0
0
0
0
0
0
0
0
0
0
0
0
0
0
0
0
0
0
0
0
0
0
0
0
0
0
0
0
0
0
0
0
0
0
0
0
0
0
0
0
0
0
0
0
0
0
0
0
0
0
0
0
0
0
0
0
0
0
0
0
0
0
0
0
0
0
0
0
0
0
0
0
0
0
0
0
0
0
0
0
0
0
0
0
0
0
0
0
0
0
0
0
0
0
0
0
0
0
0
0
0
0
0
0
0
0
0
0
0
0
0
0
0
0
0
0
0
0
0
0
0
0
0
0
0
0
0
0
0
0
0
0
0
0
0
0
0
0
0
0
0
0
0
0
0
0
0
0
0
0
0
0
0
0
0
0
0
0
0
0
0
0
0
0
0
0
0
0
0
0
0
0
0
0
0
0
0
0
0
0
0
0
0
0
0
0
0
0
0
0
0
0
0
0
0
0
0
0
0
0
0
0
0
0
0
0
0
0
0
0
0
0
0
0
0
0
0
0
0
0
0
0
0
0
0
0
0
0
0
0
0
0
0
0
0
0
0
0
0
0
0
0
0
0
0
0
0
0
0
0
0
0
0
0
0
0
0
0
0
0
0
0
0
0
0
0
0
0
0
0
0
0
0
0
0
0
0
0
0
0
0
0
0
0
0
0
0
0
0
0
0
0
0
0
0
0
0
0
0
0
0
0
0
0
0
0
0
0
0
0
0
0
0
0
0
0
0
0
0
0
0
0
0
0
0
0
0
0
0
0
0
0
0
0
0
0
0
0
0
0
0
0
0
0
0
0
0
0
0
0
0
0
0
0
0
0
0
0
0
0
0
0
0
0
0
0
0
0
0
0
0
0
0
0
0
0
0
0
0
0
0
0
0
0
0
0
0
0
0
0
0
0
0
0
0
0
0
0
0
0
0
0
0
0
0
0
0
0
0
0
0
0
0
0
0
0
0
0
0
0
0
0
0
0
0
0
0
0
0
0
0
0
0
0
0
0
0
0
0
0
0
0
0
0
0
0
0
0
0
0
0
0
0
0
0
0
0
0
0
0
0
0
0
0
0
0
0
0
0
0
0
0
0
0
0
0
0
0
0
0
0
0
0
0
0
0
0
0
0
0
0
0
0
0
0
0
0
0
0
0
0
0
0
0
0
0
0
0
0
0
0
0
0
0
0
0
0
0
0
0
0
0
0
0
0
0
0
0
0
0
0
0
0
0
0
0
0
0
0
0
0
0
0
0
0
0
0
0
0
0
0
0
0
0
0
0
0
0
0
0
0
0
0
0
0
0
0
0
0
0
0
0
0
0
0
0
0
0
0
0
0
0
0
0
0
0
0
0
0
0
0
0
0
0
0
0
0
0
0
0
0
0
0
0
0
0
0
0
0
0
0
0
0
0
0
0
0
0
0
0
0
0
0
0
0
0
0
0
0
0
0
0
0
0
0
0
0
0
0
0
0
0
0
0
0
0
0
0
0
0
0
0
0
0
0
0
0
0
0
0
0
0
0
0
0
0
0
0
0
0
0
0
0
0
0
0
0
0
0
0
0
0
0
0
0
0
0
0
0
0
0
0
0
0
0
0
0
0
0
0
0
0
0
0
0
0
0
0
0
0
0
0
0
0
0
0
0
0
0
0
0
0
0
0
0
0
0
0
0
0
0
0
0
0
0
0
0
0
0
0
0
0
0
0
0
0
0
0
0
0
0
0
0
0
0
0
0
0
0
0
0
0
0
0
0
0
0
0
0
0
0
0
0
0
0
0
0
0
0
0
0
0
0
0
0
0
0
0
0
0
0
0
0
0
0
0
0
0
0
0
0
0
0
0
0
0
0
0
0
0
0
0
0
0
0
0
0
0
0
0
0
0
0
0
0
0
0
0
0
0
0
0
0
0
0
0
0
0
0
0
0
0
0
0
0
0
0
0
0
0
0
0
0
0
0
0
0
0
0
0
0
0
0
0
0
0
0
0
0
0
0
0
0
0
0
0
0
0
0
0
0
0
0
0
0
0
0
0
0
0
0
0
0
0
0
0
0
0
0
0
0
0
0
0
0
0
0
0
0
0
0
0
0
0
0
0
0
0
0
0
0
0
0
0
0
0
0
0
0
0
0
0
0
0
0
0
0
0
0
0
0
0
0
0
0
0
0
0
0
0
0
0
0
0
0
0
0
0
0
0
0
0
0
0
0
0
0
0
0
0
0
0
0
0
0
0
0
0
0
0
0
0
0
0
0
0
0
0
0
0
0
0
0
0
0
0
0
0
0
0
0
0
0
0
0
0
0
0
0
0
0
0
0
0
0
0
0
0
0
0
0
0
0
0
0
0
0
0
0
0
0
0
0
0
0
0
0
0
0
0
0
0
0
0
0
0
0
0
0
0
0
0
0
0
0
0
0
0
0
0
0
0
0
0
0
0
0
0
0
0
0
0
0
0
0
0
0
0
0
0
0
0
0
0
0
0
0
0
0
0
0
0
0
0
0
0
0
0
0
0
0
0
0
0
0
0
0
0
0
0
0
0
0
0
0
0
0
0
0
0
0
0
0
0
0
0
0
0
0
0
0
0
0
0
0
0
0
0
0
0
0
0
0
0
0
0
0
0
0
0
0
0
0
0
0
0
0
0
0
0
0
0
0
0
0
0
0
0
0
0
0
0
0
0
0
0
0
0
0
0
0
0
0
0
0
0
0
0
0
0
0
0
0
0
0
0
0
0
0
0
0
0
0
0
0
0
0
0
0
0
0
0
0
0
0
0
0
0
0
0
0
0
0
0
0
0
0
0
0
0
0
0
0
0
0
0
0
0
0
0
0
0
0
0
0
0
0
0
0
0
0
0
0
0
0
0
0
0
0
0
0
0
0
0
0
0
0
0
0
0
0
0
0
0
0
0
0
0
0
0
0
0
0
0
0
0
0
0
0
0
0
0
0
0
0
0
0
0
0
0
0
0
0
0
0
0
0
0
0
0
0
0
0
0
0
0
0
0
0
0
0
0
0
0
0
0
0
0
0
0
0
0
0
0
0
0
0
0
0
0
0
0
0
0
0
0
0
0
0
0
0
0
0
0
0
0
0
0
0
0
0
0
0
0
0
0
0
0
0
0
0
0
0
0
0
0
0
0
0
0
0
0
0
0
0
0
0
0
0
0
0
0
0
0
0
0
0
0
0
0
0
0
0
0
0
0
0
0
0
0
0
0
0
0
0
0
0
0
0
0
0
0
0
0
0
0
0
0
0
0
0
0
0
0
0
0
0
0
0
0
0
0
0
0
0
0
0
0
0
0
0
0
0
0
0
0
0
0
0
0
0
0
0
0
0
0
0
0
0
0
0
0
0
0
0
0
0
0
0
0
0
0
0
0
0
0
0
0
0
0
0
0
0
0
0
0
0
0
0
0
0
0
0
0
0
0
0
0
0
0
0
0
0
0
0
0
0
0
0
0
0
0
0
0
0
0
0
0
0
0
0
0
0
0
0
0
0
0
0
0
0
0
0
0
0
0
0
0
0
0
0
0
0
0
0
0
0
0
0
0
0
0
0
0
0
0
0
0
0
0
0
0
0
0
0
0
0
0
0
0
0
0
0
0
0
0
0
0
0
0
0
0
0
0
0
0
0
0
0
0
0
0
0
0
0
0
0
0
0
0
0
0
0
0
0
0
0
0
0
0
0
0
0
0
0
0
0
0
0
0
0
0
0
0
0
0
0
0
0
0
0
0
0
0
0
0
0
0
0
0
0
0
0
0
0
0
0
0
0
0
0
0
0
0
0
0
0
0
0
0
0
0
0
0
0
0
0
0
0
0
0
0
0
0
0
0
0
0
0
0
0
0
0
0
0
0
0
0
0
0
0
0
0
0
0
0
0
0
0
0
0
0
0
0
0
0
0
0
0
0
0
0
0
0
0
0
0
0
0
0
0
0
0
0
0
0
0
0
0
0
0
0
0
0
0
0
0
0
0
0
0
0
0
0
0
0
0
0
0
0
0
0
0
0
0
0
0
0
0
0
0
0
0
0
0
0
0
0
0
0
0
0
0
0
0
0
0
0
0
0
0
0
0
0
0
0
0
0
0
0
0
0
0
0
0
0
0
0
0
0
0
0
0
0
0
0
0
0
0
0
0
0
0
0
0
0
0
0
0
0
0
0
0
0
0
0
0
0
0
0
0
0
0
0
0
0
0
0
0
0
0
0
0
0
0
0
0
0
0
0
0
0
0
0
0
0
0
0
0
0
0
0
0
0
0
0
0
0
0
0
0
0
0
0
0
0
0
0
0
0
0
0
0
0
0
0
0
0
0
0
0
0
0
0
0
0
0
0
0
0
0
0
0
0
0
0
0
0
0
0
0
0
0
0
0
0
0
0
0
0
0
0
0
0
0
0
0
0
0
0
0
0
0
0
0
0
0
0
0
0
0
0
0
0
0
0
0
0
0
0
0
0
0
0
0
0
0
0
0
0
0
0
0
0
0
0
0
0
0
0
0
0
0
0
0
0
0
0
0
0
0
0
0
0
0
0
0
0
0
0
0
0
0
0
0
0
0
0
0
0
0
0
0
0
0
0
0
0
0
0
0
0
0
0
0
0
0
0
0
0
0
0
0
0
0
0
0
0
0
0
0
0
0
0
0
0
0
0
0
0
0
0
0
0
0
0
0
0
0
0
0
0
0
0
0
0
0
0
0
0
0
0
0
0
0
0
0
0
0
0
0
0
0
0
0
0
0
0
0
0
0
0
0
0
0
0
0
0
0
0
0
0
0
0
0
0
0
0
0
0
0
0
0
0
0
0
0
0
0
0
0
0
0
0
0
0
0
0
0
0
0
0
0
0
0
0
0
0
0
0
0
0
0
0
0
0
0
0
0
0
0
0
0
0
0
0
0
0
0
0
0
0
0
0
0
0
0
0
0
0
0
0
0
0
0
0
0
0
0
0
0
0
0
0
0
0
0
0
0
0
0
0
0
0
0
0
0
0
0
0
0
0
0
0
0
0
0
0
0
0
0
0
0
0
0
0
0
0
0
0
0
0
0
0
0
0
0
0
0
0
0
0
0
0
0
0
0
0
0
0
0
0
0
0
0
0
0
0
0
0
0
0
0
0
0
0
0
0
0
0
0
0
0
0
0
0
0
0
0
0
0
0
0
0
0
0
0
0
0
0
0
0
0
0
0
0
0
0
0
0
0
0
0
0
0
0
0
0
0
0
0
0
0
0
0
0
0
0
0
0
0
0
0
0
0
0
0
0
0
0
0
0
0
0
0
0
0
0
0
0
0
0
0
0
0
0
0
0
0
0
0
0
0
0
0
0
0
0
0
0
0
0
0
0
0
0
0
0
0
0
0
0
0
0
0
0
0
0
0
0
0
0
0
0
0
0
0
0
0
0
0
0
0
0
0
0
0
0
0
0
0
0
0
0
0
0
0
0
0
0
0
0
0
0
0
0
0
0
0
0
0
0
0
0
0
0
0
0
0
0
0
0
0
0
0
0
0
0
0
0
0
0
0
0
0
0
0
0
0
0
0
0
0
0
0
0
0
0
0
0
0
0
0
0
0
0
0
0
0
0
0
0
0
0
0
0
0
0
0
0
0
0
0
0
0
0
0
0
0
0
0
0
0
0
0
0
0
0
0
0
0
0
0
0
0
0
0
0
0
0
0
0
0
0
0
0
0
0
0
0
0
0
0
0
0
0
0
0
0
0
0
0
0
0
0
0
0
0
0
0
0
0
0
0
0
0
0
0
0
0
0
0
0
0
0
0
0
0
0
0
0
0
0
0
0
0
0
0
0
0
0
0
0
0
0
0
0
0
0
0
0
0
0
0
0
0
0
0
0
0
0
0
0
0
0
0
0
0
0
0
0
0
0
0
0
0
0
0
0
0
0
0
0
0
0
0
0
0
0
0
0
0
0
0
0
0
0
0
0
0
0
0
0
0
0
0
0
0
0
0
0
0
0
0
0
0
0
0
0
0
0
0
0
0
0
0
0
0
0
0
0
0
0
0
0
0
0
0
0
0
0
0
0
0
0
0
0
0
0
0
0
0
0
0
0
0
0
0
0
0
0
0
0
0
0
0
0
0
0
0
0
0
0
0
0
0
0
0
0
0
0
0
0
0
0
0
0
0
0
0
0
0
0
0
0
0
0
0
0
0
0
0
0
0
0
0
0
0
0
0
0
0
0
0
0
0
0
0
0
0
0
0
0
0
0
0
0
0
0
0
0
0
0
0
0
0
0
0
0
0
0
0
0
0
0
0
0
0
0
0
0
0
0
0
0
0
0
0
0
0
0
0
0
0
0
0
0
0
0
0
0
0
0
0
0
0
0
0
0
0
0
0
0
0
0
0
0
0
0
0
0
0
0
0
0
0
0
0
0
0
0
0
0
0
0
0
0
0
0
0
0
0
0
0
0
0
0
0
0
0
0
0
0
0
0
0
0
0
0
0
0
0
0
0
0
0
0
0
0
0
0
0
0
0
0
0
0
0
0
0
0
0
0
0
0
0
0
0
0
0
0
0
0
0
0
0
0
0
0
0
0
0
0
0
0
0
0
0
0
0
0
0
0
0
0
0
0
0
0
0
0
0
0
0
0
0
0
0
0
0
0
0
0
0
0
0
0
0
0
0
0
0
0
0
0
0
0
0
0
0
0
0
0
0
0
0
0
0
0
0
0
0
0
0
0
0
0
0
0
0
0
0
0
0
0
0
0
0
0
0
0
0
0
0
0
0
0
0
0
0
0
0
0
0
0
0
0
0
0
0
0
0
0
0
0
0
0
0
0
0
0
0
0
0
0
0
0
0
0
0
0
0
0
0
0
0
0
0
0
0
0
0
0
0
0
0
0
0
0
0
0
0
0
0
0
0
0
0
0
0
0
0
0
0
0
0
0
0
0
0
0
0
0
0
0
0
0
0
0
0
0
0
0
0
0
0
0
0
0
0
0
0
0
0
0
0
0
0
0
0
0
0
0
0
0
0
0
0
0
0
0
0
0
0
0
0
0
0
0
0
0
0
0
0
0
0
0
0
0
0
0
0
0
0
0
0
0
0
0
0
0
0
0
0
0
0
0
0
0
0
0
0
0
0
0
0
0
0
0
0
0
0
0
0
0
0
0
0
0
0
0
0
0
0
0
0
0
0
0
0
0
0
0
0
0
0
0
0
0
0
0
0
0
0
0
0
0
0
0
0
0
0
0
0
0
0
0
0
0
0
0
0
0
0
0
0
0
0
0
0
0
0
0
0
0
0
0
0
0
0
0
0
0
0
0
0
0
0
0
0
0
0
0
0
0
0
0
0
0
0
0
0
0
0
0
0
0
0
0
0
0
0
0
0
0
0
0
0
0
0
0
0
0
0
0
0
0
0
0
0
0
0
0
0
0
0
0
0
0
0
0
0
0
0
0
0
0
0
0
0
0
0
0
0
0
0
0
0
0
0
0
0
0
0
0
0
0
0
0
0
0
0
0
0
0
0
0
0
0
0
0
0
0
0
0
0
0
0
0
0
0
0
0
0
0
0
0
0
0
0
0
0
0
0
0
0
0
0
0
0
0
0
0
0
0
0
0
0
0
0
0
0
0
0
0
0
0
0
0
0
0
0
0
0
0
0
0
0
0
0
0
0
0
0
0
0
0
0
0
0
0
0
0
0
0
0
0
0
0
0
0
0
0
0
0
0
0
0
0
0
0
0
0
0
0
0
0
0
0
0
0
0
0
0
0
0
0
0
0
0
0
0
0
0
0
0
0
0
0
0
0
0
0
0
0
0
0
0
0
0
0
0
0
0
0
0
0
0
0
0
0
0
0
0
0
0
0
0
0
0
0
0
0
0
0
0
0
0
0
0
0
0
0
0
0
0
0
0
0
0
0
0
0
0
0
0
0
0
0
0
0
0
0
0
0
0
0
0
0
0
0
0
0
0
0
0
0
0
0
0
0
0
0
0
0
0
0
0
0
0
0
0
0
0
0
0
0
0
0
0
0
0
0
0
0
0
0
0
0
0
0
0
0
0
0
0
0
0
0
0
0
0
0
0
0
0
0
0
0
0
0
0
0
0
0
0
0
0
0
0
0
0
0
0
0
0
0
0
0
0
0
0
0
0
0
0
0
0
0
0
0
0
0
0
0
0
0
0
0
0
0
0
0
0
0
0
0
0
0
0
0
0
0
0
0
0
0
0
0
0
0
0
0
0
0
0
0
0
0
0
0
0
0
0
0
0
0
0
0
0
0
0
0
0
0
0
0
0
0
0
0
0
0
0
0
0
0
0
0
0
0
0
0
0
0
0
0
0
0
0
0
0
0
0
0
0
0
0
0
0
0
0
0
0
0
0
0
0
0
0
0
0
0
0
0
0
0
0
0
0
0
0
0
0
0
0
0
0
0
0
0
0
0
0
0
0
0
0
0
0
0
0
0
0
0
0
0
0
0
0
0
0
0
0
0
0
0
0
0
0
0
0
0
0
0
0
0
0
0
0
0
0
0
0
0
0
0
0
0
0
0
0
0
0
0
0
0
0
0
0
0
0
0
0
0
0
0
0
0
0
0
0
0
0
0
0
0
0
0
0
0
0
0
0
0
0
0
0
0
0
0
0
0
0
0
0
0
0
0
0
0
0
0
0
0
0
0
0
0
0
0
0
0
0
0
0
0
0
0
0
0
0
0
0
0
0
0
0
0
0
0
0
0
0
0
0
0
0
0
0
0
0
0
0
0
0
0
0
0
0
0
0
0
0
0
0
0
0
0
0
0
0
0
0
0
0
0
0
0
0
0
0
0
0
0
0
0
0
0
0
0
0
0
0
0
0
0
0
0
0
0
0
0
0
0
0
0
0
0
0
0
0
0
0
0
0
0
0
0
0
0
0
0
0
0
0
0
0
0
0
0
0
0
0
0
0
0
0
0
0
0
0
0
0
0
0
0
0
0
0
0
0
0
0
0
0
0
0
0
0
0
0
0
0
0
0
0
0
0
0
0
0
0
0
0
0
0
0
0
0
0
0
0
0
0
0
0
0
0
0
0
0
0
0
0
0
0
0
0
0
0
0
0
0
0
0
0
0
0
0
0
0
0
0
0
0
0
0
0
0
0
0
0
0
0
0
0
0
0
0
0
0
0
0
0
0
0
0
0
0
0
0
0
0
0
0
0
0
0
0
0
0
0
0
0
0
0
0
0
0
0
0
0
0
0
0
0
0
0
0
0
0
0
0
0
0
0
0
0
0
0
0
0
0
0
0
0
0
0
0
0
0
0
0
0
0
0
0
0
0
0
0
0
0
0
0
0
0
0
0
0
0
0
0
0
0
0
0
0
0
0
0
0
0
0
0
0
0
0
0
0
0
0
0
0
0
0
0
0
0
0
0
0
0
0
0
0
0
0
0
0
0
0
0
0
0
0
0
0
0
0
0
0
0
0
0
0
0
0
0
0
0
0
0
0
0
0
0
0
0
0
0
0
0
0
0
0
0
0
0
0
0
0
0
0
0
0
0
0
0
0
0
0
0
0
0
0
0
0
0
0
0
0
0
0
0
0
0
0
0
0
0
0
0
0
0
0
0
0
0
0
0
0
0
0
0
0
0
0
0
0
0
0
0
0
0
0
0
0
0
0
0
0
0
0
0
0
0
0
0
0
0
0
0
0
0
0
0
0
0
0
0
0
0
0
0
0
0
0
0
0
0
0
0
0
0
0
0
0
0
0
0
0
0
0
0
0
0
0
0
0
0
0
0
0
0
0
0
0
0
0
0
0
0
0
0
0
0
0
0
0
0
0
0
0
0
0
0
0
0
0
0
0
0
0
0
0
0
0
0
0
0
0
0
0
0
0
0
0
0
0
0
0
0
0
0
0
0
0
0
0
0
0
0
0
0
0
0
0
0
0
0
0
0
0
0
0
0
0
0
0
0
0
0
0
0
0
0
0
0
0
0
0
0
0
0
0
0
0
0
0
0
0
0
0
0
0
0
0
0
0
0
0
0
0
0
0
0
0
0
0
0
0
0
0
0
0
0
0
0
0
0
0
0
0
0
0
0
0
0
0
0
0
0
0
0
0
0
0
0
0
0
0
0
0
0
0
0
0
0
0
0
0
0
0
0
0
0
0
0
0
0
0
0
0
0
0
0
0
0
0
0
0
0
0
0
0
0
0
0
0
0
0
0
0
0
0
0
0
0
0
0
0
0
0
0
0
0
0
0
0
0
0
0
0
0
0
0
0
0
0
0
0
0
0
0
0
0
0
0
0
0
0
0
0
0
0
0
0
0
0
0
0
0
0
0
0
0
0
0
0
0
0
0
0
0
0
0
0
0
0
0
0
0
0
0
0
0
0
0
0
0
0
0
0
0
0
0
0
0
0
0
0
0
0
0
0
0
0
0
0
0
0
0
0
0
0
0
0
0
0
0
0
0
0
0
0
0
0
0
0
0
0
0
0
0
0
0
0
0
0
0
0
0
0
0
0
0
0
0
0
0
0
0
0
0
0
0
0
0
0
0
0
0
0
0
0
0
0
0
0
0
0
0
0
0
0
0
0
0
0
0
0
0
0
0
0
0
0
0
0
0
0
0
0
0
0
0
0
0
0
0
0
0
0
0
0
0
0
0
0
0
0
0
0
0
0
0
0
0
0
0
0
0
0
0
0
0
0
0
0
0
0
0
0
0
0
0
0
0
0
0
0
0
0
0
0
0
0
0
0
0
0
0
0
0
0
0
0
0
0
0
0
0
0
0
0
0
0
0
0
0
0
0
0
0
0
0
0
0
0
0
0
0
0
0
0
0
0
0
0
0
0
0
0
0
0
0
0
0
0
0
0
0
0
0
0
0
0
0
0
0
0
0
0
0
0
0
0
0
0
0
0
0
0
0
0
0
0
0
0
0
0
0
0
0
0
0
0
0
0
0
0
0
0
0
0
0
0
0
0
0
0
0
0
0
0
0
0
0
0
0
0
0
0
0
0
0
0
0
0
0
0
0
0
0
0
0
0
0
0
0
0
0
0
0
0
0
0
0
0
0
0
0
0
0
0
0
0
0
0
0
0
0
0
0
0
0
0
0
0
0
0
0
0
0
0
0
0
0
0
0
0
0
0
0
0
0
0
0
0
0
0
0
0
0
0
0
0
0
0
0
0
0
0
0
0
0
0
0
0
0
0
0
0
0
0
0
0
0
0
0
0
0
0
0
0
0
0
0
0
0
0
0
0
0
0
0
0
0
0
0
0
0
0
0
0
0
0
0
0
0
0
0
0
0
0
0
0
0
0
0
0
0
0
0
0
0
0
0
0
0
0
0
0
0
0
0
0
0
0
0
0
0
0
0
0
0
0
0
0
0
0
0
0
0
0
0
0
0
0
0
0
0
0
0
0
0
0
0
0
0
0
0
0
0
0
0
0
0
0
0
0
0
0
0
0
0
0
0
0
0
0
0
0
0
0
0
0
0
0
0
0
0
0
0
0
0
0
0
0
0
0
0
0
0
0
0
0
0
0
0
0
0
0
0
0
0
0
0
0
0
0
0
0
0
0
0
0
0
0
0
0
0
0
0
0
0
0
0
0
0
0
0
0
0
0
0
0
0
0
0
0
0
0
0
0
0
0
0
0
0
0
0
0
0
0
0
0
0
0
0
0
0
0
0
0
0
0
0
0
0
0
0
0
0
0
0
0
0
0
0
0
0
0
0
0
0
0
0
0
0
0
0
0
0
0
0
0
0
0
0
0
0
0
0
0
0
0
0
0
0
0
0
0
0
0
0
0
0
0
0
0
0
0
0
0
0
0
0
0
0
0
0
0
0
0
0
0
0
0
0
0
0
0
0
0
0
0
0
0
0
0
0
0
0
0
0
0
0
0
0
0
0
0
0
0
0
0
0
0
0
0
0
0
0
0
0
0
0
0
0
0
0
0
0
0
0
0
0
0
0
0
0
0
0
0
0
0
0
0
0
0
0
0
0
0
0
0
0
0
0
0
0
0
0
0
0
0
0
0
0
0
0
0
0
0
0
0
0
0
0
0
0
0
0
0
0
0
0
0
0
0
0
0
0
0
0
0
0
0
0
0
0
0
0
0
0
0
0
0
0
0
0
0
0
0
0
0
0
0
0
0
0
0
0
0
0
0
0
0
0
0
0
0
0
0
0
0
0
0
0
0
0
0
0
0
0
0
0
0
0
0
0
0
0
0
0
0
0
0
0
0
0
0
0
0
0
0
0
0
0
0
0
0
0
0
0
0
0
0
0
0
0
0
0
0
0
0
0
0
0
0
0
0
0
0
0
0
0
0
0
0
0
0
0
0
0
0
0
0
0
0
0
0
0
0
0
0
0
0
0
0
0
0
0
0
0
0
0
0
0
0
0
0
0
0
0
0
0
0
0
0
0
0
0
0
0
0
0
0
0
0
0
0
0
0
0
0
0
0
0
0
0
0
0
0
0
0
0
0
0
0
0
0
0
0
0
0
0
0
0
0
0
0
0
0
0
0
0
0
0
0
0
0
0
0
0
0
0
0
0
0
0
0
0
0
0
0
0
0
0
0
0
0
0
0
0
0
0
0
0
0
0
0
0
0
0
0
0
0
0
0
0
0
0
0
0
0
0
0
0
0
0
0
0
0
0
0
0
0
0
0
0
0
0
0
0
0
0
0
0
0
0
0
0
0
0
0
0
0
0
0
0
0
0
0
0
0
0
0
0
0
0
0
0
0
0
0
0
0
0
0
0
0
0
0
0
0
0
0
0
0
0
0
0
0
0
0
0
0
0
0
0
0
0
0
0
0
0
0
0
0
0
0
0
0
0
0
0
0
0
0
0
0
0
0
0
0
0
0
0
0
0
0
0
0
0
0
0
0
0
0
0
0
0
0
0
0
0
0
0
0
0
0
0
0
0
0
0
0
0
0
0
0
0
0
0
0
0
0
0
0
0
0
0
0
0
0
0
0
0
0
0
0
0
0
0
0
0
0
0
0
0
0
0
0
0
0
0
0
0
0
0
0
0
0
0
0
0
0
0
0
0
0
0
0
0
0
0
0
0
0
0
0
0
0
0
0
0
0
0
0
0
0
0
0
0
0
0
0
0
0
0
0
0
0
0
0
0
0
0
0
0
0
0
0
0
0
0
0
0
0
0
0
0
0
0
0
0
0
0
0
0
0
0
0
0
0
0
0
0
0
0
0
0
0
0
0
0
0
0
0
0
0
0
0
0
0
0
0
0
0
0
0
0
0
0
0
0
0
0
0
0
0
0
0
0
0
0
0
0
0
0
0
0
0
0
0
0
0
0
0
0
0
0
0
0
0
0
0
0
0
0
0
0
0
0
0
0
0
0
0
0
0
0
0
0
0
0
0
0
0
0
0
0
0
0
0
0
0
0
0
0
0
0
0
0
0
0
0
0
0
0
0
0
0
0
0
0
0
0
0
0
0
0
0
0
0
0
0
0
0
0
0
0
0
0
0
0
0
0
0
0
0
0
0
0
0
0
0
0
0
0
0
0
0
0
0
0
0
0
0
0
0
0
0
0
0
0
0
0
0
0
0
0
0
0
0
0
0
0
0
0
0
0
0
0
0
0
0
0
0
0
0
0
0
0
0
0
0
0
0
0
0
0
0
0
0
0
0
0
0
0
0
0
0
0
0
0
0
0
0
0
0
0
0
0
0
0
0
0
0
0
0
0
0
0
0
0
0
0
0
0
0
0
0
0
0
0
0
0
0
0
0
0
0
0
0
0
0
0
0
0
0
0
0
0
0
0
0
0
0
0
0
0
0
0
0
0
0
0
0
0
0
0
0
0
0
0
0
0
0
0
0
0
0
0
0
0
0
0
0
0
0
0
0
0
0
0
0
0
0
0
0
0
0
0
0
0
0
0
0
0
0
0
0
0
0
0
0
0
0
0
0
0
0
0
0
0
0
0
0
0
0
0
0
0
0
0
0
0
0
0
0
0
0
0
0
0
0
0
0
0
0
0
0
0
0
0
0
0
0
0
0
0
0
0
0
0
0
0
0
0
0
0
0
0
0
0
0
0
0
0
0
0
0
0
0
0
0
0
0
0
0
0
0
0
0
0
0
0
0
0
0
0
0
0
0
0
0
0
0
0
0
0
0
0
0
0
0
0
0
0
0
0
0
0
0
0
0
0
0
0
0
0
0
0
0
0
0
0
0
0
0
0
0
0
0
0
0
0
0
0
0
0
0
0
0
0
0
0
0
0
0
0
0
0
0
0
0
0
0
0
0
0
0
0
0
0
0
0
0
0
0
0
0
0
0
0
0
0
0
0
0
0
0
0
0
0
0
0
0
0
0
0
0
0
0
0
0
0
0
0
0
0
0
0
0
0
0
0
0
0
0
0
0
0
0
0
0
0
0
0
0
0
0
0
0
0
0
0
0
0
0
0
0
0
0
0
0
0
0
0
0
0
0
0
0
0
0
0
0
0
0
0
0
0
0
0
0
0
0
0
0
0
0
0
0
0
0
0
0
0
0
0
0
0
0
0
0
0
0
0
0
0
0
0
0
0
0
0
0
0
0
0
0
0
0
0
0
0
0
0
0
0
0
0
0
0
0
0
0
0
0
0
0
0
0
0
0
0
0
0
0
0
0
0
0
0
0
0
0
0
0
0
0
0
0
0
0
0
0
0
0
0
0
0
0
0
0
0
0
0
0
0
0
0
0
0
0
0
0
0
0
0
0
0
0
0
0
0
0
0
0
0
0
0
0
0
0
0
0
0
0
0
0
0
0
0
0
0
0
0
0
0
0
0
0
0
0
0
0
0
0
0
0
0
0
0
0
0
0
0
0
0
0
0
0
0
0
0
0
0
0
0
0
0
0
0
0
0
0
0
0
0
0
0
0
0
0
0
0
0
0
0
0
0
0
0
0
0
0
0
0
0
0
0
0
0
0
0
0
0
0
0
0
0
0
0
0
0
0
0
0
0
0
0
0
0
0
0
0
0
0
0
0
0
0
0
0
0
0
0
0
0
0
0
0
0
0
0
0
0
0
0
0
0
0
0
0
0
0
0
0
0
0
0
0
0
0
0
0
0
0
0
0
0
0
0
0
0
0
0
0
0
0
0
0
0
0
0
0
0
0
0
0
0
0
0
0
0
0
0
0
0
0
0
0
0
0
0
0
0
0
0
0
0
0
0
0
0
0
0
0
0
0
0
0
0
0
0
0
0
0
0
0
0
0
0
0
0
0
0
0
0
0
0
0
0
0
0
0
0
0
0
0
0
0
0
0
0
0
0
0
0
0
0
0
0
0
0
0
0
0
0
0
0
0
0
0
0
0
0
0
0
0
0
0
0
0
0
0
0
0
0
0
0
0
0
0
0
0
0
0
0
0
0
0
0
0
0
0
0
0
0
0
0
0
0
0
0
0
0
0
0
0
0
0
0
0
0
0
0
0
0
0
0
0
0
0
0
0
0
0
0
0
0
0
0
0
0
0
0
0
0
0
0
0
0
0
0
0
0
0
0
0
0
0
0
0
0
0
0
0
0
0
0
0
0
0
0
0
0
0
0
0
0
0
0
0
0
0
0
0
0
0
0
0
0
0
0
0
0
0
0
0
0
0
0
0
0
0
0
0
0
0
0
0
0
0
0
0
0
0
0
0
0
0
0
0
0
0
0
0
0
0
0
0
0
0
0
0
0
0
0
0
0
0
0
0
0
0
0
0
0
0
0
0
0
0
0
0
0
0
0
0
0
0
0
0
0
0
0
0
0
0
0
0
0
0
0
0
0
0
0
0
0
1.4760866e-05
0.00010459903
6.9059689e-06
0.00011887247
1.1717358e-05
4.1932587e-05
1.798953e-05
4.3664041e-05
0.00011580498
1.0348143e-05
3.4422924e-05
1.5299166e-05
8.4240146e-06
3.2807716e-05
6.9784122e-06
8.8026214e-06
3.6726187e-05
9.222622e-05
5.4475267e-05
3.7978188e-05
6.8100427e-05
2.0234422e-05
5.7883677e-05
6.3045888e-06
0.00012089984
2.6541011e-05
8.1798127e-06
0.00010883532
2.8127208e-05
1.182279e-05
2.769435e-05
5.2028677e-05
7.651099e-05
6.3527407e-05
8.5637619e-06
2.2390561e-05
3.064912e-05
8.3787705e-06
1.3515105e-05
7.6704195e-06
3.5356181e-05
3.7695298e-05
2.2437239e-05
2.2190412e-05
3.0520165e-05
1.9903462e-05
3.4489582e-05
6.7832419e-06
1.1581717e-05
9.7334118e-06
7.6543729e-06
1.1307735e-05
1.9835881e-05
1.3443063e-05
6.7207089e-06
6.7105752e-06
2.9819579e-05
1.3319178e-05
1.7764827e-05
3.2747644e-05
3.7472805e-05
4.6357711e-05
5.539558e-05
5.3665389e-05
0.000103155
1.0376285e-05
3.1154467e-05
2.6199646e-05
7.6638516e-05
3.0030959e-05
3.6968556e-05
1.1322693e-05
2.3487645e-05
1.0785485e-05
3.1563898e-05
7.2168327e-06
1.8998134e-05
8.8752023e-05
6.9847309e-05
5.5755048e-05
6.6824939e-06
0.00010580615
2.5007797e-05
0.00012415505
0.00010053916
0.00013682931
0.0001452167
0.00013186075
6.8628588e-06
0.00012401737
9.7952935e-05
1.7473285e-05
4.7982339e-05
4.6683784e-05
1.0263641e-05
1.7902485e-05
2.4630969e-05
4.6996904e-05
3.8495166e-05
3.6335405e-05
6.7682363e-06
1.6462589e-05
2.0054477e-05
1.6058923e-05
5.6545604e-05
1.482853e-05
0.00013048589
2.7106738e-05
5.1071483e-05
6.6007471e-05
3.0771864e-05
3.4527348e-05
2.3734326e-05
0.00010221114
1.857953e-05
7.6785701e-06
2.8833406e-05
1.6613968e-05
1.2782135e-05
0.00015303876
2.7839337e-05
6.2744907e-06
2.1187163e-05
8.5643409e-05
2.2135785e-05
2.1457687e-05
9.3070869e-05
2.8897312e-05
2.7446283e-05
7.0764073e-06
0.00011834462
5.6565829e-05
6.6607705e-06
8.0393925e-05
1.6582126e-05
0.00010720294
4.2274638e-05
3.8360214e-05
2.7379759e-05
1.3410917e-05
5.3401404e-05
4.4358545e-05
8.0012719e-05
3.0689478e-05
0.00014106599
0.00011557184
5.592383e-05
7.5646626e-05
1.3317727e-05
0.00012150398
6.0464177e-06
6.8715908e-05
3.9681266e-05
6.7162992e-06
1.365433e-05
1.9182213e-05
7.4812754e-06
0.0001246752
0.00013816675
0.0001035548
0.00010686101
7.5948699e-05
5.4292757e-05
1.9348006e-05
2.5738391e-05
2.0803307e-05
5.3147538e-05
3.2421048e-05
2.9613272e-05
2.2379107e-05
3.3408957e-05
8.543355e-05
8.1488284e-05
2.9489994e-05
4.2409725e-05
4.0465471e-05
9.0124924e-05
4.0417019e-05
3.5861332e-05
5.3568178e-05
4.407097e-05
1.5455092e-05
3.5567822e-05
2.3430941e-05
3.0195315e-05
3.6177309e-05
1.7763871e-05
2.8905206e-05
3.9391969e-05
3.137794e-05
1.64635e-05
2.4081456e-05
0.0001057776
2.2057392e-05
3.091559e-05
0.00012783407
1.3937984e-05
0.00014629226
7.4632823e-06
9.949452e-05
0.00013590722
8.0688807e-06
1.7902921e-05
6.2701976e-06
3.6822784e-05
0.00013722011
0.00011645325
2.294841e-05
8.2638888e-06
7.102311e-05
2.7179744e-05
3.0765395e-05
0.0001100734
2.7488991e-05
1.0616192e-05
3.3557721e-05
1.9116757e-05
6.0786109e-06
3.0416675e-05
8.2554809e-05
1.2701338e-05
7.4478781e-05
3.6187067e-05
3.742088e-05
1.2670269e-05
6.5815283e-05
2.4995912e-05
0.0001267262
0.00010922312
6.5311257e-06
1.1527003e-05
4.1952536e-05
7.5135638e-06
3.9227737e-05
2.3081092e-05
0.00013070611
1.3165218e-05
6.7707906e-05
6.6018635e-05
0.00011036502
8.2893174e-05
1.3467574e-05
6.9510785e-06
2.868454e-05
2.2960044e-05
6.1488457e-05
1.5182587e-05
6.2685518e-06
1.8950661e-05
8.4296284e-06
1.5827112e-05
9.41548e-05
2.1613425e-05
8.794828e-05
0.00012576025
8.5454287e-06
9.6494192e-05
0.00014681072
0.00013235592
9.0714928e-06
0.00015981858
0.00012282457
1.7124699e-05
2.1103518e-05
7.1448572e-05
0.00011134101
0.00014784516
9.661633e-05
1.0238811e-05
7.5603225e-06
4.7639414e-05
8.5418744e-05
0.00016293565
3.565564e-05
0.00013992179
4.2610578e-05
2.144742e-05
4.9901164e-05
5.9011273e-05
0.00011710519
4.904671e-05
4.0934221e-05
2.9070436e-05
1.7047403e-05
9.2227088e-05
2.3373319e-05
8.6164805e-05
5.0007819e-05
6.6599263e-05
1.4590626e-05
6.0110847e-05
3.2037816e-05
5.1436475e-05
3.8063727e-05
2.8605956e-05
9.4919285e-05
7.1245188e-05
9.3670699e-06
2.7504608e-05
2.1714349e-05
5.7091609e-05
3.0127317e-05
5.2462141e-05
0.00011885171
0.00013174229
3.1209125e-05
8.3993764e-06
5.4970254e-05
1.849122e-05
8.2154956e-05
1.9554472e-05
7.1665473e-05
3.7508922e-05
8.5498607e-05
1.6589889e-05
2.0300547e-05
6.1087553e-06
2.7636007e-05
6.897374e-06
5.4666384e-05
3.5359524e-05
2.5787055e-05
1.4743407e-05
3.653579e-05
5.3249406e-05
7.4019441e-06
8.726325e-05
5.0913153e-05
3.3160377e-05
9.440306e-05
3.4659157e-05
8.4152863e-06
0.00012155998
0.00011168171
4.5997763e-05
7.9977796e-06
4.3578246e-05
8.0038112e-05
0.00011638698
1.6441217e-05
2.9304741e-05
0.00010631193
0.00011290424
5.5215284e-05
2.1086824e-05
2.2543112e-05
1.8556572e-05
0.00014005742
0.00013181405
9.8150127e-05
8.9752533e-05
2.8274638e-05
7.3521574e-05
3.7062879e-05
3.4980873e-05
2.0307795e-05
9.774398e-05
6.1219562e-05
1.0016467e-05
5.2722888e-05
0.00012706298
2.224247e-05
3.2245561e-05
0.0001403323
0.00013828425
0.00010718222
0.00012296183
0.00012053606
4.8480556e-05
0.00010915376
0.00011799532
1.2349251e-05
5.3340806e-05
5.847825e-05
9.2386118e-06
0.00011121863
3.6775351e-05
0.00010715674
0.00013341905
1.3229094e-05
0.00012114879
2.8026202e-05
4.8377228e-05
2.87972e-05
7.0655863e-05
0.00013095352
6.7790849e-05
9.2977378e-05
1.454484e-05
1.8435211e-05
0.00011477149
7.7240781e-06
0.00010862587
1.8534832e-05
9.6500264e-05
6.7692491e-06
7.5233882e-06
7.227231e-06
1.7866784e-05
1.3976252e-05
9.1102109e-05
9.2987153e-06
1.8729009e-05
0.00012698003
0.00012534859
0.0001037359
9.2680488e-05
8.2157826e-05
2.5053894e-05
9.6337363e-05
8.3112773e-05
7.3376662e-06
9.5279052e-06
9.7682451e-05
0.00012388027
2.0742672e-05
8.9743618e-05
7.4819996e-05
1.3747516e-05
7.4839796e-06
6.3857511e-06
9.1296565e-05
5.4117333e-05
0.00012957308
2.2359039e-05
7.4360932e-05
3.3642048e-05
3.2793944e-05
1.1655928e-05
3.5118917e-05
9.755684e-06
5.6323107e-05
5.6900864e-05
2.9990301e-05
0.00010691257
9.1481213e-06
0.00010636455
2.6162414e-05
3.7470853e-05
5.5730154e-05
0.00011369375
5.5367789e-05
0.0001150413
3.8262913e-05
6.3685966e-06
1.5196581e-05
9.3762372e-05
2.8791087e-05
3.4861763e-05
9.2209978e-05
6.1287055e-05
6.9487896e-05
3.0543552e-05
7.7826537e-05
2.1536229e-05
2.667937e-05
9.8227854e-05
8.6638169e-06
5.5751324e-05
1.5168817e-05
2.5946552e-05
9.587824e-05
4.2441377e-05
8.0842791e-06
9.970876e-05
6.072153e-05
7.7401198e-05
0.00011364617
8.4576472e-05
2.471651e-05
2.4296882e-05
9.5434392e-05
1.0579123e-05
0.00010466058
2.5832595e-05
8.1789181e-06
4.9816011e-05
1.4556506e-05
2.9614912e-05
0.00011412515
2.6814586e-05
5.7764025e-05
5.3178685e-05
3.558033e-05
3.2757586e-05
9.177312e-06
0.00011313481
1.9537817e-05
0.0001562923
3.5295491e-05
8.6671834e-05
0.00015134867
0.00014118133
5.509995e-05
0.00015235891
9.0913237e-05
0.00010128829
0.00010032836
0.00015285107
0.00014478938
6.7255842e-06
4.8828478e-05
1.578939e-05
4.1520462e-05
8.9758217e-05
6.8881298e-06
1.2665666e-05
2.8356165e-05
0.00010244379
6.3241884e-05
1.0856257e-05
7.6575841e-05
2.4485783e-05
6.5975436e-06
3.8669295e-05
1.5978934e-05
6.6220435e-05
1.7174633e-05
7.2546887e-05
6.328003e-05
0.00011904229
8.9033774e-05
2.7581325e-05
0.00011349275
1.071567e-05
5.7545371e-05
2.6667513e-05
2.0053892e-05
4.6957095e-05
1.0212625e-05
8.2847323e-05
6.5340029e-06
6.6306275e-06
8.2751207e-06
1.6672831e-05
3.0545345e-05
5.6736292e-05
1.4260201e-05
6.8884493e-06
2.8982015e-05
2.0764015e-05
6.5548998e-05
4.98591e-05
8.38966e-06
3.5606903e-05
1.8632957e-05
4.2064497e-05
8.248044e-06
1.5828606e-05
3.3013222e-05
4.8931424e-05
7.2252228e-05
1.3843857e-05
2.3051363e-05
3.0955561e-05
1.4838234e-05
1.3765496e-05
2.7562401e-05
2.9859024e-05
0.00013084742
2.7449532e-05
4.6021673e-05
0.00013356021
9.7031782e-05
9.143216e-05
0.00013308144
0.00010982584
3.3334942e-05
9.2892963e-05
0.00010516455
0.00012270004
0.00013022792
1.8829524e-05
8.0277894e-06
2.2327758e-05
4.0015088e-05
1.2878636e-05
7.6380501e-05
1.5044582e-05
1.6540034e-05
0.00012578287
3.4533658e-05
2.7935349e-05
4.4366025e-05
6.3560761e-05
0.00010592884
9.4871331e-06
4.3876308e-05
7.0068997e-06
2.3053451e-05
0.00011660231
8.6089087e-05
9.0689883e-05
0.00011346875
7.2352336e-05
6.6588898e-06
9.9633935e-05
1.4027437e-05
2.3373209e-05
5.2971532e-05
0.00013033341
2.4036312e-05
8.3571395e-05
3.0717214e-05
0.00013953206
6.6629181e-05
8.8312769e-06
3.0160703e-05
9.1992067e-05
3.7883575e-05
7.2663216e-05
0.00010559706
0.0001248246
3.706633e-05
5.1322611e-05
4.0254671e-05
0.00011549044
9.3079108e-06
1.2850046e-05
6.4456272e-05
1.4827715e-05
6.3711351e-06
6.6638886e-05
2.9608846e-05
3.547163e-05
9.426432e-05
3.1806953e-05
2.2457488e-05
0.00014624156
9.6914152e-05
0.0001543615
9.4557008e-05
0.00015384141
3.4316709e-05
2.0215734e-05
0.00011297139
0.00010730206
9.9577378e-05
6.0199075e-05
6.105435e-06
1.3762169e-05
2.7346951e-05
0.00013189791
7.1448548e-06
1.706302e-05
9.5465076e-05
7.0875612e-06
4.4704806e-05
3.6825889e-05
6.3882881e-05
4.1424955e-05
4.5406017e-05
7.5128652e-05
2.773546e-05
3.7824992e-05
5.3838374e-05
5.4195498e-05
0.00015191131
0.00013039995
3.1011347e-05
2.9865995e-05
7.9626143e-05
8.7268252e-06
0.00013407329
2.2732112e-05
0.00010358156
0.00010991075
8.8150208e-05
3.6494356e-05
0.0001441487
4.0009976e-05
1.3454094e-05
5.4562981e-05
2.4258393e-05
0.00010279391
3.4277852e-05
0.00012115038
5.5499462e-05
0.00010493718
7.4491395e-06
0.00012509842
1.8804054e-05
9.1352152e-05
0.00012509688
2.1673224e-05
8.0935983e-06
8.8223031e-05
4.2370057e-05
1.8705883e-05
5.1372003e-05
3.0865646e-05
3.4159881e-05
1.6937686e-05
2.505134e-05
2.2839884e-05
0.00014621855
0.00015300523
0.00013571924
0.00010035384
7.3282609e-05
2.9481567e-05
5.1662724e-05
2.496513e-05
3.0468435e-05
8.2387552e-05
2.2236402e-05
5.8416037e-05
9.7978595e-05
2.2442288e-05
2.0900225e-05
2.7125428e-05
2.9522946e-05
5.307867e-05
0.00012358329
4.1796082e-05
2.4015403e-05
2.6564422e-05
7.3733022e-05
3.5146387e-05
1.2787951e-05
8.4434772e-05
2.513817e-05
8.7570568e-06
0.00012111596
6.3410128e-05
4.1828608e-05
1.861225e-05
6.9307927e-05
2.3485587e-05
2.3542091e-05
8.9824851e-06
7.6650406e-05
1.0950975e-05
2.4583446e-05
8.1812132e-06
5.6784559e-05
2.9742056e-05
8.5814678e-05
8.1666056e-05
1.9790333e-05
2.3755359e-05
7.4573723e-05
5.1154338e-05
5.2649831e-05
1.0483701e-05
2.9798222e-05
7.0738798e-05
7.5766212e-05
1.0240762e-05
2.7021882e-05
6.7805975e-05
7.8177364e-05
0.00015340531
7.6706762e-05
0.00015012507
0.00012763125
1.1294063e-05
0.00014041166
0.00011569999
0.00013621963
8.9439987e-05
3.9303481e-05
2.3764459e-05
0.00011150727
0.00010022452
3.1559141e-05
8.9024705e-06
3.9896572e-05
0.00013736299
0.0001394452
7.992221e-06
3.8070869e-05
9.1929426e-05
2.6143519e-05
7.048603e-06
8.738802e-06
3.016758e-05
0.00015233078
3.5441092e-05
0.00015101914
3.5822306e-05
0.00014670212
8.5105168e-05
3.0616508e-05
0.00015061553
0.00014428384
3.2226812e-05
0.0001506759
6.0934844e-05
0.00011877743
3.5943726e-05
1.5957293e-05
5.6767066e-05
8.9589042e-06
9.9023539e-06
3.3042124e-05
7.8158114e-05
2.2434465e-05
1.1404247e-05
0.00010757017
7.5628672e-05
6.0724673e-05
7.2340837e-06
6.2738932e-05
7.3164996e-05
2.6299162e-05
3.0736184e-05
1.8635262e-05
8.3046642e-05
2.3858417e-05
4.9546715e-05
2.3196655e-05
2.1691723e-05
1.9252419e-05
0.0001057533
2.620694e-05
0.00011746441
1.0101856e-05
0.00013495072
2.7060871e-05
7.118882e-06
7.2154366e-06
3.5583062e-05
7.3992628e-05
5.1168756e-05
1.0610209e-05
7.3892749e-05
1.3088356e-05
8.3094322e-05
6.1745529e-05
4.5265184e-05
2.5641717e-05
8.8201843e-06
2.4749115e-05
3.0562623e-05
1.0777493e-05
1.2667984e-05
2.1306957e-05
0.00012310119
9.4442911e-06
8.0209439e-05
1.8920351e-05
0.00010805033
6.860196e-05
7.952377e-06
8.8045163e-05
1.0916146e-05
3.012886e-05
9.4161548e-05
1.3140037e-05
2.3546844e-05
8.3341956e-05
4.3978169e-05
7.1141842e-05
6.7916638e-06
7.1315379e-05
6.4406058e-05
1.3589539e-05
5.5342492e-05
7.8279011e-05
7.866739e-06
2.8433058e-05
3.6054152e-05
1.7317417e-05
5.1819983e-05
1.9604428e-05
1.9654299e-05
8.1605498e-05
0.0001052242
7.28257e-05
5.3238383e-05
8.8151539e-06
3.397023e-05
6.8350267e-06
6.6422115e-05
2.2955146e-05
6.4081108e-05
2.2460125e-05
5.4048949e-05
0.00011322074
7.8012134e-05
2.4897219e-05
1.4487984e-05
1.3855202e-05
8.8177573e-05
7.8242951e-05
8.6434006e-05
7.800849e-05
1.6017274e-05
4.8682136e-05
0.00013953959
7.3086996e-05
0.00010558341
3.0190789e-05
0.00014284167
2.2939732e-05
9.4728234e-05
3.611422e-05
8.3867744e-05
8.6689728e-06
2.2872799e-05
1.5774939e-05
8.7624509e-05
7.1857237e-06
2.6621592e-05
1.0067183e-05
3.8492581e-05
3.4703109e-05
2.4058875e-05
2.307481e-05
6.2202025e-05
0.00013293306
4.2012341e-05
1.2782934e-05
9.4019368e-05
5.1840288e-05
0.00010660579
3.6904881e-05
9.6575353e-05
0.00013587018
8.4589031e-05
0.00012323353
2.742365e-05
3.0050448e-05
2.1500211e-05
0.00010430609
0.00011340791
7.3271498e-05
0.00011851449
5.7223939e-05
2.3516712e-05
2.7637911e-05
5.9842243e-05
2.7078979e-05
1.3745532e-05
7.7549788e-05
2.783037e-05
8.9474226e-05
2.2081118e-05
2.9823164e-05
0.00010668647
2.2253888e-05
2.6471073e-05
1.8455517e-05
1.950977e-05
7.6503679e-06
1.5583208e-05
1.5749689e-05
3.1278998e-05
8.4124281e-05
5.0856724e-05
7.9176489e-05
3.0094042e-05
1.1251022e-05
0.00010304435
0.00010547414
4.8353029e-05
5.4947633e-05
7.5305069e-05
1.9554856e-05
1.9979457e-05
2.9074453e-05
7.7091899e-06
5.3965323e-05
5.2161796e-05
1.0625037e-05
2.8162301e-05
1.3922257e-05
4.3934113e-05
9.1870614e-06
2.653071e-05
7.8552799e-05
0.00014917586
0.00013438906
0.00012436081
0.00014841268
0.00010908037
3.4398465e-05
8.1555036e-05
3.8083875e-05
6.2107054e-05
7.2422181e-05
9.2248282e-05
2.3984065e-05
1.6048263e-05
4.2756957e-05
1.6391723e-05
2.5106661e-05
1.4083178e-05
2.7294887e-05
6.0652309e-05
1.0760331e-05
3.0001722e-05
2.3130522e-05
3.747093e-05
2.5966363e-05
9.2689399e-05
7.3550356e-05
3.5202959e-05
8.4409821e-05
3.2579911e-05
3.4879155e-05
3.593526e-05
8.3979028e-05
2.2027084e-05
1.5800114e-05
7.3844022e-05
3.9204236e-05
4.6332153e-05
7.604103e-06
2.000003e-05
9.9991982e-05
2.2092034e-05
9.7686408e-05
2.2068535e-05
0.00010078457
1.7399935e-05
6.5302904e-06
8.4535141e-05
8.7373709e-05
2.2044492e-05
3.4281302e-05
6.8822987e-06
6.7646032e-06
6.3076937e-06
1.0515816e-05
8.2772868e-05
4.1533395e-05
1.5588424e-05
1.2753905e-05
0.00010996354
2.9100744e-05
6.6047944e-05
9.6009512e-05
3.9487678e-05
5.9919423e-05
2.822989e-05
2.8735408e-05
0.00010124283
3.7669666e-05
4.9297501e-05
4.2118393e-05
8.3623419e-06
1.9933224e-05
5.2942261e-05
8.8290338e-05
5.5179501e-05
7.9015891e-05
1.1269076e-05
3.4577692e-05
6.9557346e-06
9.0425016e-05
4.6023301e-05
5.8989766e-05
6.8895307e-06
8.8149124e-05
2.9865121e-05
4.4961716e-05
2.9013905e-05
7.7892436e-05
2.244349e-05
9.2757271e-05
8.6740455e-05
4.4162014e-05
1.4462806e-05
6.870731e-06
1.216494e-05
3.4284748e-05
1.5528721e-05
4.5877166e-05
2.1179869e-05
0.00013310112
9.2161968e-06
1.4259293e-05
4.6961858e-05
2.12318e-05
0.00012749802
7.8343314e-06
6.6434815e-06
6.0641637e-06
3.1166651e-05
2.1226673e-05
3.2184187e-05
1.0911903e-05
9.8970806e-05
0.00010374005
7.1677931e-05
1.8296582e-05
0.00011600734
3.8480388e-05
2.7168019e-05
3.9145005e-05
2.8584698e-05
2.1750082e-05
6.78928e-06
5.0458443e-05
2.285924e-05
3.0339139e-05
9.9656489e-05
3.1661745e-05
1.2143863e-05
5.9018853e-05
8.5705254e-05
7.7382853e-05
4.5379941e-05
8.5622334e-06
2.1886181e-05
5.1193162e-05
1.6765971e-05
7.8660385e-05
7.4574311e-05
2.510934e-05
6.7146748e-05
3.3547523e-05
0.00010918709
8.8111032e-05
2.9860249e-05
6.7051456e-05
3.454241e-05
0.00010127548
3.606706e-05
2.0231614e-05
0.00010781936
8.4861208e-06
6.1288414e-05
4.3061184e-05
0.00015367756
0.00013764566
9.9710405e-05
3.7448051e-05
0.00011608812
2.7694752e-05
0.00011951578
6.9025927e-05
3.1320555e-05
4.6603533e-05
5.2967337e-05
0.00012583825
2.8008216e-05
3.5295858e-05
1.1609646e-05
8.1824801e-05
5.0976926e-05
8.885329e-05
0.00013754238
0.00011356329
1.013632e-05
1.3736896e-05
0.00011971488
7.6623919e-05
5.3414581e-05
0.0001225245
1.9850417e-05
7.5877962e-06
4.3969271e-05
2.9614568e-05
4.0709552e-05
1.1231482e-05
5.6545498e-05
1.7243259e-05
3.2083893e-05
6.4265186e-06
2.4672187e-05
6.342698e-06
6.6959324e-06
8.5037433e-06
1.5439735e-05
1.6273078e-05
9.0595881e-05
6.8867968e-06
1.4229764e-05
7.0358168e-05
6.0875221e-05
5.6142856e-05
6.8116674e-05
6.2032582e-05
7.4793075e-05
2.0900813e-05
6.8251075e-06
3.8392738e-05
7.4665301e-05
1.0275461e-05
7.7450661e-05
4.4487002e-05
0.00013209848
1.7952899e-05
0.00013014012
9.8998766e-05
1.1379353e-05
2.0385521e-05
2.2802591e-05
1.925141e-05
5.6660875e-05
9.6855794e-05
3.0964872e-05
2.8644521e-05
8.3299159e-06
1.432941e-05
0.00010676485
8.9296157e-05
1.5455814e-05
6.7443615e-06
8.1776657e-06
9.79659e-06
6.9042133e-05
0.00013101179
3.9594644e-05
0.00010910986
2.8758705e-05
9.7668064e-05
7.4929017e-05
3.0761418e-05
1.341086e-05
7.2808328e-06
3.1175664e-05
1.0262694e-05
4.5265345e-05
2.3012743e-05
8.4998492e-05
0.00010590028
5.8130819e-05
7.3085023e-06
2.3016974e-05
1.5906443e-05
9.5306514e-05
2.1705855e-05
1.3514405e-05
0.00012548963
5.2624507e-05
2.5569306e-05
1.4015451e-05
0.00010851694
4.763481e-05
8.0592084e-05
0.0001087738
9.0724861e-05
1.5348895e-05
8.6338393e-05
0.00012327506
3.2166107e-05
3.0368804e-05
6.2304949e-06
1.2946586e-05
1.2007091e-05
5.9967433e-05
0.00011454987
0.00012175353
4.2042625e-05
0.00013755657
6.5084065e-06
1.0274195e-05
3.7086082e-05
1.2932717e-05
5.7946975e-05
6.6673765e-05
0.00013544647
6.2298504e-05
9.9874233e-05
0.00011903093
6.2801998e-05
9.791809e-05
0.00014047375
0.00012837891
4.2336678e-05
3.4464235e-05
8.4859059e-05
2.7161168e-05
2.4437047e-05
0.00010914092
9.1551029e-05
8.4655912e-05
4.9606889e-05
2.0564706e-05
1.7189782e-05
8.8180638e-06
0.00011132087
0.00012684153
2.7596045e-05
6.8248807e-05
5.7964129e-05
4.9698192e-05
6.4880844e-05
2.4106465e-05
1.6559602e-05
4.8805467e-05
6.9217384e-05
5.9053256e-05
9.2666827e-06
2.6324087e-05
3.0309383e-05
8.8348158e-06
1.9272523e-05
7.4858591e-06
2.2936849e-05
3.8160992e-05
1.3591152e-05
3.0262087e-05
5.9336367e-05
2.1901924e-05
2.2930945e-05
8.204982e-05
3.3446734e-05
9.4369571e-06
5.9692806e-05
6.3753951e-05
0.00011220286
5.0173093e-05
8.7095042e-05
2.2953856e-05
2.6737337e-05
8.3342361e-06
1.7679156e-05
6.4056573e-06
3.3683574e-05
6.1984283e-05
6.8419687e-06
1.3632143e-05
6.6935107e-06
4.8974259e-05
4.0210805e-05
9.4190444e-05
1.0600545e-05
1.7632215e-05
1.8849112e-05
7.8662131e-05
1.4024075e-05
6.7923094e-06
3.2178998e-05
6.7987633e-06
3.7668423e-05
9.4041556e-05
1.3475883e-05
1.8058996e-05
9.0513079e-05
9.6130499e-05
1.3453948e-05
3.4042051e-05
0.00011500989
2.1901292e-05
8.6563674e-05
0.00012216042
2.7879954e-05
1.9061358e-05
6.1642476e-05
9.3545471e-05
0.00011310851
2.4962302e-05
3.1841068e-05
8.1384014e-05
2.2476842e-05
7.7504415e-06
8.2599048e-05
2.7502581e-05
0.00010021641
6.8947681e-06
8.6737449e-05
2.3600252e-05
6.5791937e-05
1.9717347e-05
1.3998516e-05
3.6518555e-05
3.0620029e-05
5.2647658e-05
4.3432871e-05
2.6037419e-05
1.2980562e-05
8.0133455e-06
3.7552762e-05
8.071707e-05
2.5022406e-05
7.4221479e-05
2.0413016e-05
1.3630836e-05
7.4681367e-06
2.7762098e-05
8.2633086e-05
0.00011708357
4.0338978e-05
2.7255012e-05
8.1149277e-06
7.0096761e-05
0.00015377081
8.7243541e-05
2.4353988e-05
0.00013180284
0.0001414335
0.00014223011
0.00014399273
2.3297087e-05
6.7223545e-06
7.3469593e-05
1.3428698e-05
2.5500466e-05
6.6107429e-06
4.5425285e-05
1.1194306e-05
9.3308637e-05
7.2705259e-05
0.00011084293
9.0656181e-05
6.9053105e-06
6.5412545e-06
3.6384362e-05
1.5556475e-05
8.9603368e-05
0.00013932558
2.3683703e-05
7.5338542e-05
0.00010505346
3.2729163e-05
0.00010059269
6.2013448e-05
8.4425283e-06
2.5249562e-05
5.6276557e-05
6.2184121e-05
4.0485817e-05
7.0972954e-05
2.6312618e-05
3.8896046e-05
1.1681202e-05
3.7116143e-05
2.2894482e-05
8.442248e-06
1.1771297e-05
2.6775572e-05
7.8934822e-06
9.7616813e-05
1.7028321e-05
0.00010112043
6.7743582e-05
6.1787671e-05
1.9901488e-05
2.1848308e-05
7.3935722e-05
4.5633954e-05
6.0775275e-06
1.48142e-05
7.3515819e-06
2.7305202e-05
6.2676208e-06
2.195999e-05
1.3022127e-05
0.00010039523
3.2611111e-05
5.258097e-05
6.6309047e-06
3.3846406e-05
3.9179465e-05
1.1757137e-05
2.8228829e-05
9.4925454e-06
9.2830919e-05
2.2325841e-05
2.0473012e-05
0.00013692069
5.0747694e-05
0.00014382266
1.0815191e-05
1.3311603e-05
1.5688753e-05
6.41155e-05
2.0803414e-05
5.8926253e-05
1.7051177e-05
0.00012400434
2.2973259e-05
0.00013062447
3.2660671e-05
3.8820804e-05
7.2204702e-06
3.0137785e-05
1.5154079e-05
3.7681356e-05
6.7231531e-05
5.1638007e-05
6.9712246e-06
7.6338625e-05
2.155671e-05
1.8697373e-05
0.00014792979
1.0333332e-05
3.1269044e-05
3.1976318e-05
2.4631478e-05
7.8639503e-05
4.3724737e-05
1.2008279e-05
0.00011406779
0.0001519329
8.6274679e-05
2.5477167e-05
3.0540556e-05
3.1452484e-05
3.6105623e-05
8.879032e-05
8.3887936e-06
8.4213889e-05
6.4894988e-05
3.5034389e-05
7.2533968e-05
0.00014727126
4.5629223e-05
2.3267116e-05
5.8167667e-05
0.00015681638
0.00015515098
0.00014340875
0.00014313634
9.0831763e-05
0.00011894036
8.2867272e-06
0.0001254397
1.1543235e-05
1.2641903e-05
6.4343635e-06
3.3289294e-05
1.0024224e-05
3.775411e-05
0.00016031821
0.00015308431
0.00015358479
0.00013312108
0.00014964156
3.8103229e-05
3.0735106e-05
1.6130437e-05
0.00012954041
0.00012480069
7.0319225e-05
2.0030804e-05
8.9845581e-06
6.6721411e-06
9.011622e-06
8.1794707e-05
0.00012177974
7.7619661e-05
1.0841628e-05
2.3648015e-05
8.3352367e-05
2.287766e-05
9.3645756e-05
8.1530018e-05
1.1035005e-05
4.9711374e-05
4.033906e-05
7.7033748e-05
4.1675972e-05
3.422193e-05
2.8734816e-05
2.6748061e-05
3.1517046e-05
7.4156277e-05
9.4742453e-06
1.8841315e-05
1.3649406e-05
1.3100155e-05
6.4889416e-06
8.1692782e-06
1.8470931e-05
3.4635581e-05
3.8098586e-05
1.0168911e-05
1.950131e-05
7.2651666e-05
9.3782143e-05
6.5006891e-05
4.9357577e-05
2.8264675e-05
0.00015758313
5.0548111e-05
9.7244833e-05
1.2006381e-05
8.9731474e-06
2.2874775e-05
8.8104707e-05
6.6040575e-05
0.00011898587
5.7704053e-05
1.1902164e-05
8.9616844e-06
7.1533373e-05
6.5469038e-05
9.1351543e-05
1.8235591e-05
7.2573508e-06
7.5660684e-06
2.9423404e-05
6.3984924e-05
8.8029136e-06
1.3194981e-05
5.8498086e-05
1.9715121e-05
8.1494239e-06
2.2189201e-05
8.9520582e-06
9.5976819e-06
0.00013238122
0.00013579017
0.00012833183
0.00012385399
1.0640123e-05
0.00014037652
0.00014339684
0.00013453656
0.00014012687
1.6304086e-05
1.9822464e-05
6.2377459e-06
1.2874552e-05
1.9169173e-05
6.9153141e-05
6.0666508e-05
5.3102073e-05
0.00011212559
8.7574902e-05
0.00012921796
0.00012698533
4.1992508e-05
6.9888687e-06
3.4971694e-05
1.3084256e-05
1.5597511e-05
5.5930628e-05
2.5414945e-05
1.8855314e-05
8.3203483e-05
1.669992e-05
6.1046974e-05
8.8878834e-06
2.7065979e-05
1.837134e-05
1.3602132e-05
1.4665956e-05
7.3640979e-06
1.773714e-05
0.00013686606
7.9965401e-05
5.3641372e-05
2.1890257e-05
4.1154524e-05
1.6227024e-05
5.3347138e-05
5.7091302e-05
7.9095057e-05
7.5026032e-06
1.8805085e-05
8.098784e-06
4.901098e-05
1.0370605e-05
2.4984411e-05
6.8343935e-06
1.2717769e-05
6.3797313e-06
5.773938e-05
1.2445522e-05
7.601672e-05
8.9098011e-06
6.878668e-06
4.3520745e-05
4.9576148e-05
2.3188458e-05
3.1681684e-05
4.5630072e-05
9.1124452e-05
8.3158973e-06
7.2466153e-06
4.7666741e-05
2.6701943e-05
1.1018456e-05
7.8279007e-05
1.1680194e-05
3.7580805e-05
4.9699758e-05
2.2931237e-05
2.4866141e-05
3.4603586e-05
2.4795054e-05
3.5317452e-05
0.00012835966
5.4089822e-05
4.8092587e-05
5.4390893e-05
7.5631198e-06
1.9150234e-05
3.4325074e-05
9.2167286e-05
3.388435e-05
2.9021387e-05
1.3200494e-05
6.3674564e-06
1.8941309e-05
4.5169518e-05
2.289627e-05
3.7909078e-05
1.3832678e-05
8.7028542e-05
0.00012897072
3.6506963e-05
9.8829128e-06
2.3239452e-05
1.7038782e-05
2.3658757e-05
0.00011226926
6.0879302e-05
4.7792396e-05
3.0220073e-05
1.3399444e-05
1.3968842e-05
1.4484851e-05
7.1866107e-06
7.2982408e-06
0.00012783167
9.5765046e-06
3.4759066e-05
3.4355205e-05
2.7027296e-05
0.00010257067
5.6676216e-05
7.1307949e-05
7.2050507e-06
9.2872223e-05
0.00012050746
8.7417146e-05
0.00011944671
1.7897414e-05
1.3177158e-05
4.1712863e-05
1.7123889e-05
1.0208827e-05
8.8403785e-05
2.0665296e-05
8.6695221e-06
1.4713537e-05
7.2248104e-06
1.3123172e-05
2.0224623e-05
2.7406612e-05
1.3833329e-05
1.3829497e-05
2.7549146e-05
2.1399078e-05
6.2919268e-05
2.3052906e-05
3.7090315e-05
9.3358769e-05
3.9137096e-05
3.4275125e-05
0.00011557524
0.00010509099
0.00010261907
0.00010834906
7.4250198e-05
2.8823652e-05
2.7074549e-05
1.9476689e-05
2.091748e-05
7.6547037e-06
2.2492292e-05
1.2261023e-05
4.7190521e-05
2.5332827e-05
7.7185273e-05
2.8285218e-05
7.4029372e-05
2.0906911e-05
7.9507557e-06
3.640928e-05
0.00010009507
6.4124752e-05
2.0212976e-05
1.3725864e-05
2.9094463e-05
8.1037414e-05
1.3799145e-05
2.0996866e-05
7.4998078e-05
1.3217226e-05
6.3258992e-06
6.9178595e-06
2.3295587e-05
3.0309612e-05
1.3957057e-05
6.5167508e-06
9.7636084e-05
5.9312964e-05
7.8839513e-05
7.2502982e-05
9.0660592e-06
2.2640923e-05
2.7444295e-05
1.2012379e-05
8.2835095e-06
9.8593016e-06
5.2094608e-05
9.3289139e-06
2.0631396e-05
5.4419855e-05
2.3459285e-05
6.5379572e-06
2.6884164e-05
1.2971219e-05
1.2964982e-05
7.6558853e-06
1.4466615e-05
0.00010832016
4.2901932e-05
7.8388403e-05
7.2686433e-05
8.3072818e-05
1.5497115e-05
3.4038029e-05
2.8244992e-05
8.4086697e-06
4.9081045e-05
1.3247028e-05
7.2004965e-06
6.0465314e-06
3.3842988e-05
4.4294434e-05
8.7966033e-05
1.4504519e-05
1.4701834e-05
1.7108569e-05
6.677664e-06
9.9665198e-06
5.2842184e-05
5.5055076e-05
1.2517322e-05
7.7398507e-05
2.5407913e-05
3.3292982e-05
2.4866936e-05
1.2941545e-05
5.8608243e-05
6.7282001e-06
4.283872e-05
8.0473704e-06
1.9345359e-05
5.5667433e-05
7.5823955e-05
8.2021067e-06
7.7066286e-05
2.8049541e-05
1.3092122e-05
2.7197327e-05
1.3259343e-05
2.6859302e-05
1.3679903e-05
6.2166211e-06
1.376718e-05
8.0363454e-06
3.6718025e-05
0.00010066244
3.8039064e-05
9.7151382e-05
0.00012981054
9.2081162e-05
2.0363125e-05
2.5138791e-05
1.8927677e-05
2.2578878e-05
3.0374833e-05
1.2975903e-05
1.5048048e-05
3.1639476e-05
2.457175e-05
1.9177218e-05
1.1919401e-05
0.0001001759
4.3372359e-05
7.2174585e-05
7.1477062e-05
2.3899433e-05
7.3677394e-06
9.7144115e-05
9.9054065e-05
4.8660226e-05
8.3622357e-06
1.9690638e-05
2.1875492e-05
5.106043e-05
5.6374111e-05
1.1030458e-05
2.6453282e-05
2.6332061e-05
2.6289145e-05
2.0007035e-05
1.9773712e-05
1.970602e-05
6.6804389e-05
4.8027899e-05
1.2848835e-05
6.4190654e-06
1.2561853e-05
6.1320838e-06
3.4066184e-05
7.6038327e-05
8.317588e-05
6.4297695e-06
7.3172784e-05
2.2372097e-05
2.2918448e-05
6.0629671e-05
8.5098668e-06
0.00011833042
3.9556188e-05
1.7922617e-05
2.5976611e-05
0.00011295209
6.0426128e-05
8.274226e-05
2.4920508e-05
5.4175114e-05
4.4347434e-05
1.1492816e-05
2.1599365e-05
2.7261717e-05
0.00010538288
6.2498791e-05
8.2733059e-05
2.6240578e-05
2.433936e-05
2.6462434e-05
1.3548043e-05
3.1962952e-05
1.4359941e-05
7.2399246e-05
9.6393314e-05
0.00011562026
4.7496017e-05
2.4738926e-05
9.2801925e-05
7.8101363e-06
9.0679155e-06
1.0237249e-05
2.4179474e-05
9.2309838e-05
7.1941386e-05
6.2121261e-05
5.5944478e-05
2.8030911e-05
8.1394335e-05
4.5076432e-05
7.6421033e-06
6.7692361e-06
2.8354237e-05
2.0424879e-05
7.7919183e-06
1.4443709e-05
8.5668631e-06
4.5169051e-05
7.7212256e-05
7.125929e-05
2.0762383e-05
0.00014357092
0.00012889033
0.00013825182
9.0649641e-05
9.7117875e-05
3.6238563e-05
8.4532261e-06
0.00013302346
7.4873482e-05
0.00010644858
8.5107569e-05
0.00011776654
8.1775574e-05
1.3008449e-05
6.5769132e-06
5.2162746e-05
3.0320159e-05
2.1758774e-05
7.4529674e-05
9.701737e-05
3.4831472e-05
8.7491516e-05
3.9356122e-05
2.6674819e-05
4.026058e-05
1.4041584e-05
2.8290241e-05
9.2624006e-06
1.5149327e-05
2.84864e-05
9.4042061e-06
2.0593755e-05
4.6808162e-05
5.1766758e-05
2.6902038e-05
6.3343704e-05
2.486472e-05
2.8448701e-05
2.2273248e-05
1.8967769e-05
3.0570276e-05
1.6712239e-05
7.7398598e-05
1.1389391e-05
5.0943944e-05
1.6647995e-05
1.2734985e-05
8.894976e-06
4.9636472e-05
7.435752e-06
1.8061457e-05
9.7719674e-05
8.597103e-06
9.0633651e-05
0.00013148795
1.346597e-05
6.32456e-05
3.3419037e-05
2.5746015e-05
1.7420754e-05
6.8733651e-06
0.00013011528
0.00011040174
1.309864e-05
6.2252749e-06
8.8835533e-05
0.00011918665
0.00010076829
8.1540193e-05
2.855882e-05
3.5205432e-05
0.0001103343
6.6375209e-05
1.9439511e-05
6.6488138e-06
3.7520227e-05
5.5027695e-05
3.0275696e-05
1.4504366e-05
1.4714545e-05
1.094872e-05
7.7423355e-05
4.1156345e-05
2.7985782e-05
9.0865242e-05
3.7194181e-05
0.0001223681
8.7015586e-05
0.00016015962
8.1194783e-05
2.1254554e-05
1.6425873e-05
2.4719165e-05
7.3404592e-05
3.3389464e-05
1.7335533e-05
3.3771488e-05
3.1848206e-05
6.8028935e-06
6.2886962e-06
5.3051225e-05
1.5867724e-05
1.6483657e-05
5.3951448e-05
1.2025389e-05
2.8071656e-05
8.3964274e-06
1.3218077e-05
2.5966485e-05
6.1594135e-06
1.2955504e-05
5.7862076e-05
1.811273e-05
3.8778404e-05
6.7960903e-06
2.0478094e-05
5.6659053e-05
8.5174468e-05
2.4229191e-05
7.2458574e-05
2.4256718e-05
4.9943827e-05
6.1303449e-05
5.1621951e-05
0.0001111246
8.2527321e-05
9.1696533e-05
1.3857349e-05
7.0478787e-06
3.1027234e-05
2.2536885e-05
2.5977975e-05
3.3876106e-05
0.00012557125
7.7689081e-05
9.3378093e-05
9.8435043e-05
7.0053265e-05
1.7260199e-05
2.8975818e-05
2.8332882e-05
1.9538158e-05
7.557963e-06
5.8661473e-05
6.5032455e-05
3.9418882e-05
2.1902274e-05
0.00011601979
6.8587376e-05
3.9983651e-05
3.4738172e-05
9.9995199e-05
9.9650392e-05
2.26238e-05
5.800452e-05
6.9514691e-05
1.0308226e-05
5.2440425e-05
8.5186133e-05
0.0001174868
0.00010603256
0.0001106158
2.4921028e-05
6.3250387e-05
6.6933616e-05
6.658529e-06
1.8173542e-05
2.5270324e-05
2.645736e-05
1.6373463e-05
4.4874049e-05
1.0299822e-05
1.1506192e-05
6.7623378e-06
5.6461019e-05
3.4145678e-05
6.3844506e-06
3.3869139e-05
0.00010747726
8.5379944e-05
8.9503064e-05
5.7220448e-05
0.00011141265
4.6189553e-05
9.5421723e-05
0.00012236847
4.1893653e-05
1.8200296e-05
4.9189721e-05
3.7837607e-05
2.625894e-05
1.0797973e-05
6.6283188e-05
1.5386092e-05
3.9191107e-05
1.7076515e-05
3.7863724e-05
1.958629e-05
3.9235218e-05
6.4645795e-05
6.4730159e-05
3.2886568e-05
9.563381e-05
1.2910797e-05
6.4238958e-06
1.4309216e-05
2.7303544e-05
1.3572648e-05
6.4450128e-06
3.058344e-05
1.4355849e-05
1.3526582e-05
2.8565475e-05
5.6833036e-05
2.181461e-05
2.2351689e-05
8.5395109e-06
1.9572918e-05
7.9827677e-06
9.7235226e-05
8.0756582e-05
0.00013175283
3.1072273e-05
2.534682e-05
6.9735839e-05
3.7306302e-05
6.6460735e-05
7.4520497e-05
0.00012622391
9.2254781e-05
0.0001543453
7.1926298e-05
0.00014865131
0.00015297711
0.00014322443
9.7673494e-05
0.00015368463
6.8015993e-05
0.00014640879
7.1932498e-06
6.1160415e-05
1.6772277e-05
2.1546486e-05
2.6440279e-05
5.1749966e-05
2.4188558e-05
3.4566437e-05
0.00011165717
1.4390277e-05
4.7565295e-05
7.4911031e-06
1.5440078e-05
5.0641529e-06
1.2863509e-05
1.4484582e-05
1.388556e-05
2.6763335e-05
9.3130309e-06
1.3828378e-05
3.8997925e-05
3.1390868e-05
8.4416512e-05
3.4825661e-05
2.5096245e-05
7.4204481e-05
2.7134388e-05
7.5396917e-05
1.0833284e-05
3.3247495e-05
5.4420704e-05
2.7043851e-05
4.8132676e-05
7.6852808e-06
1.1836922e-05
1.1079095e-05
6.0726419e-06
1.2313121e-05
4.5804715e-05
3.4474943e-05
0.00011386494
1.2259678e-05
1.8212188e-05
7.5604521e-06
7.5612077e-05
5.2187036e-05
3.5285996e-05
5.1419488e-05
1.155053e-05
2.9820791e-05
2.4651426e-05
2.7457147e-05
2.1882911e-05
1.9232766e-05
8.9649192e-06
1.8629743e-05
2.5606922e-05
2.2470083e-05
1.4069222e-05
7.1172525e-06
1.3425285e-05
1.3199696e-05
6.9519699e-06
2.7214936e-05
1.364161e-05
2.6841306e-05
1.3789651e-05
6.9046992e-05
8.2704664e-05
6.8721764e-05
1.4077102e-05
4.1195871e-05
1.3283193e-05
8.3978263e-06
5.9988669e-05
6.8153735e-06
2.6212448e-05
7.9496327e-05
2.7338372e-05
3.0167384e-05
9.3209102e-06
2.3373381e-05
3.0986447e-05
5.5354287e-05
2.6420675e-05
3.713902e-05
6.6199301e-05
7.5437842e-06
2.7137487e-05
1.9916525e-05
9.8104547e-06
6.7263806e-06
6.9692118e-06
1.3695592e-05
6.7749975e-05
4.7401193e-05
8.101553e-05
3.0762819e-05
5.1812189e-05
0.00011664635
0.00010888065
1.8690397e-05
2.5505433e-05
2.3881852e-05
0.00012037979
0.00010731687
7.2051466e-05
9.6685625e-05
9.8338295e-05
8.0115291e-05
4.5916559e-05
2.6463274e-05
3.3206407e-05
3.6092513e-05
3.9932971e-05
1.7254407e-05
0.00012305992
6.7840603e-05
0.000101539
9.0832323e-05
9.8498866e-05
0.00012126129
0.00010620148
3.9218104e-05
4.2978754e-05
4.6496626e-05
6.5409532e-06
1.6297077e-05
2.6281018e-05
1.290955e-05
3.5391903e-05
1.5203832e-05
6.1063156e-06
3.6934754e-05
7.0349466e-05
1.4139784e-05
4.7416917e-05
9.4081184e-06
2.2345914e-05
2.4736396e-05
6.0901396e-05
5.6909685e-05
0.00010829782
8.2660182e-05
3.1446498e-05
6.7611499e-05
1.5885774e-05
1.5374734e-05
3.8588473e-05
1.9320483e-05
1.7212377e-05
7.7366094e-05
9.3485516e-05
5.7735348e-05
2.3533284e-05
1.349114e-05
2.9804187e-05
1.3235271e-05
2.8874982e-05
8.9318044e-06
1.752886e-05
9.8937359e-06
2.2772372e-05
1.809268e-05
3.9424341e-05
5.8638172e-05
1.3182806e-05
3.6248431e-05
5.8050753e-05
2.5529933e-05
2.8814813e-05
1.9267989e-05
1.1014742e-05
9.1917567e-05
6.5741826e-05
9.5584888e-06
3.5759185e-05
0.00013064114
6.8948962e-05
3.423545e-05
0.0001015155
3.9708731e-05
1.5894399e-05
9.8796275e-05
1.0643184e-05
7.8101203e-06
6.5258511e-06
2.1938508e-05
2.9064612e-05
1.2516494e-05
8.5624255e-05
3.9572783e-05
1.2882702e-05
1.4637669e-05
6.0289695e-05
9.0391368e-05
1.547069e-05
7.7610673e-05
9.9472029e-05
3.0675834e-05
2.452531e-05
0.00011362331
7.2406012e-05
1.049542e-05
1.9693075e-05
6.9901114e-05
1.0148386e-05
4.0281729e-05
3.1733913e-05
2.5823568e-05
5.4618915e-05
1.2549694e-05
9.7377536e-05
7.7642581e-05
7.0710107e-06
3.764289e-05
4.6534112e-05
1.9326846e-05
6.4625298e-06
1.2836542e-05
5.952849e-05
9.2970968e-05
6.539868e-05
3.8438716e-05
6.3740118e-06
2.9802147e-05
3.1014273e-05
1.8358735e-05
6.095387e-06
7.1760703e-05
0.00010971876
7.5768078e-05
9.7201755e-05
7.0368083e-06
8.5322991e-06
3.3313057e-05
0.00011743155
5.0120095e-05
9.2879457e-05
3.1063477e-05
2.1851072e-05
2.9997448e-05
2.6872685e-05
9.472217e-06
2.5058309e-05
6.2067316e-06
3.6423439e-05
1.5475859e-05
7.7001607e-05
5.4897872e-05
8.4371515e-05
0.00011863986
1.3680274e-05
6.1130171e-05
0.00013371891
1.9858528e-05
1.3403282e-05
9.8926268e-06
1.3054724e-05
1.8524406e-05
2.9551263e-05
8.603683e-06
5.744331e-05
0.00012436823
0.00011839553
1.1180455e-05
3.3339394e-05
1.5228028e-05
4.9844703e-05
7.4861219e-06
2.0997261e-05
2.1795609e-05
9.6862313e-06
6.7906045e-06
6.2297153e-05
3.124829e-05
4.0353627e-05
6.8700787e-06
1.3660683e-05
3.2586043e-05
1.0661972e-05
1.320645e-05
6.6578012e-06
0.00011092166
0.00015003352
0.00015566425
3.9509411e-05
3.8502143e-05
9.7615879e-05
5.9166466e-05
0.00012851712
5.9078529e-05
9.9423944e-05
0.00015321002
0.00013707211
1.1559302e-05
0.00011757825
0.00012126621
0.00010242952
0.00010439721
9.5015265e-05
0.00013664778
3.3986821e-05
4.4214085e-05
0.00012900151
1.356421e-05
6.8386254e-06
9.4214784e-06
2.6679163e-05
1.314545e-05
1.2018714e-05
9.0454528e-06
2.260159e-05
3.1626456e-05
1.0253294e-05
8.3855675e-05
1.2075757e-05
3.9533866e-05
4.9291708e-05
0.00010421261
1.5837066e-05
6.4499497e-06
7.4394099e-06
3.6875587e-05
1.6328123e-05
1.3328918e-05
4.6740525e-05
1.7210775e-05
4.2406831e-05
1.804455e-05
4.9505794e-05
1.7750214e-05
2.0809819e-05
4.294627e-05
2.8393894e-05
7.0243287e-06
7.8464309e-06
2.2209153e-05
2.0616503e-05
4.2785593e-05
5.4824047e-05
5.0323212e-05
7.630213e-05
4.1868436e-05
2.6238993e-05
1.1355635e-05
9.8287025e-05
0.00013342999
2.0568463e-05
7.1166379e-06
7.1662063e-06
1.0463644e-05
7.0565729e-05
3.6029556e-05
2.4727356e-05
3.6838763e-05
9.5871188e-06
3.7702426e-05
8.5056601e-06
6.1831367e-06
2.8517338e-05
5.8662686e-05
2.7454994e-05
1.0816224e-05
1.0093482e-05
2.3385504e-05
2.3014271e-05
5.0696097e-05
2.8045149e-05
7.0436123e-05
6.34666e-06
4.9999298e-05
3.5489279e-05
6.3036201e-06
1.3588488e-05
7.244151e-05
3.6119801e-05
2.790412e-05
9.9747357e-05
3.3339154e-05
6.3041718e-06
1.2838175e-05
2.8293657e-05
1.6770263e-05
1.4034588e-05
1.4343469e-05
1.8414757e-05
6.9999027e-06
4.2355019e-05
1.717489e-05
1.8569792e-05
1.3883098e-05
4.8577165e-05
4.0840016e-05
7.132686e-06
7.8610607e-06
1.3830368e-05
2.7118423e-05
6.8300874e-06
6.3088261e-06
1.0936478e-05
3.1559147e-05
2.0255013e-05
4.1280997e-05
1.5678692e-05
6.3380381e-06
2.2030656e-05
8.7984846e-05
0.00010469829
0.0001180189
8.1879272e-05
3.4710013e-05
2.8880038e-05
6.3294965e-05
1.1052372e-05
2.5734503e-05
3.3744888e-05
2.9286539e-05
1.606895e-05
8.3847884e-06
1.6443381e-05
6.2600666e-06
2.5885162e-05
2.1327581e-05
6.0899248e-05
6.3798153e-05
5.6260344e-05
7.4580658e-06
2.0299156e-05
1.8110339e-05
4.9394241e-05
2.2663011e-05
3.1568787e-05
2.2214973e-05
5.3142669e-05
1.7525672e-05
4.4337644e-05
3.8487587e-05
7.6238041e-05
3.0667215e-05
7.7577332e-05
3.8068915e-05
8.5061104e-05
7.3140126e-06
1.3796906e-05
2.7514077e-05
2.9833089e-05
2.3325925e-05
8.232661e-05
5.9452768e-05
3.9624744e-05
2.2010281e-05
9.0090633e-06
8.1288717e-05
0.00011616754
0.00010136226
1.0213709e-05
5.3702102e-05
1.8591767e-05
1.7924442e-05
7.91394e-06
4.1332554e-05
0.00010161042
0.00012702394
0.00013498896
3.5674232e-05
3.9361759e-05
9.241692e-06
2.2178859e-05
1.3343101e-05
3.6593072e-05
7.8794123e-05
6.084045e-05
6.099926e-05
4.061325e-05
7.223494e-05
6.9536103e-05
6.3999234e-05
2.2680327e-05
2.5445772e-05
2.8418849e-05
1.9989284e-05
8.5150357e-06
0.0001286274
6.2489748e-05
0.00010125223
0.00013330099
1.1099002e-05
5.0097721e-06
7.050352e-06
1.8316393e-05
4.2664073e-05
9.378836e-06
7.0214726e-06
1.5164786e-05
3.168105e-05
7.2662134e-05
2.4585546e-05
8.6870872e-05
6.8410624e-06
1.4988282e-05
3.5780087e-05
1.554423e-05
1.6979548e-05
5.7738309e-05
3.8291157e-05
6.7578615e-06
8.0962616e-06
5.646666e-05
1.711406e-05
4.6807052e-05
1.7767525e-05
5.4835439e-05
4.6928474e-05
9.3679698e-05
5.1990042e-05
7.7173113e-05
1.3945754e-05
5.3229158e-05
7.497858e-06
6.5314861e-05
2.9402583e-05
6.9950068e-06
1.0898967e-05
1.0587848e-05
4.2774741e-05
2.6949103e-05
9.2719899e-05
7.5874945e-05
2.5048616e-05
7.7304264e-05
7.2176189e-05
9.7281423e-06
9.0291674e-06
6.32814e-05
6.6420476e-05
4.3266645e-05
6.409969e-05
7.550655e-05
1.5005225e-05
7.7449906e-05
5.4655856e-05
1.1703749e-05
2.2467045e-05
1.9097637e-05
5.3287581e-05
7.7580307e-06
1.7215647e-05
1.9736554e-05
1.3307565e-05
6.6414805e-06
2.5385571e-05
1.103112e-05
3.0725708e-05
2.497094e-05
2.4833123e-05
4.5502242e-05
1.0359183e-05
2.0259579e-05
9.5331741e-06
4.4142185e-05
7.3685472e-06
3.3415781e-05
9.1448897e-06
1.0754256e-05
0.00012740891
9.9676793e-05
0.00013555897
0.00010349697
4.2110459e-05
6.3258958e-05
9.5943889e-05
0.00012018042
8.288215e-05
8.2985332e-06
2.9832596e-05
2.3514625e-05
3.0615731e-05
6.4792367e-05
9.7457452e-06
2.1332859e-05
6.296421e-05
1.4708603e-05
2.3129629e-05
6.4789107e-06
2.5543603e-05
3.9389888e-05
9.9627321e-06
2.0381228e-05
2.7726216e-05
5.3348344e-05
2.3921188e-05
1.4781132e-05
3.9479197e-05
1.909797e-05
6.8330374e-06
3.2321612e-05
1.3666294e-05
3.5104488e-05
1.3791875e-05
2.7660371e-05
3.1525391e-05
1.6178512e-05
3.9106236e-05
6.8094701e-06
2.0151058e-05
9.1302052e-06
3.4887471e-05
3.3528524e-05
2.7487514e-05
0.0001088609
8.4113901e-05
0.00013131004
0.00012710267
3.356813e-05
8.7694463e-05
9.5850147e-05
6.0670848e-05
3.0697597e-05
8.469187e-05
9.6347382e-05
0.00013575198
5.6545035e-05
9.468565e-05
0.00013408182
2.4617565e-05
9.8408237e-06
1.4852094e-05
1.3181137e-05
6.5119493e-06
2.9982208e-05
0.00011426434
7.1794716e-05
6.0566914e-05
1.9570612e-05
1.4666073e-05
6.2174048e-06
7.2872083e-06
1.3585435e-05
6.8459638e-06
2.5197641e-05
3.1536923e-05
3.6369177e-05
6.783757e-06
3.1009801e-05
7.2280169e-05
3.3734e-05
2.6267051e-05
8.6561783e-05
0.00011865582
0.00011057739
3.089993e-05
3.6397741e-05
3.6447727e-05
2.8271484e-05
8.239521e-05
8.1720443e-05
3.4332224e-05
9.4448868e-05
3.4796573e-05
1.1078259e-05
1.1342047e-05
7.9796559e-06
3.3266367e-05
6.9288718e-06
1.0137175e-05
9.0684247e-06
1.3000116e-05
1.3843832e-05
3.2383964e-05
6.7953962e-05
1.092667e-05
2.5398715e-05
2.9480194e-05
2.4621909e-05
0.00013094164
8.0423416e-05
0.00010991419
2.6410917e-05
8.8143197e-05
1.6212426e-05
1.7305455e-05
1.9418495e-05
2.3021969e-05
2.6426018e-05
4.5131553e-05
3.5773121e-05
2.5498207e-05
2.0448982e-05
1.0049202e-05
9.3403162e-05
7.5239616e-05
2.8384377e-05
2.0867993e-05
7.5761017e-05
2.6831714e-05
1.1454499e-05
2.6763547e-05
3.0402988e-05
8.2022661e-05
4.2149587e-05
5.240673e-05
0.00012065753
1.0596879e-05
2.326665e-05
2.553853e-05
7.5300113e-05
0.00011620143
0.00013891515
1.9841815e-05
8.7292807e-06
6.2594249e-05
3.1942655e-05
8.8398244e-05
4.0577439e-05
0.00011826105
0.00011091368
0.00013914806
8.5630656e-05
9.0335535e-05
5.8444469e-05
3.0342527e-05
3.2017613e-05
6.945322e-05
9.9795642e-06
5.9793968e-05
8.624034e-06
0.00013335483
0.00013323248
9.6762949e-05
0.00010838176
3.8791968e-05
8.4801447e-05
0.00012063285
0.00013655346
7.3134439e-05
0.00013301395
8.4309796e-05
9.2568963e-05
6.2046786e-06
2.5040828e-05
1.5585248e-05
4.4561272e-05
1.3653818e-05
4.6746921e-05
5.7871977e-05
2.1076647e-05
1.0990229e-05
5.8301873e-05
4.4379579e-05
1.6627327e-05
1.8947208e-05
8.6295818e-06
1.1496209e-05
8.0310802e-05
5.8732393e-05
4.1301268e-05
8.0523972e-05
2.4404837e-05
7.5931639e-05
4.9166005e-05
2.6066274e-05
1.0126314e-05
3.3144427e-05
8.7206092e-05
3.3787886e-05
0.00012875947
0.00014795886
2.91115e-05
0.00013768657
0.00015676299
7.1221901e-05
0.0001351926
2.8472826e-05
0.00015489755
0.00015835044
5.674962e-05
0.00011667117
0.0001441345
9.8551925e-05
0.00013772766
0.00014403095
2.006292e-05
1.0893598e-05
6.9913106e-05
7.8445954e-06
1.1750696e-05
3.3591999e-05
8.1430478e-06
9.5459774e-05
7.3871572e-05
2.0850724e-05
3.8615475e-05
2.8501279e-05
7.3607149e-05
9.2796489e-05
7.4691961e-05
9.0021741e-05
3.0594938e-05
9.4365027e-05
6.5176777e-05
2.8143047e-05
3.6764297e-05
6.2394231e-05
8.7470239e-05
8.087336e-05
6.0355035e-05
8.6578633e-06
5.5779564e-05
8.0586991e-05
2.3045095e-05
5.059249e-05
6.9741296e-06
4.1451494e-05
1.3909857e-05
2.1748789e-05
9.0932304e-06
5.8870718e-05
8.9942024e-05
6.182343e-05
9.9704088e-06
1.6870346e-05
1.6303123e-05
6.6453495e-06
3.0266965e-05
3.1574768e-05
6.9185072e-06
3.927401e-05
7.5826205e-05
8.913284e-05
4.0979978e-05
8.0926212e-06
2.2167526e-05
2.9191884e-05
3.3086537e-05
3.1468642e-05
2.1958878e-05
1.9812977e-05
2.3851044e-05
8.206219e-06
7.1307406e-06
1.1772956e-05
3.5588404e-05
2.0020851e-05
1.0108208e-05
5.1384856e-05
3.6571598e-05
7.951621e-06
9.676116e-05
8.9589622e-05
1.7948064e-05
3.6572336e-05
8.6394986e-06
2.6785225e-05
1.1694201e-05
8.5907253e-06
1.5407349e-05
2.1747239e-05
7.6025932e-06
3.9582298e-05
4.3693668e-05
9.9050261e-05
6.6537344e-05
9.448748e-06
8.8570753e-06
2.6291837e-05
3.7493191e-05
2.5931451e-05
6.4949544e-05
9.9528704e-05
6.7863095e-05
6.777021e-06
5.826635e-05
2.5481813e-05
1.4556786e-05
2.4072051e-05
2.7463235e-05
3.6140775e-05
2.3685247e-05
9.484229e-06
7.492758e-05
7.4194652e-05
0.00010083303
5.6432228e-05
2.7458257e-05
2.0891752e-05
4.6841264e-05
2.5616084e-05
7.7623317e-06
8.0293443e-06
5.943733e-05
2.4713795e-05
1.360626e-05
7.6498708e-05
9.4194195e-05
2.2432226e-05
3.2707028e-05
2.8085146e-05
6.3898136e-06
1.5007771e-05
2.1835678e-05
1.2282075e-05
9.7355563e-05
0.00015244759
0.00013651385
3.6241501e-05
9.7338032e-05
3.625149e-05
9.5766437e-05
0.00015174829
0.00013645111
3.6432766e-05
9.766803e-05
3.6154682e-05
8.3111448e-05
8.9227453e-06
2.9907654e-05
0.00012159405
0.00011282939
3.1208865e-05
8.4606615e-05
8.569855e-05
2.3130018e-05
1.3552404e-05
3.0498131e-05
9.8872913e-05
0.00014597696
0.00013621224
3.551738e-05
0.00010385692
5.0575812e-05
9.6755831e-05
0.00013607874
0.00012595123
3.6505207e-05
9.785016e-05
3.7186296e-05
2.0670081e-05
1.9844863e-05
2.2899177e-05
7.850936e-06
2.0552985e-05
2.3842626e-05
1.0388975e-05
6.2184808e-06
1.0526563e-05
7.4827897e-06
3.3750282e-05
1.4716873e-05
4.3115535e-05
3.77724e-05
1.9900005e-05
7.3288435e-05
1.9891815e-05
1.0787172e-05
2.7111894e-05
2.4817061e-05
6.1611724e-05
2.1868605e-05
2.5171954e-05
9.9099044e-05
5.5908421e-05
7.1781894e-05
5.0783955e-05
7.2717851e-05
2.9353083e-05
1.0371594e-05
2.3478138e-05
7.0684705e-06
2.821204e-05
1.3653965e-05
1.3908308e-05
2.753744e-05
7.4887264e-06
1.4303732e-05
1.3883476e-05
2.2801386e-05
9.7692664e-06
2.1555288e-05
1.9425588e-05
3.4665271e-05
3.3765529e-05
1.3164497e-05
1.7465772e-05
7.0169435e-06
8.6006755e-06
6.1396887e-05
8.1574813e-06
5.4602094e-05
5.5786555e-05
2.0768465e-05
8.7460559e-06
7.2921725e-05
2.1150599e-05
2.4271768e-05
1.9528833e-05
8.2126756e-06
5.6000806e-05
7.0126555e-06
1.7035871e-05
1.3702378e-05
2.2420083e-05
6.861909e-06
2.9367375e-05
6.8404694e-06
1.370963e-05
2.8316538e-05
2.4693967e-05
7.696879e-06
3.6923039e-05
0.0001007961
2.6442397e-05
5.4738231e-05
6.9192817e-05
3.0203905e-05
6.3016712e-06
1.4357682e-05
1.2919768e-05
3.5768037e-05
7.0923676e-06
1.5148379e-05
2.6083778e-05
6.7331306e-06
3.2526054e-05
2.2398127e-05
2.4567758e-05
4.1141268e-05
1.6555342e-05
8.310275e-06
5.4545741e-05
4.9221392e-05
4.7883712e-05
1.269628e-05
8.9628731e-05
2.4448287e-05
1.0179247e-05
8.7757847e-06
1.4063253e-05
7.1115012e-06
1.9378765e-05
1.7612658e-05
8.5715656e-06
4.8887146e-05
1.4998121e-05
7.5884807e-05
8.8885901e-05
8.2282595e-05
4.1882415e-05
8.8341014e-06
2.4192433e-05
1.8899012e-05
7.0096774e-06
4.787458e-05
1.1648029e-05
1.3081654e-05
9.6981404e-06
1.037306e-05
7.4425542e-06
7.2070372e-05
1.4031187e-05
1.4346982e-05
3.8257324e-05
1.4657991e-05
1.4127742e-05
2.610501e-05
7.2280995e-06
2.6153646e-05
2.6452067e-05
4.5198324e-05
4.4327848e-05
1.2630872e-05
1.1332145e-05
2.5857162e-05
4.659733e-05
4.5164693e-05
2.8985694e-05
1.2722696e-05
9.1724729e-06
2.5441798e-05
4.5190706e-05
4.3811871e-05
8.5176913e-05
1.2763825e-05
2.9155715e-05
8.6782934e-05
5.2988445e-05
7.6705348e-05
5.9288234e-05
7.2091734e-05
3.078446e-05
8.3255224e-06
2.6740934e-05
6.7389467e-05
8.6569158e-06
2.4220834e-05
5.8002075e-05
7.7137158e-05
3.2955938e-05
9.8056862e-05
4.2987984e-05
5.8653591e-05
8.5894348e-05
9.2200463e-05
2.6528819e-05
6.3130986e-05
5.7039726e-05
6.0455913e-06
1.9866761e-05
8.5358208e-06
1.3033701e-05
3.3162668e-05
5.7316295e-05
3.0007065e-05
0.00010595276
9.7701933e-05
7.8200869e-05
4.6799252e-05
0.00010196452
8.5802747e-05
2.7863715e-05
9.170182e-05
7.7306663e-05
1.5608827e-05
1.4528863e-05
6.690481e-06
4.9869601e-05
1.4425299e-05
1.0625562e-05
3.3613957e-05
7.2331461e-06
7.3595946e-06
5.3682714e-05
2.0859175e-05
1.8401143e-05
4.9411647e-05
3.4359704e-05
2.0669667e-05
2.1552836e-05
7.2545738e-05
0.00010210646
2.3633435e-05
4.1503498e-05
9.1700702e-06
6.4628897e-05
4.0847366e-05
8.8395744e-06
1.1506478e-05
1.3138042e-05
6.5878839e-06
9.2490429e-06
1.8284078e-05
2.0793463e-05
1.2935916e-05
8.4358713e-05
4.2678816e-05
9.5514034e-06
4.8401101e-05
8.7241978e-05
6.019523e-05
7.0420186e-06
1.7948771e-05
8.0210716e-06
3.3596203e-05
9.6705518e-06
7.9707233e-06
8.4740452e-05
7.7793181e-06
1.9667513e-05
2.8162466e-05
2.268708e-05
6.8018658e-05
2.3017252e-05
8.6798873e-05
5.1384949e-05
7.3899138e-06
6.3829542e-05
2.1497563e-05
4.2822386e-05
9.7100029e-06
0.00010790891
0.00011879601
3.0489671e-05
1.0681121e-05
5.7979412e-05
7.894922e-06
2.031379e-05
1.9745601e-05
1.4940317e-05
6.4822872e-06
9.2083335e-05
4.2702796e-05
1.0130539e-05
7.6207534e-06
1.3591593e-05
8.7005788e-05
3.7725131e-05
9.3687461e-06
9.6355172e-06
7.0591115e-05
4.1534738e-05
7.7475896e-05
4.6689986e-05
3.1291085e-05
3.1634331e-05
4.0551491e-05
1.5845638e-05
6.8913272e-06
8.0961854e-06
1.5333368e-05
2.9652269e-05
1.0968418e-05
2.9676618e-05
3.5565679e-05
1.4167267e-05
2.619101e-05
9.278284e-06
0.00013029281
9.5010595e-05
0.0001149432
0.00011405412
2.946976e-05
6.5362536e-05
2.3580134e-05
8.0644766e-05
2.157379e-05
2.5699296e-05
8.1024185e-05
6.3736634e-05
6.4869008e-06
1.3730897e-05
6.6112136e-06
1.3043294e-05
1.1667742e-05
4.82923e-05
1.3931973e-05
2.4700472e-05
3.2327371e-05
3.2367131e-05
1.0287486e-05
3.5090491e-05
6.507808e-05
1.6227592e-05
7.0815691e-06
1.0965532e-05
2.6134729e-05
3.124928e-05
7.4403063e-06
4.4301737e-05
4.6406098e-05
2.0326415e-05
7.5407216e-05
6.8333242e-06
6.4880586e-06
3.9111097e-05
1.7225587e-05
1.0697242e-05
7.9755304e-05
5.8876166e-05
5.1784543e-05
3.3242861e-05
8.0463227e-05
2.6641563e-05
2.2248202e-05
1.7324385e-05
3.8980166e-05
3.9406957e-05
3.8696233e-05
8.9815507e-06
4.4017052e-05
1.6964318e-05
3.2727644e-05
4.0398395e-05
3.9766754e-05
2.4341636e-05
0.00013360019
0.00010468962
0.00014155186
0.00011116917
6.1685991e-05
3.2317435e-05
8.9194077e-05
0.00012870084
8.5174499e-05
9.7897328e-05
0.00015404022
0.00013121625
3.5826405e-05
3.4537749e-05
1.1865295e-05
2.8336397e-05
8.2089887e-05
8.9740395e-05
8.4684237e-05
4.9611014e-05
1.3254308e-05
6.6620146e-06
4.2690918e-05
6.5922937e-06
5.1484654e-05
8.9210464e-06
6.1320091e-06
1.3257142e-05
7.1473162e-06
1.5137465e-05
6.4541086e-06
6.3369825e-06
3.0781128e-05
0.0001099476
0.00013289794
6.0246897e-05
9.8242654e-06
2.2320082e-05
7.1490689e-06
1.4329447e-05
1.3527004e-05
1.3451914e-05
7.1803784e-06
1.3318612e-05
2.7022113e-05
2.6770526e-05
9.3368636e-05
8.164568e-05
2.9583283e-05
1.0577737e-05
3.2741156e-05
3.1598216e-05
5.9606281e-05
7.2311861e-06
2.7492538e-05
1.4045905e-05
1.4576575e-05
2.2043943e-05
3.0375735e-05
7.9497779e-06
8.5878242e-05
0.00010482132
2.164423e-05
7.4455292e-05
5.4952604e-05
7.7477491e-06
0.00011303526
0.0001208374
0.00010167906
1.1441201e-05
4.221825e-05
0.00011707078
1.2563912e-05
1.0220033e-05
2.2661281e-05
1.4396015e-05
8.4200916e-05
1.4682717e-05
7.2820215e-06
3.4042112e-05
6.8530192e-05
2.4713595e-05
8.9682501e-05
2.4369947e-05
8.4329158e-05
3.4930829e-05
0.00011491889
0.00010653245
0.0001150339
0.00012308763
0.00010009319
9.8880176e-05
0.00011277016
0.00012399611
8.5074327e-05
0.0001047971
0.00010526182
3.6830413e-05
1.0197552e-05
7.8857371e-06
1.2114431e-05
2.3334867e-05
5.7596791e-05
6.903161e-05
2.066222e-05
1.3446632e-05
7.3453891e-06
9.2697058e-05
7.2283837e-05
8.5246896e-06
6.1897826e-05
1.3116096e-05
7.0148526e-06
1.0267127e-05
6.888816e-05
2.4267694e-05
5.5189276e-05
7.0443032e-06
1.4694671e-05
4.3012678e-05
6.8919836e-05
1.220054e-05
2.2749766e-05
4.0548058e-05
6.4275719e-06
9.5637561e-06
3.301334e-05
6.1556722e-06
5.7597622e-05
4.1964279e-05
6.5940536e-06
2.2210732e-05
9.5643505e-05
2.8726349e-05
1.3597748e-05
1.2026564e-05
3.7808967e-05
5.5501558e-05
1.8293338e-05
1.0710111e-05
1.129667e-05
7.6864246e-06
2.2556961e-05
1.1027981e-05
1.1292196e-05
7.9224628e-05
8.4896944e-05
2.6032342e-05
6.8679759e-06
2.9172475e-05
1.4973777e-05
2.967561e-05
1.4667956e-05
7.8008271e-06
1.6766942e-05
4.8213358e-05
3.3592914e-05
3.6332084e-05
5.4375913e-05
3.8162391e-05
5.3344252e-06
7.2857699e-06
3.2099777e-05
1.6283077e-05
2.5016017e-05
5.8414585e-05
7.2732012e-05
7.4467021e-05
6.6244309e-06
4.8320279e-05
1.4131673e-05
4.1927859e-05
1.8515728e-05
2.4652301e-05
2.0944323e-05
1.8069085e-05
1.4240044e-05
2.1976444e-05
4.4358969e-05
3.9876695e-05
4.1105737e-05
6.0983446e-06
1.7955229e-05
1.7129157e-05
6.3419451e-06
2.083128e-05
1.4922056e-05
7.4488064e-06
4.3978121e-05
6.916591e-05
6.3248431e-05
3.1258384e-05
0.00015049346
0.00015507907
2.6998754e-05
8.1175889e-06
0.00015245288
0.00014548361
7.5501427e-06
2.2530115e-05
7.0137104e-06
1.6170076e-05
5.1135835e-05
8.2709951e-05
1.1701306e-05
3.0366689e-05
1.2922317e-05
3.0000905e-05
1.5644628e-05
7.5659909e-05
9.9111364e-05
1.0911769e-05
2.0480039e-05
9.8978804e-05
0.00012980476
0.00010595014
0.00012323307
2.9117414e-05
1.1713078e-05
7.6048743e-05
9.980064e-05
8.6819152e-05
9.1725995e-05
3.6355698e-05
4.1785639e-05
3.7198214e-05
6.7777191e-06
6.3545812e-05
9.8836708e-05
7.1875811e-05
1.4326867e-05
0.00010555633
5.9159504e-05
9.787568e-05
2.6465687e-05
2.3065439e-05
3.2954082e-05
8.7599295e-06
5.7819417e-05
3.3918215e-05
2.0379377e-05
8.8583095e-06
7.5267303e-05
2.2477704e-05
2.9808477e-05
5.5678184e-05
0.00012774025
0.00010675794
0.00010195097
0.00012278921
8.4027526e-05
2.5554569e-05
5.8755049e-05
4.931664e-05
2.1371137e-05
2.6535193e-05
6.1103672e-05
2.6670782e-05
8.7441333e-06
8.2282606e-06
5.4788787e-05
1.3231806e-05
2.28612e-05
9.605975e-05
6.8399061e-05
7.1990136e-05
2.0453279e-05
2.3444183e-05
2.6490175e-05
9.2011675e-05
4.82139e-05
6.2642355e-05
7.1282964e-06
1.8237303e-05
9.5377837e-06
2.064679e-05
5.1275079e-05
8.300356e-05
3.2516047e-05
1.0141599e-05
5.9044559e-05
8.1398635e-06
2.2261706e-05
4.1033052e-05
2.7597324e-05
1.0690248e-05
9.7368663e-06
6.2075395e-06
1.535943e-05
6.6351292e-06
1.3189557e-05
3.1323265e-05
3.8599578e-05
1.6815473e-05
6.3727635e-05
8.5164896e-05
6.5395213e-05
2.8309939e-05
8.821852e-06
5.2704141e-05
5.3792229e-05
2.0741688e-05
1.4268193e-05
1.332395e-05
3.0116483e-05
1.3693588e-05
1.3653056e-05
3.0445588e-05
6.4416514e-06
6.3163367e-06
2.2164626e-05
2.305354e-05
2.9101025e-05
2.552822e-05
6.3623384e-05
2.7632976e-05
3.8856221e-05
3.0358818e-05
0.00010757073
1.0965848e-05
6.6817666e-05
2.9036548e-05
6.2255552e-06
1.3492089e-05
6.8337049e-05
1.8622828e-05
4.3895051e-05
2.2115208e-05
7.6870173e-05
5.2582297e-05
1.2377799e-05
2.2533711e-05
9.8214474e-05
4.0241448e-05
6.2590534e-05
1.0615886e-05
4.6458448e-05
6.2952009e-05
2.7697308e-05
2.3982493e-05
1.4539302e-05
6.0494007e-06
1.3341879e-05
6.9980481e-05
9.2257618e-05
9.1443248e-05
7.1830249e-05
1.8857419e-05
6.8135892e-06
2.9157488e-05
1.179457e-05
5.1976201e-05
4.2917347e-05
7.2484842e-06
3.5403358e-05
1.4062073e-05
1.0854693e-05
7.2924783e-06
8.8484835e-05
1.4926271e-05
4.6617162e-05
7.1076502e-06
2.7889092e-05
9.4807956e-05
8.7083588e-05
3.7281804e-05
6.382228e-05
7.4136746e-05
2.9698548e-05
2.7859215e-05
8.361029e-05
8.0908279e-06
6.0744941e-05
3.1799863e-05
8.8707872e-05
2.2734923e-05
3.4253632e-05
2.5538448e-05
1.1194537e-05
1.4393422e-05
2.8329178e-05
3.7589492e-05
7.1593022e-06
4.2801066e-05
3.7974812e-05
1.3830257e-05
7.4342503e-06
2.1132422e-05
2.3676725e-05
2.376189e-05
0.0001017412
6.4522467e-05
5.3318111e-05
1.3301163e-05
1.1577196e-05
3.5436212e-05
3.474458e-05
7.8253928e-06
4.5565329e-05
1.4835304e-05
1.2449947e-05
1.9523097e-05
4.0768186e-05
9.0913498e-06
1.211485e-05
0.00011607534
7.196717e-05
0.00011399271
7.2570975e-05
3.5635134e-05
3.3579098e-05
9.6126831e-06
2.0432308e-05
2.5049958e-05
7.9023516e-06
2.0411299e-05
8.9311572e-05
2.4382684e-05
3.2703851e-05
2.1700634e-05
2.9905695e-05
7.8912962e-06
9.556055e-05
5.6126981e-05
6.8792846e-05
7.7615296e-05
8.9024278e-06
1.1556047e-05
9.9812088e-06
8.6708607e-06
7.5920751e-06
4.7506763e-05
2.4871977e-05
1.9428722e-05
6.2589096e-05
1.0535356e-05
6.2585604e-05
6.6593233e-06
1.8133649e-05
9.9366265e-05
9.343716e-05
4.9378792e-06
1.7266094e-05
2.1016729e-05
8.3755817e-06
1.7694958e-05
1.2822513e-05
3.4961052e-05
6.6501635e-06
1.158207e-05
2.2264806e-05
4.6142109e-05
3.1729565e-05
9.5186923e-05
3.3405096e-05
6.0724826e-05
6.1567377e-05
4.4904659e-05
8.4431638e-05
0.00012309774
0.00011174375
2.2782644e-05
2.4071265e-05
3.2940987e-05
6.4249612e-06
2.7487738e-05
7.9673071e-05
1.9634719e-05
5.1611682e-05
5.292015e-05
1.1328732e-05
1.3754578e-05
7.1110965e-06
9.2124408e-06
8.6807859e-05
2.5006294e-05
6.4045769e-05
3.3929546e-05
1.9877554e-05
1.3431903e-05
1.8085614e-05
8.4102282e-06
8.4526355e-05
2.7166077e-05
0.00010107402
0.00013132195
0.00012784556
8.2066132e-05
4.9844859e-05
3.132798e-05
7.7287802e-05
9.0671032e-05
3.3152999e-05
0.00013965465
9.9292677e-05
0.00013568822
9.3512561e-05
9.3515387e-05
0.00012492509
1.0214037e-05
3.5311458e-05
3.6993179e-05
2.8851319e-05
8.0327315e-06
4.9239621e-05
1.6333082e-05
0.00014411124
0.00012573252
0.00014744228
8.5649661e-05
8.5472145e-05
1.1508281e-05
2.5252743e-05
3.1487531e-05
7.6629532e-05
3.7576896e-05
1.0568448e-05
2.6296519e-05
2.0881049e-05
3.1348996e-05
4.7621766e-05
3.1952859e-05
3.1670389e-05
7.7921049e-05
1.369172e-05
6.2466326e-06
2.0166279e-05
0.00012291387
0.000104598
0.00010908014
0.00010560357
8.9324173e-05
8.7514855e-05
9.5875304e-05
3.4237588e-05
5.412365e-05
2.0530077e-05
2.5395851e-05
5.1428971e-05
2.6443769e-05
2.615048e-05
5.7955549e-05
6.9549471e-05
6.5000349e-05
4.2877975e-05
3.7225428e-05
1.9583032e-05
5.0481927e-05
8.4976282e-06
7.6586301e-05
7.5634702e-05
4.5419549e-05
4.1631472e-05
1.093187e-05
1.1366195e-05
2.3719268e-05
8.5952608e-06
3.615644e-05
0.00012779293
0.00010531602
0.00012032215
0.00010530179
4.4827854e-05
2.1904578e-05
4.9465758e-05
2.1108586e-05
1.2690433e-05
6.279744e-06
1.2744091e-05
6.3334024e-06
6.4106887e-06
7.3152307e-06
1.7711277e-05
6.9484893e-05
2.105937e-05
4.938125e-05
7.5900292e-06
1.7986076e-05
3.9459949e-05
0.00011384793
9.4400439e-05
7.9815342e-05
3.7752631e-05
8.6862327e-05
2.1153064e-05
5.6163438e-05
6.2224242e-05
2.2928515e-05
1.4606212e-05
3.3936506e-05
9.8455048e-06
8.9385744e-06
1.2114374e-05
2.6025413e-05
5.3833493e-05
6.5589283e-06
1.3591353e-05
6.0804157e-05
4.3922253e-05
6.382162e-05
5.5646635e-05
1.9335594e-05
7.3360474e-06
4.7990465e-05
1.9170302e-05
5.2093713e-05
1.816709e-05
2.4989171e-05
2.4631433e-05
1.599743e-05
2.0622109e-05
7.7150586e-06
4.4004063e-05
3.2768728e-05
7.5352125e-05
1.1756241e-05
7.3688529e-05
0.00010876864
8.3392593e-06
3.1721213e-05
4.1135033e-05
2.3922842e-05
2.0224924e-05
4.6311053e-05
2.6798362e-05
1.3441487e-05
3.0226008e-05
6.8825587e-06
3.5701871e-05
6.4599412e-06
2.3244463e-05
1.5786068e-05
2.0910109e-05
2.2388211e-05
0.00012253452
2.5238415e-05
9.9449803e-05
9.2493618e-05
3.2170563e-05
8.0723588e-05
8.6634039e-06
3.7939887e-05
3.4461765e-05
3.7879532e-05
3.6090893e-05
2.4493758e-05
9.0186039e-06
0.0001541524
9.3570331e-05
0.00012171642
2.3528422e-05
5.3370808e-05
7.1137947e-05
9.0539335e-05
3.6493486e-05
9.4894911e-05
2.6363015e-05
2.7359612e-05
7.1694337e-05
9.3487374e-05
5.639841e-05
7.0747833e-06
9.52308e-06
6.637112e-05
3.6761776e-05
7.224977e-05
3.4371779e-05
7.514487e-06
2.426109e-05
3.116879e-05
3.7507272e-05
1.2014438e-05
2.9778437e-05
2.7478289e-05
1.1906795e-05
1.2620164e-05
6.263834e-05
0.00012181137
1.1268141e-05
9.2210725e-05
0.00010504171
5.7752671e-05
9.3445762e-06
1.6017332e-05
2.1166196e-05
1.123938e-05
4.7892207e-05
1.6561411e-05
1.0392557e-05
2.6745341e-05
9.0384855e-05
2.6478805e-05
2.6606264e-05
0.0001026047
5.97896e-05
1.0318769e-05
2.1037584e-05
4.5490422e-05
7.5045322e-05
6.7374182e-06
9.9584029e-06
3.8119016e-05
1.7384251e-05
5.4606703e-05
2.930632e-05
5.7980205e-05
2.0000192e-05
1.5518845e-05
8.2316408e-05
6.8421011e-06
6.4253538e-06
0.00011629092
6.6164933e-05
8.5097207e-05
2.2486152e-05
3.096667e-05
2.4942291e-05
3.193865e-05
2.0848926e-05
8.856889e-06
9.7348097e-06
5.3970781e-05
2.4991688e-05
2.2566527e-05
6.3055516e-05
1.0021788e-05
1.128205e-05
3.995545e-05
6.7001055e-06
7.3429669e-06
2.650667e-05
2.4789815e-05
4.2632217e-05
1.222581e-05
1.3524452e-05
6.7412102e-06
2.4270081e-05
1.3258476e-05
6.4752337e-06
5.6261097e-05
2.2580077e-05
2.009807e-05
6.584858e-05
3.0350532e-05
2.8257749e-05
6.7314359e-06
7.7955494e-05
0.000106131
7.7111073e-05
9.6936867e-05
4.9333532e-05
6.6478516e-06
2.744822e-05
9.4834944e-06
4.1473921e-05
7.4205884e-06
3.0008478e-05
5.8027965e-05
1.4629957e-05
8.0909594e-05
5.1459961e-05
4.6580873e-05
8.7390112e-05
2.5735929e-05
2.9820269e-05
7.5377068e-05
2.9912323e-05
4.4060761e-05
2.6476756e-05
7.5883821e-05
4.7658909e-05
2.6214934e-05
4.2418167e-05
1.1355195e-05
2.8552098e-05
2.5492578e-05
3.360906e-05
7.1152142e-05
5.0737981e-05
2.2966089e-05
2.203656e-05
1.0494444e-05
9.9809552e-06
4.0069322e-05
4.4848056e-05
6.383611e-06
9.224677e-05
2.6690977e-05
4.5989359e-05
6.4818848e-05
1.8933331e-05
1.6724724e-05
6.8869551e-06
6.6021857e-06
1.5291897e-05
4.8494245e-05
1.599595e-05
3.9580561e-05
5.2985522e-05
5.7953043e-05
1.4518895e-05
6.7903051e-06
1.598667e-05
1.7419974e-05
6.5963092e-06
3.783157e-05
3.7682244e-05
7.2148849e-05
7.0590778e-05
7.3725193e-05
2.9422111e-05
3.1401557e-05
4.9240103e-05
5.9533841e-05
6.8253832e-05
3.241691e-05
9.2268243e-05
1.334666e-05
1.4429294e-05
3.6764422e-05
7.0298141e-06
1.3427101e-05
2.8267142e-05
2.2365944e-05
9.2534005e-06
6.3829587e-05
2.875732e-05
1.5305603e-05
3.6048364e-05
1.3407948e-05
2.3594813e-05
1.3296556e-05
2.7161994e-05
7.1665285e-06
1.3751133e-05
2.7871506e-05
1.3645744e-05
3.0411811e-05
6.6159303e-06
5.1698545e-05
1.9524592e-05
1.9032185e-05
5.3037924e-05
2.4505393e-05
3.4231064e-05
1.4730322e-05
8.2432971e-06
2.244531e-05
7.4494896e-06
1.1537204e-05
6.7823912e-05
2.4820736e-05
2.9880117e-05
1.5254846e-05
4.0219417e-05
3.7291951e-05
5.7277508e-05
6.148622e-06
4.8891164e-05
9.6609449e-05
0.0001103811
9.5356161e-05
0.00010975895
6.3614158e-06
8.2312743e-06
5.9528832e-05
2.2524983e-05
4.1313571e-05
8.3953312e-06
7.6856877e-06
5.3590468e-05
2.5763422e-05
1.3434775e-05
2.1380826e-05
1.2249017e-05
1.9170275e-05
7.2288721e-06
2.4149234e-05
3.1437173e-05
3.2122891e-05
1.2346556e-05
2.65101e-05
5.7217526e-05
2.1160773e-05
9.8748646e-05
8.1128971e-05
8.9464804e-05
3.0976132e-05
0.00010899292
7.752188e-05
5.2213918e-05
2.4236158e-05
1.1592542e-05
0.00011181765
5.7966605e-05
2.679847e-05
3.0636616e-05
1.280974e-05
4.0976264e-05
5.2951975e-05
2.220362e-05
1.5337288e-05
8.3249209e-06
1.0760099e-05
2.5377867e-05
4.47259e-05
1.4840948e-05
7.5387112e-06
7.3022363e-06
6.4243108e-06
1.3792165e-05
7.1522644e-06
9.9336827e-05
2.6954776e-05
4.8656715e-05
2.0678666e-05
3.9075494e-05
1.1634264e-05
1.338538e-05
1.0161618e-05
2.6848856e-05
7.0301912e-05
1.072268e-05
5.1623323e-05
0.00012169426
5.7207985e-05
8.5103056e-05
1.2198185e-05
3.0172613e-05
1.9279219e-05
6.7127556e-05
4.7991696e-05
1.8016442e-05
7.155087e-06
1.7517156e-05
7.9019441e-05
2.2469433e-05
5.118191e-05
4.6830477e-05
3.1156499e-05
1.206752e-05
1.1587586e-05
9.7939023e-05
0.00012935528
2.2078996e-05
2.8733006e-05
7.0886185e-06
6.0611415e-06
8.3717182e-06
7.3200866e-05
4.1697014e-05
6.4675775e-06
3.4159693e-05
6.2090137e-05
9.031287e-05
4.8325173e-05
7.1449636e-05
2.3715286e-05
1.0442687e-05
7.2169361e-05
9.7376956e-05
0.00011572291
4.7287259e-05
1.7869583e-05
9.8512661e-06
0.00011523341
0.00010132112
4.8986435e-05
7.4283021e-05
4.2776456e-05
1.8362288e-05
2.0910462e-05
2.8238239e-05
4.0111008e-05
5.7168412e-05
1.8727145e-05
1.8433177e-05
6.7491835e-06
6.297736e-06
3.0108968e-05
2.2523821e-05
1.866519e-05
2.2676805e-05
7.2359939e-05
7.1697974e-06
5.785644e-05
8.954771e-06
6.9372192e-06
8.6780182e-06
1.3479291e-05
6.1597458e-06
6.3906605e-06
3.0033923e-05
2.1774502e-05
1.3465007e-05
8.9393142e-06
2.181795e-05
1.4393892e-05
7.0743468e-06
2.9125143e-05
7.6932607e-05
2.549118e-05
5.4238787e-05
1.0839978e-05
4.8076084e-05
2.5209849e-05
2.3595686e-05
2.1529184e-05
8.6877537e-06
3.1305595e-05
7.7093526e-06
9.2770855e-05
2.4493705e-05
8.4123387e-06
3.4133084e-05
3.3725549e-05
2.0090014e-05
3.0074784e-05
8.6688789e-05
2.3465712e-05
3.4337192e-05
6.0235952e-05
0.00011643929
9.1506215e-05
9.0074251e-05
0.00012053228
0.00010262896
5.4336979e-05
7.1017206e-05
8.0352144e-05
1.3569358e-05
3.092887e-05
3.9970847e-05
7.061224e-06
1.3560147e-05
6.4989233e-06
3.9737299e-05
1.9986089e-05
2.641769e-05
1.0162188e-05
7.1701271e-05
5.5154175e-05
3.7059192e-05
3.0965931e-05
2.2477984e-05
6.9386322e-06
6.8736524e-05
6.1300386e-05
3.3683699e-05
2.3778729e-05
5.8518638e-05
2.9342184e-05
2.8202377e-05
1.1574168e-05
2.6784906e-05
7.2317652e-06
9.077333e-06
6.9301453e-06
2.5822713e-05
1.0550918e-05
2.1359526e-05
2.0221656e-05
2.801643e-05
4.5552067e-05
4.1560967e-05
2.9287693e-05
9.3599986e-05
8.991947e-05
8.4315832e-05
3.7454779e-05
3.4175355e-05
2.0964967e-05
0.00012994469
7.7257551e-05
0.00011907926
0.00011161469
0.00010150218
0.0001213725
4.7147955e-05
5.9080305e-05
9.4610447e-05
7.3214671e-05
2.200367e-05
1.1921036e-05
3.3873088e-05
3.2827123e-05
0.0001170389
0.00010009931
3.3054279e-05
7.8614e-05
8.1101109e-06
0.0001081962
2.3863564e-05
1.0791896e-05
4.9691869e-05
8.069533e-05
3.0604797e-05
2.2808098e-05
2.3088362e-05
0.00012850099
9.0748024e-05
0.00011693643
2.7748098e-05
6.5006582e-05
8.5250242e-05
8.9596186e-05
9.9756117e-05
6.2025254e-05
6.3424156e-05
3.4427701e-05
7.4675787e-05
8.4372849e-05
3.6350119e-05
3.0128592e-05
8.0406489e-05
8.212584e-06
6.0053431e-05
2.3231336e-05
2.1598263e-05
2.7692534e-05
1.4327355e-05
1.4684085e-05
5.2115053e-05
1.8415166e-05
0.00012618643
7.5103427e-05
2.1524425e-05
1.7340235e-05
1.9119255e-05
8.0840704e-06
5.3708575e-05
4.864746e-05
2.3304602e-05
8.181101e-05
4.9326993e-05
1.7415243e-05
0.00010519666
0.00012036469
9.2383747e-05
0.00012380785
9.9385995e-05
5.12732e-05
0.00010514863
2.7773871e-05
9.6165984e-05
7.056916e-05
3.8806141e-05
1.0295566e-05
2.6554992e-05
3.2170814e-05
6.1870004e-06
1.560259e-05
7.7376681e-05
1.2988268e-05
6.8689043e-06
1.6284494e-05
4.883227e-05
1.5804574e-05
1.776797e-05
4.0465374e-05
0.00011199616
7.5395993e-05
0.00010150105
8.6505722e-05
0.00011125856
0.00011283684
7.1356621e-05
0.00012077569
8.7492627e-06
1.1509382e-05
1.9532204e-05
1.3466306e-05
6.3027803e-06
2.1215918e-05
7.0905052e-06
5.3164277e-05
2.1542787e-05
3.9983735e-05
1.0112008e-05
6.1554547e-06
1.7116775e-05
5.4517597e-05
2.807585e-05
9.57712e-06
7.4467224e-06
1.8636272e-05
4.5443801e-05
8.4390339e-05
6.0863561e-05
1.9844503e-05
6.5686708e-05
5.0845134e-05
2.9544005e-05
7.2102444e-05
2.798191e-05
7.7883915e-06
5.430492e-05
2.0827074e-05
1.3485082e-05
2.7418791e-05
1.3787955e-05
1.4467238e-05
6.9991009e-06
3.0328116e-05
6.4247439e-06
1.3623086e-05
7.8057551e-05
2.2520006e-05
6.503553e-05
0.00010974278
3.1566545e-05
6.5874037e-05
8.9064039e-06
2.658624e-05
1.1365836e-05
2.6134098e-05
1.0941901e-05
8.8414963e-06
3.1504115e-05
1.3503885e-05
1.1913159e-05
7.3805502e-05
7.8530004e-05
7.7553942e-05
7.6143106e-05
3.7641928e-05
1.4661509e-05
7.7663497e-06
4.6872639e-05
6.8775625e-05
5.2080365e-05
1.0065399e-05
5.9238544e-05
0.00012722138
6.8951593e-06
2.114387e-05
5.9297574e-05
1.9607743e-05
3.5238841e-05
6.8995978e-05
9.4597703e-06
3.6094597e-05
0.00010001644
0.00010622618
6.8303244e-05
2.1324004e-05
3.5531853e-05
0.00011338632
0.00014260618
3.3187192e-05
3.2213182e-05
3.0943971e-05
6.6691876e-06
1.5130114e-05
1.5387689e-05
1.5203085e-05
4.8473501e-05
7.9605923e-06
2.3381937e-05
5.7143761e-05
8.025032e-05
1.7573537e-05
8.7848224e-06
7.8454339e-06
5.3730863e-05
2.6992102e-05
6.4944671e-05
4.8400554e-05
6.4927959e-05
1.996658e-05
1.9687211e-05
7.0841293e-06
1.3475186e-05
2.6708628e-05
6.7314912e-06
0.00011697318
7.9815814e-05
0.00011575831
3.5452507e-05
2.8586294e-05
2.7598068e-05
1.5472175e-05
6.9350686e-05
5.155707e-05
9.9864069e-06
3.6484796e-05
7.5572299e-06
2.8480682e-05
1.4277813e-05
1.5004106e-05
3.7154588e-05
1.8543268e-05
1.4202869e-05
7.4468758e-06
6.4664336e-06
2.5730187e-05
9.4032201e-05
4.9912776e-05
2.1352981e-05
9.5905456e-05
5.6182952e-05
8.0735466e-06
2.1142758e-05
5.9002735e-05
9.3871093e-06
1.2622236e-05
4.9588474e-05
1.9770819e-05
6.6576664e-05
1.0202456e-05
1.6610241e-05
5.3921189e-05
7.1224514e-05
1.2860978e-05
0.00013978518
0.00012889286
0.00014653728
2.1714126e-05
2.9479542e-05
3.422907e-05
8.4821658e-05
0.00011685225
3.9379096e-05
0.00011911269
6.3160016e-05
4.4182675e-05
8.9672474e-06
1.6772344e-05
1.4608896e-05
3.624204e-05
6.6086032e-06
7.3591181e-06
2.5331799e-05
1.450651e-05
1.5487277e-05
3.4248149e-05
6.715226e-06
3.1352096e-05
2.4775794e-05
9.4259321e-06
7.7495396e-05
8.8724027e-05
8.2859331e-05
7.4499912e-05
3.0311609e-05
2.6233579e-05
8.7326246e-05
8.1852672e-05
7.5771017e-05
3.6805859e-05
7.4232516e-06
1.1608406e-05
1.7482122e-05
6.7545066e-06
1.024898e-05
9.639508e-06
4.7832648e-05
8.2533207e-05
0.00012060727
9.0888428e-05
2.0789188e-05
6.9089142e-06
1.8205557e-05
1.1343131e-05
1.1137413e-05
2.5219424e-05
9.2343201e-06
2.9555125e-05
1.4167366e-05
1.4402104e-05
2.7158296e-05
0.00013190707
0.00013982173
0.00010131714
1.2793278e-05
0.00014104807
0.0001474089
0.00014289273
7.4261627e-06
1.4011832e-05
5.5689413e-05
1.1027256e-05
2.5943728e-05
2.3780106e-05
7.0419628e-06
6.8612339e-06
4.7760723e-05
2.8987511e-05
7.3663859e-05
2.3767712e-05
7.8375091e-05
7.8768463e-05
6.4511028e-05
1.9003481e-05
1.4991006e-05
1.9201094e-05
9.8453891e-06
1.9858941e-05
4.5609255e-05
6.1887978e-05
8.6991629e-06
6.4344022e-05
5.3302683e-05
2.7148954e-05
2.691268e-05
5.3076865e-05
2.5400283e-05
1.2280461e-05
9.5436085e-06
2.4224908e-05
3.7554027e-05
2.5794202e-05
1.0182796e-05
5.8798855e-05
3.5171151e-05
2.1889926e-05
3.8634261e-05
3.6873967e-05
3.9685856e-05
7.5928183e-06
2.3303578e-05
1.6715308e-05
1.3728141e-05
1.593315e-05
3.2648459e-05
0.00011571486
9.4010203e-05
0.00010712016
3.8967161e-05
6.3623482e-05
7.1368683e-06
2.0836867e-05
4.9919534e-05
0.00010760865
7.5622598e-05
6.7766544e-06
1.3728853e-05
8.3588636e-06
7.653404e-06
3.4483338e-05
4.3784739e-05
8.4251867e-05
2.9424893e-05
9.9440615e-06
8.4064712e-05
1.931916e-05
5.3332246e-05
1.1602205e-05
1.83323e-05
7.488496e-05
6.178238e-05
8.0000149e-06
2.6203304e-05
9.6327102e-06
2.082431e-05
6.7628479e-05
9.5838446e-05
7.9120202e-06
2.3700507e-05
1.6843114e-05
8.2333382e-05
5.305934e-05
4.7343648e-05
1.5059623e-05
2.7106999e-05
8.8322229e-05
0.00014240658
1.0357039e-05
6.1338662e-05
4.2077945e-05
1.2093454e-05
3.8357006e-05
1.4721065e-05
1.3681347e-05
6.9297816e-06
3.2442219e-05
9.4933128e-06
1.0275852e-05
5.875535e-05
9.3343994e-06
5.3162245e-05
7.9302182e-05
2.1819202e-05
3.1534024e-05
3.389746e-05
3.8022339e-05
6.9824622e-06
2.0696128e-05
2.0316289e-05
7.4625383e-05
3.821478e-05
4.3251381e-05
2.5974178e-05
1.4386911e-05
1.6160447e-05
7.5224863e-05
1.9264267e-05
4.6802098e-05
2.6858552e-05
6.7562746e-05
0.00011210003
9.9559745e-05
2.3508205e-05
2.0246674e-05
4.8788776e-05
9.9071432e-05
3.4145797e-05
1.4268358e-05
3.0779299e-05
1.7641886e-05
6.2083686e-06
1.042107e-05
1.0120943e-05
6.5490548e-06
7.2600436e-05
2.3853161e-05
6.1876645e-05
2.8565404e-05
2.3632016e-05
8.3227627e-05
8.9394061e-05
1.2511659e-05
0.00013098458
7.5974818e-06
1.3335741e-05
7.1969068e-06
6.5977327e-06
7.4362895e-06
1.1041307e-05
1.1907369e-05
8.0312488e-05
5.2942537e-05
0.00011898754
0.00011471257
2.2270593e-05
2.4995779e-05
8.5298422e-05
1.1015085e-05
5.1851332e-05
3.1510186e-05
4.6408912e-05
4.3405959e-05
0.00010246966
3.2446859e-05
2.4471785e-05
2.5417809e-05
7.5566642e-05
1.2083593e-05
7.5318541e-05
3.1833912e-05
2.926497e-05
4.5074728e-05
6.1133842e-05
3.4585785e-05
3.2518143e-05
8.3060766e-05
6.8613846e-06
1.9755813e-05
4.9741126e-05
1.1534352e-05
1.3259662e-05
6.2480152e-06
3.2566633e-05
3.3218922e-05
2.5858319e-05
2.5528204e-05
4.7613146e-05
1.9338616e-05
2.0836448e-05
0.00010061994
8.5783331e-06
2.6958137e-05
1.3190604e-05
1.2182593e-05
1.2396203e-05
2.8723241e-05
7.1370903e-05
6.3785999e-05
0.00012285768
0.00012440325
2.8294886e-05
9.0502946e-05
2.7678323e-05
6.38215e-05
2.2942232e-05
2.4951819e-05
2.9008318e-05
6.492836e-05
1.812682e-05
5.9049261e-05
1.908166e-05
3.6153072e-05
0.00010380514
0.00010509288
8.0347068e-06
1.0739798e-05
4.9747749e-05
9.0604827e-05
7.4763999e-05
3.3523994e-05
8.0116908e-05
8.1052908e-06
1.2005404e-05
1.1917954e-05
1.1455033e-05
2.5707941e-05
2.3869396e-05
2.0384144e-05
4.6480486e-05
6.5263552e-05
2.2382969e-05
2.1178282e-05
9.4024146e-06
1.1453785e-05
2.6257708e-05
3.4087687e-05
0.00010979941
9.5868566e-05
4.462016e-05
7.5340054e-05
2.1584131e-05
6.0025555e-05
1.6252021e-05
2.0912664e-05
1.1840532e-05
7.5130871e-05
3.7644123e-05
7.5676981e-05
5.6888912e-05
2.367269e-05
1.0918259e-05
1.0067986e-05
1.157437e-05
2.8461481e-05
2.3398123e-05
2.5289912e-05
8.7788521e-06
6.3575516e-06
1.3254515e-05
3.1489714e-05
4.1693814e-05
7.1306102e-06
1.9282968e-05
1.4925876e-05
3.275375e-05
2.5593284e-05
7.1751642e-05
1.6781552e-05
1.2656812e-05
1.082634e-05
1.0566948e-05
8.8743637e-05
3.7678333e-05
3.3008274e-05
1.7168411e-05
1.2761491e-05
8.7607086e-05
2.9567302e-05
7.7957326e-05
7.1668634e-05
3.8700058e-05
2.7261561e-05
1.5872079e-05
5.9581442e-05
2.6224979e-05
3.6449088e-05
5.4102296e-05
2.4062725e-05
3.6825851e-05
6.3000317e-05
1.3457124e-05
2.2302129e-05
1.0153991e-05
2.9390913e-05
7.0123666e-06
8.0411753e-05
9.9461386e-06
0.00010308025
3.0124801e-05
8.0595755e-05
6.2645156e-05
3.5553221e-05
3.4447816e-05
6.3801722e-05
9.0122069e-05
2.1297951e-05
7.4934552e-05
3.9501428e-05
9.0204564e-05
6.6771194e-06
0.00014503558
6.8884393e-05
9.8116001e-05
3.1311625e-05
1.4019938e-05
1.228351e-05
0.00012243556
0.00011977009
7.322383e-06
9.6576133e-06
3.6744848e-05
2.771416e-05
3.4677777e-05
0.00014073999
0.00010662
4.1247878e-05
0.00012575419
7.9563118e-05
6.8692019e-06
0.00011010196
3.5836685e-05
9.8111234e-05
1.4997107e-05
2.1880036e-05
5.8138642e-05
2.6572256e-05
0.00012174718
0.00014618315
1.3984466e-05
6.9867808e-06
2.3102428e-05
2.3595108e-05
9.2950036e-06
2.3474884e-05
4.1253096e-05
2.5632626e-05
8.1540499e-06
7.011493e-05
6.6270956e-05
9.0933431e-05
0.000104639
8.7358647e-05
9.2262985e-05
2.4731168e-05
1.9538309e-05
7.0118139e-06
2.7104688e-05
6.7755258e-05
3.5376169e-05
8.8650824e-05
2.8860478e-05
6.4518308e-05
2.8654463e-05
0.00011675887
9.4028568e-06
0.00010498386
0.00010275194
2.3702764e-05
0.0001054444
5.8369084e-05
0.00012810142
1.2625198e-05
0.00015453235
0.00014012583
4.6674068e-05
0.00011182846
7.6344958e-05
2.6352578e-05
1.2284487e-05
0.00010409399
4.9090918e-05
0.00013082516
0.00012550072
2.0439711e-05
3.5022578e-05
9.0672626e-05
1.3949461e-05
1.7324009e-05
4.6897886e-05
1.711899e-05
1.0071771e-05
2.7305889e-05
8.8519152e-06
1.2730418e-05
3.7990566e-05
1.7590637e-05
3.6503718e-05
2.8710597e-05
8.8197576e-05
0.00014892187
0.00014789794
0.00014082052
0.00014681623
7.149395e-05
0.00011676578
0.00013756516
2.9283485e-05
4.8517623e-05
1.3227123e-05
0.00012154428
5.0093974e-05
9.5124615e-05
3.8802214e-05
2.7627264e-05
9.6339444e-05
8.2122165e-05
4.9895997e-05
6.0804697e-05
2.5478758e-05
8.3110651e-05
3.2138987e-05
2.5433819e-05
5.4481826e-05
2.7441178e-05
6.7125268e-05
0.00011513048
6.6766145e-06
1.9788389e-05
3.6286813e-05
6.9053648e-06
7.6791207e-06
5.1699923e-05
6.4275998e-05
4.10655e-05
9.2586527e-05
5.6230589e-05
9.2918495e-05
1.1179646e-05
6.9197425e-05
3.3089437e-05
6.0703042e-05
1.2361296e-05
4.9404516e-05
1.3174011e-05
1.8322345e-05
1.2764804e-05
7.5758539e-06
1.4046909e-05
1.3755631e-05
6.4305049e-06
0.00010635899
0.00010363472
0.00013780548
3.5632594e-05
2.9503071e-05
1.7617053e-05
1.1337922e-05
0.00013387397
9.1791717e-05
0.00012038657
9.4735295e-05
7.2396634e-05
5.801883e-05
0.00014271356
0.00012932908
0.00014536417
1.004341e-05
2.6010025e-05
5.0277127e-05
1.0182349e-05
0.00010778292
9.3423393e-05
0.00014657447
1.3679717e-05
0.00010853503
0.0001396975
8.4728927e-05
2.5308454e-05
5.8991245e-05
4.9500892e-05
7.3023927e-06
1.9402e-05
5.8240962e-05
5.3768869e-06
1.2973144e-05
3.645162e-05
9.0534295e-05
5.4273443e-05
0.00010820086
8.1571348e-05
8.0435755e-05
5.4642098e-05
3.0602373e-05
3.482859e-05
9.8437313e-05
6.1843403e-05
6.4712574e-05
7.2848674e-06
0.00010478226
2.0267385e-05
1.3987396e-05
0.00014708269
0.00015707613
0.00015188591
2.0183069e-05
7.5217518e-06
2.037908e-05
7.4399647e-05
0.00011302158
2.2268904e-05
5.6266568e-05
7.8076835e-06
1.0177665e-05
0.00016661383
0.00011860737
0.00013830583
6.8180247e-06
1.3367362e-05
6.3557154e-06
8.904808e-05
3.2596098e-05
3.2778167e-05
8.9333077e-05
1.2748566e-05
6.983155e-05
0.00011277859
0.00010877472
5.9372255e-05
3.0781375e-05
0.00010319442
3.8938314e-05
5.7020444e-05
0.00011740658
5.9491289e-05
0.00011039311
0.00012164849
0.00012784999
0.00010310369
0.00013306416
9.4974864e-05
0.00013287186
0.00011925241
0.00012378443
3.6536258e-05
0.00011917735
0.00010472868
3.480664e-05
0.00010360675
4.4368107e-05
1.5080036e-05
4.4016858e-05
9.3763857e-05
8.8618021e-05
0.00013507196
3.8286016e-05
9.6275214e-05
7.3833591e-05
0.00011819024
8.3377572e-05
0.00010604874
0.00012313553
0.00013810419
0.00012438096
0.00014095733
5.1189849e-05
0.0001226933
9.293929e-05
8.8504265e-05
0.0001214997
8.8565924e-05
5.572362e-05
0.00010254141
0.00013577388
0.00013830117
0.00010339058
8.3344449e-05
9.348671e-05
3.2242269e-05
8.7679863e-05
7.5665802e-05
2.5404183e-05
0.00012861119
0.00011828548
7.8212534e-05
1.9090923e-05
8.2238107e-05
3.2271188e-05
5.4862864e-05
0.00013136697
0.00014030092
0.00012915864
3.3256546e-05
9.2336831e-05
2.7883455e-05
4.601344e-05
5.8599276e-05
7.5828922e-05
1.2191585e-05
2.3196923e-05
4.2908848e-05
6.6742152e-05
4.9081888e-05
1.8219428e-05
6.2126219e-05
9.1392439e-06
4.4809355e-05
1.0430652e-05
1.2596555e-05
8.0056336e-06
2.2799233e-05
0.00011777274
9.5528172e-05
0.00013247469
6.3549952e-05
6.3412775e-05
8.551915e-06
1.6220145e-05
0.00013153503
8.9470743e-05
0.00012033513
9.4733264e-05
0.00014016898
0.00015120803
0.00011060637
7.7838054e-05
5.6830496e-05
9.1662466e-05
0.00010434957
8.8663961e-05
0.00011195342
0.00014410078
0.00015177909
0.00014012181
0.00015622701
0.00015243679
0.00013054291
0.00014389703
0.00014264612
9.4481405e-05
5.5714119e-05
6.8441973e-05
7.7794072e-05
5.730884e-05
0.00013590854
0.00014950321
0.00014667389
8.8329581e-05
9.8181137e-05
7.205666e-05
5.9818717e-05
3.4498681e-05
8.6855746e-05
0.00012821954
8.6516945e-05
0.00011562604
9.9435672e-05
3.2624026e-05
3.8499058e-05
0.00010507266
0.00014665873
0.00014055883
4.0445293e-05
6.2208949e-06
1.3295678e-05
7.7294702e-06
2.1832573e-05
2.3434198e-05
8.5967466e-06
9.3358455e-05
9.5376918e-05
9.8428811e-05
1.9648857e-05
4.9975364e-05
1.8543436e-05
8.543551e-05
6.311703e-05
8.1939873e-05
6.0331377e-05
2.5384937e-05
1.7130945e-05
0.00011958001
0.0001312686
0.00014311792
0.00011578784
0.0001426145
0.0001316888
0.00015280799
0.0001540773
0.00013937447
2.1498469e-05
3.0860102e-05
6.1986311e-05
1.4240478e-05
0.00010405555
7.7311087e-05
5.5074107e-05
0.00011459883
7.8549663e-05
0.00010901687
5.0305198e-05
1.3584128e-05
5.8841063e-05
9.8773994e-05
9.0767129e-05
7.1649128e-06
1.9956281e-05
3.5578414e-05
0.00014219464
4.2823369e-05
7.3889629e-06
3.1967344e-05
2.8081901e-05
1.1907152e-05
2.4186288e-05
3.5640631e-05
3.6842835e-05
8.6789109e-05
3.473262e-05
1.5210683e-05
6.7515651e-06
2.6221262e-05
2.7889106e-05
0.00012084972
4.1292694e-05
8.1762771e-05
0.00012259178
0.00013962858
0.00011960495
0.0001396934
0.00011433002
6.155511e-05
1.0098517e-05
6.0695546e-05
0.00013000677
0.00011234551
1.911601e-05
9.9297224e-05
3.8239312e-05
4.3040958e-05
8.7053749e-05
3.7253699e-05
9.2785391e-05
7.987067e-05
0.00013477286
0.00012455137
8.0922503e-05
0.00014731497
0.00014392373
0.00012923869
0.00010370981
2.3393582e-05
6.2137925e-05
7.6803847e-05
2.3070489e-05
2.5002467e-05
1.9465205e-05
4.6724703e-05
0.00017649917
0.00013702963
0.00012576008
0.00014776195
0.00014577167
8.2414932e-05
0.00012848871
5.7191217e-05
2.8411098e-05
4.1388971e-05
2.747576e-05
2.5621881e-05
4.4281369e-05
0.00011764415
2.1621498e-05
1.7511198e-05
3.431541e-05
8.8661894e-06
9.6876502e-05
9.0835914e-06
6.252739e-05
2.468834e-05
0.00015119556
8.5951908e-06
0.00015443952
5.2775719e-05
3.3289764e-05
7.7853535e-06
7.103963e-05
2.5688728e-05
4.9589666e-05
1.8765704e-05
1.801554e-05
1.4742204e-05
5.3746012e-05
4.1915884e-05
2.1794876e-05
2.055787e-05
4.4546264e-05
7.1093216e-06
3.0100138e-05
5.4559669e-05
2.5413554e-05
2.470018e-05
8.7352767e-05
2.5036504e-05
6.7412123e-05
9.5945291e-06
2.6376305e-05
0.00012915776
8.4494249e-05
9.6235805e-05
6.062312e-05
0.00011224315
0.00012041078
9.475579e-05
0.00013021868
0.00010072128
0.000132096
0.00011641993
0.00011587541
0.00010972993
6.8276442e-06
2.9175338e-05
1.2606431e-05
4.5600051e-05
5.2559714e-05
1.6505697e-05
8.4657185e-05
8.5216938e-05
5.2862523e-05
1.1695813e-05
9.9062334e-05
1.2115551e-05
3.7202689e-05
7.1786533e-06
7.3712516e-05
0.00010894045
0.00011252549
7.7770928e-05
7.9627027e-06
2.1456311e-05
0.00011352308
8.0305621e-05
6.7540026e-05
9.5912722e-05
6.6376924e-05
3.5314708e-05
4.045482e-05
4.006074e-05
5.3659728e-05
2.4161567e-05
3.5747689e-05
3.993801e-05
3.6652819e-05
0.00011829784
5.2172123e-05
9.4486742e-05
2.1470083e-05
9.3767041e-06
6.4668418e-05
5.5972494e-05
1.9464226e-05
0.00010330056
0.00010747508
0.00010924766
2.5465044e-05
2.6028875e-05
7.4679347e-05
9.6817027e-05
8.3686851e-05
5.7028764e-05
5.7190062e-05
1.5513358e-05
8.3373019e-05
4.8214874e-05
2.3532799e-05
1.0764064e-05
2.4501536e-05
8.1561774e-06
9.5514011e-05
1.6027785e-05
2.470806e-05
2.5627536e-05
8.1808154e-06
5.1928965e-05
1.3537832e-05
7.0324544e-06
8.0192011e-06
2.2471154e-05
1.1071576e-05
2.8635162e-05
0.00014850618
0.00014598842
0.00014738384
0.00012314889
9.1576237e-05
9.219085e-06
2.110728e-05
3.1773889e-05
0.00010902409
0.00012581988
9.4744934e-05
9.742554e-06
6.1679929e-05
2.2161422e-05
0.00014602717
0.00013815144
8.3447588e-05
0.00013202534
4.8367447e-05
5.2446472e-05
9.1457574e-05
0.00014354495
0.00011892493
7.4470361e-05
5.0473779e-05
3.3940496e-05
2.2141074e-05
2.0694863e-05
1.4007348e-05
3.2958328e-05
0.00012302584
8.279689e-05
3.3815208e-05
2.8106232e-05
6.7913199e-06
7.0690097e-06
2.4661061e-05
6.8237468e-06
0.00014357854
0.00013765607
0.00013692562
0.00014369935
3.0891031e-05
0.00011701812
4.656978e-05
8.1800612e-05
3.6388829e-05
2.8661716e-05
3.9706984e-05
2.4738715e-05
1.0896515e-05
7.0126227e-05
7.4101616e-05
7.9941265e-05
1.1156283e-05
9.914058e-06
4.2320998e-05
2.2304918e-05
5.8215429e-05
7.258762e-05
4.6950222e-05
2.6911774e-05
9.0286103e-06
3.2029867e-05
5.5651854e-05
1.2466241e-05
8.9142106e-05
8.0396102e-06
7.020333e-06
9.5455934e-05
3.2593429e-05
5.2901868e-05
7.4521944e-06
1.4166239e-05
1.9380192e-05
2.7913755e-05
3.6919615e-05
3.8607337e-05
1.4936174e-05
6.5591861e-06
1.2944937e-05
0.00010821536
0.00013213786
0.00013259015
0.00013999313
0.00013371651
0.00013978345
2.5728163e-05
0.00010537522
6.2081758e-06
1.3110886e-05
0.00011380565
3.8294958e-05
2.2474394e-05
2.122567e-05
0.00010141581
3.7102449e-05
6.0447645e-05
2.5296027e-05
5.6444246e-05
2.5186218e-05
0.00011035803
9.6307358e-05
6.5726647e-05
4.0861533e-05
7.4155038e-05
6.7272546e-06
9.5812133e-06
2.5441524e-05
1.4002284e-05
6.2646066e-06
1.3349505e-05
2.6079052e-05
5.5494967e-05
4.109822e-05
1.5478795e-05
7.6253107e-05
9.9612183e-05
2.5871398e-05
1.1109153e-05
5.767722e-05
1.2429531e-05
0.00011123923
8.5478916e-05
5.5513948e-05
0.00013587965
9.0045822e-05
8.1829952e-05
2.3754289e-05
1.3491601e-05
1.2821547e-05
5.077245e-05
9.8059852e-06
8.5320721e-05
1.1039103e-05
6.4263337e-05
8.1082751e-05
0.00010172623
3.5101273e-05
8.3543625e-05
0.0001269336
0.00011946312
9.2183161e-05
4.7755915e-05
7.9161946e-05
9.2982137e-06
4.340516e-05
1.9708233e-05
5.897936e-05
3.1311244e-05
3.0017332e-05
7.099821e-06
3.9453629e-05
7.2221552e-05
4.2720851e-05
7.9854389e-05
3.3014066e-05
0.00012263449
0.00013913068
0.00014612335
2.2304003e-05
1.7939605e-05
6.3906483e-05
7.5162502e-06
0.00010104578
2.8817625e-05
2.1808446e-05
3.4271514e-05
2.966578e-05
0.00011294594
4.4213009e-05
9.9663362e-05
1.6015074e-05
3.5774217e-05
0.00012191316
0.00013209944
7.6864622e-06
0.0001115371
4.6610139e-05
0.00012128633
0.00014231526
0.00015200787
0.00011682162
0.00010398094
8.2377374e-05
0.00012101423
0.00010063315
0.000126175
3.41602e-05
0.00014247649
0.00015408782
3.4340738e-05
0.00014933765
0.00011240652
9.6122365e-05
0.00010203029
9.7505185e-06
2.3592563e-05
7.0427602e-05
2.8096038e-05
0.0001403212
6.4182104e-05
1.986875e-05
1.3198422e-05
2.6145804e-05
6.811061e-06
1.3583436e-05
1.0437437e-05
2.5358839e-05
1.9892795e-05
6.5119543e-05
2.4965713e-05
5.0742458e-05
9.2062031e-05
6.7018181e-06
4.7085548e-05
0.00011391656
7.5665263e-05
8.7820602e-05
0.00010185617
0.0001015027
9.2229035e-05
6.7469653e-06
8.3114238e-05
1.5026338e-05
6.0836675e-05
1.4805954e-05
1.3635415e-05
8.3655158e-05
5.1078586e-05
4.5369782e-05
1.2620963e-05
7.7381025e-05
7.4863871e-05
9.2929736e-05
5.2675523e-05
9.4923376e-05
2.2408115e-05
5.9550528e-05
5.4521359e-05
1.4352702e-05
1.7436568e-05
1.0313758e-05
9.1195421e-06
5.1203085e-05
1.8448386e-05
6.9963867e-06
6.5495511e-05
3.6438839e-05
7.4341121e-05
4.2750381e-05
0.00010221107
6.6907811e-05
1.8638281e-05
1.5718457e-05
3.0299245e-05
8.8183486e-05
5.4688122e-05
6.3025105e-05
9.2422625e-05
0.00012804699
0.00010606908
0.00011102824
1.3677564e-05
1.4789909e-05
9.1203849e-06
2.8246784e-05
3.5003582e-05
8.1821132e-05
0.00012926327
9.6842464e-05
0.00013493719
0.00013080615
0.00013825431
0.00013102463
0.00012456172
0.00011288245
8.100071e-05
9.4151866e-05
8.513478e-05
8.6429298e-05
3.7765667e-05
7.3839185e-05
0.00010093973
0.00011230408
5.2293539e-05
1.3638229e-05
2.7152896e-05
1.4355523e-05
3.264729e-05
4.2099256e-05
3.9637029e-05
3.0830809e-05
7.4543619e-06
7.957925e-05
7.6638771e-05
8.8044133e-05
6.1253766e-05
0.00012904226
8.6718308e-05
7.5470048e-05
6.5122043e-05
7.7911938e-05
1.0876849e-05
2.6749008e-05
1.2478028e-05
5.8597721e-05
0.00013113027
0.00013320734
2.4088813e-05
2.6717289e-05
0.00010561783
6.5633433e-06
1.7865555e-05
9.2687011e-05
4.1063789e-05
0.00010440279
0.00011867436
0.00011979126
8.3293874e-05
0.00012331792
1.9113431e-05
5.8540093e-06
9.4409848e-05
0.00010445376
0.00011059051
0.00013580846
0.00014647021
0.00012595621
0.00010676845
0.00015218432
0.00015454563
0.00012230014
0.00015232785
0.00015505403
1.5807545e-05
1.3850834e-05
6.9822811e-06
0.00011403013
4.7104142e-05
4.6144261e-05
5.2746043e-05
6.3733605e-05
1.5366253e-05
1.1978928e-05
1.3514744e-05
8.0681659e-06
1.232284e-05
1.2403661e-05
8.4090883e-05
0.00010890147
0.00010161231
0.00011941292
5.0709432e-05
8.1798754e-06
4.9489416e-05
8.2036153e-06
1.6383491e-05
4.3214291e-05
5.7604622e-05
4.0816712e-05
1.1745649e-05
1.8564811e-05
0.00010369811
0.00012011032
0.00010124031
0.00011864336
0.00012038958
1.9142981e-05
0.00012386454
0.00011436439
8.9113487e-05
1.0379101e-05
8.2674955e-06
9.8965023e-05
8.3000805e-05
2.0640565e-05
2.1283707e-05
3.0025595e-05
2.930571e-05
8.6749015e-05
4.8736736e-05
1.039978e-05
9.4848254e-06
3.6894529e-05
0.0001072494
5.9605238e-05
1.1197447e-05
9.4867878e-05
9.379036e-05
8.1703562e-05
0.00012874233
0.00012949461
0.0001479409
0.00014663499
6.4305738e-06
7.1560454e-05
8.9808558e-05
8.2340799e-05
1.4143685e-05
0.00010518289
0.00010176855
2.3294776e-05
6.3200167e-05
9.9283649e-05
7.6553995e-06
3.8866411e-05
6.2433294e-05
1.0938833e-05
4.1734368e-05
8.3076907e-06
3.2914077e-05
2.4652861e-05
0.00010913286
3.1834929e-05
7.9225874e-05
2.4881597e-05
5.6333739e-05
3.7700779e-05
0.00013906594
0.00014751984
9.1652984e-05
0.00010809404
0.0001308516
0.00014923904
0.00011255489
9.2215071e-05
3.5065128e-05
1.4275782e-05
0.00010676658
0.00012791529
4.8670548e-05
2.4442322e-05
6.9376459e-05
2.1889805e-05
7.9276956e-05
5.9064505e-05
2.8899316e-05
7.7131835e-06
5.2838449e-05
3.8223241e-05
2.1866881e-05
1.9312965e-05
7.667484e-06
5.5564558e-05
9.8315399e-06
2.9474827e-05
7.3418625e-05
1.070043e-05
2.6198364e-05
4.0798814e-05
0.00011170127
0.00010165513
9.3077571e-05
8.6828813e-05
8.7110247e-05
0.00011397726
1.14026e-05
7.0398338e-05
1.495502e-05
9.6755493e-05
0.00011121056
0.00010645907
3.167723e-05
0.00010612814
6.3061502e-05
8.3850006e-05
0.00011771485
3.7467623e-05
8.8437567e-05
4.1874914e-05
9.4220857e-05
3.4150621e-05
8.3554487e-05
0.00011080631
0.00012508237
7.6574818e-05
9.7880363e-05
0.00012032773
0.00011387284
9.1020479e-06
2.3639727e-05
9.7696624e-06
8.699991e-05
9.3863535e-05
4.3031331e-05
5.7131273e-05
2.2240731e-05
5.5367727e-05
5.7187778e-05
9.8513234e-06
2.6848302e-05
8.0619093e-05
6.4868661e-05
5.5462931e-05
0.00010007704
7.6821032e-05
2.7303325e-05
6.7517687e-05
9.5922071e-05
5.0210821e-05
7.4780358e-05
3.4035481e-05
2.9607295e-05
8.3061197e-06
3.6872469e-05
7.4278783e-05
2.5185781e-05
2.4206976e-05
2.9192909e-05
5.1548818e-05
4.4676473e-05
8.8600876e-05
1.3311866e-05
0.00012272398
2.6255319e-05
8.6718659e-05
2.1744977e-05
1.4564184e-05
0.00010168503
4.9510337e-05
5.076259e-05
1.7978054e-05
0.00014463754
0.00015364556
0.00014489471
0.0001541003
0.00014518868
9.3141037e-06
3.1033245e-05
0.00012790068
0.00013700915
7.7665154e-05
2.7311501e-05
4.7629399e-05
2.0328437e-05
9.0269306e-05
0.00012774757
0.00012103645
3.0591838e-05
0.00010092694
3.2256502e-05
0.00013603138
6.4849201e-05
0.00011729671
0.00012068233
0.00011324377
0.00010915379
9.1054693e-05
0.00012008799
3.4564215e-05
0.0001382809
8.4583981e-05
0.00012081945
0.00011529356
7.3751012e-05
0.00010682284
8.9886989e-06
0.00012381721
0.00013507079
0.00012541406
8.361025e-05
0.0001500432
0.00013122902
1.1616307e-05
4.3420417e-05
1.1860746e-05
5.7329418e-05
0.00014700959
0.00011123929
9.0912889e-06
8.6334339e-06
6.970467e-06
1.4038937e-05
7.5403246e-06
5.1263389e-05
3.1357444e-05
7.3970591e-05
4.3690639e-05
7.0162293e-06
7.6259503e-06
7.4154692e-06
9.3769262e-05
8.5510837e-05
0.0001127003
1.0219753e-05
1.2296055e-05
3.3144074e-05
7.4130088e-05
4.8363828e-05
9.0663098e-05
7.1680335e-05
7.3207315e-05
8.155566e-05
3.0801964e-05
9.0000087e-05
7.2011661e-05
8.2260281e-05
7.4159902e-06
9.8479648e-06
1.1309851e-05
4.2061696e-05
6.4536873e-05
4.3462948e-05
1.9286738e-05
7.8211334e-06
9.5103216e-06
2.0469208e-05
4.5237859e-05
3.4133773e-05
1.5655787e-05
2.1059687e-05
4.3749914e-05
1.5392114e-05
8.2240378e-05
3.2732249e-05
2.9352545e-05
7.9773219e-05
8.4682483e-05
9.1577339e-05
2.7585929e-05
5.5868077e-05
3.2674487e-05
2.9284092e-05
0.00011538546
0.00010859246
0.00011436022
6.9019193e-05
9.8892573e-05
6.7978756e-06
3.683821e-05
1.1221401e-05
8.5022631e-06
4.795696e-05
0.00012829051
8.7049336e-05
3.0444401e-05
3.6130745e-05
6.8636497e-05
2.4531854e-05
0.00010333628
0.00012740698
9.5630752e-05
9.0125793e-05
6.1345227e-05
7.6338847e-06
3.6834059e-05
6.7002225e-05
8.6725092e-06
3.209291e-05
3.2783168e-05
0.00010497003
7.3500817e-05
8.3071855e-05
9.7455167e-05
8.9222263e-05
9.3441344e-05
7.9653434e-05
0.00013612208
9.914695e-05
0.00010151225
9.4742816e-05
0.00013228075
0.00013515109
8.1598029e-05
1.6906571e-05
0.00015342714
0.00012169297
0.00013328459
0.00015585313
0.00011138159
0.00013739777
7.9269552e-05
3.1155173e-05
8.2562567e-05
8.4833583e-06
4.9669961e-05
6.1345619e-05
4.1045719e-05
5.3520601e-05
8.5887567e-05
6.0344772e-05
8.7119861e-06
3.8751078e-05
2.7143718e-05
4.0332685e-05
8.1948441e-05
5.9396125e-05
7.4160194e-05
1.9506478e-05
1.7908183e-05
3.1226315e-05
6.148634e-06
1.2602743e-05
1.6088849e-05
9.8192306e-05
1.3666427e-05
1.5205313e-05
4.5807856e-05
6.581431e-06
0.00012453698
8.8058286e-05
9.612015e-05
2.7118654e-05
6.9647205e-05
0.00013083733
0.000147605
8.2412445e-05
3.0196699e-05
5.1277343e-05
6.2478523e-05
0.00012214111
0.00012172536
0.0001510187
0.00014268734
0.00012391151
0.00015215214
0.00013782846
0.00012556958
7.3544322e-06
2.2483736e-05
1.3892379e-05
2.904263e-05
1.4646615e-05
2.3504927e-05
1.4892035e-05
6.8347464e-05
5.0887771e-05
2.6959155e-05
5.4508227e-05
2.7266965e-05
5.3157969e-05
1.863814e-05
4.6221204e-05
7.2679681e-06
1.8232783e-05
0.00011384188
6.4323084e-05
7.9919564e-05
9.4758911e-05
3.6966992e-05
1.5523928e-05
4.9786378e-05
6.0383386e-05
9.1668608e-06
4.9310085e-05
7.0392645e-06
9.3145398e-05
0.0001104397
4.5668258e-05
0.0001080404
7.5703878e-05
2.4281823e-05
0.00010065608
4.3187978e-05
0.00011658339
2.7009619e-05
5.3560695e-05
0.00011288445
0.00011615793
0.00011641373
0.00010629501
9.8511085e-05
0.00011735916
2.2545932e-05
8.0841805e-05
3.7230675e-05
6.7498663e-05
4.6999647e-05
1.2716963e-05
8.8349776e-06
7.4732496e-06
3.1981819e-05
3.7645751e-05
1.1476911e-05
7.711859e-06
1.1829115e-05
7.5175461e-05
7.4835758e-05
8.0852681e-05
0.00011563008
0.00012554076
0.0001492996
0.00012662744
0.00014718737
0.00013995251
7.8512147e-06
1.74481e-05
3.9136139e-05
5.8530059e-05
8.99782e-06
8.0238866e-05
0.00010971676
0.00012898486
8.6317225e-05
0.00013391188
0.00011256432
2.9536732e-05
6.1425943e-05
4.2174304e-05
2.552181e-05
6.5756085e-05
1.7740386e-05
3.9258832e-05
7.796283e-05
6.2487623e-05
7.7379575e-05
8.4320873e-05
9.2028764e-05
1.4687636e-05
1.7580619e-05
8.7155995e-06
3.9230003e-05
5.3560671e-05
8.0801511e-06
2.5319668e-05
7.0078904e-05
3.3486256e-05
6.912372e-05
0.000100169
0.00010966529
2.939718e-05
8.8749745e-05
9.4418838e-05
5.5407117e-05
3.6143657e-05
8.9681007e-05
2.3864655e-05
2.6345231e-05
2.6694098e-05
8.3604606e-05
3.8571201e-05
8.8853903e-05
1.4022208e-05
1.3388663e-05
2.7619509e-05
7.311047e-06
6.7670529e-06
6.0776162e-06
1.35973e-05
4.5151985e-05
8.8143711e-05
1.4087619e-05
2.9796583e-05
7.3452879e-05
6.3459358e-06
2.8593243e-05
1.5002847e-05
7.6965158e-06
7.7800355e-05
5.213106e-05
3.466929e-05
8.991018e-05
5.4673486e-05
6.9786272e-05
6.6149405e-05
3.3082421e-05
1.4516246e-05
7.0882648e-06
7.7354808e-05
2.0581814e-05
9.4773244e-06
6.5482974e-05
1.9581368e-05
5.3515247e-05
1.4109965e-05
1.308094e-05
2.983294e-05
6.9641457e-05
5.2320191e-05
1.6994571e-05
0.00014047496
6.3359263e-05
0.00013360988
3.0756183e-05
7.162946e-05
2.4998226e-05
7.0404098e-05
2.7383215e-05
1.7536474e-05
6.8405902e-06
0.00014127947
0.00010278677
0.00012715286
0.00012342577
0.00013646585
0.0001051133
0.00014039134
9.705486e-05
9.010578e-06
5.903519e-05
1.8039188e-05
4.0017834e-05
0.00015090673
0.00015003756
0.00015299065
3.4846695e-05
0.00014961037
0.00013752927
0.00011327378
3.5325131e-05
7.7977118e-05
1.7736442e-05
2.1041135e-05
5.8707674e-05
1.1086617e-05
7.1166547e-05
9.637112e-05
0.00011377718
6.9693842e-05
2.3673013e-05
8.39695e-05
9.3242526e-05
8.0369235e-05
0.00011640989
7.9325194e-05
2.2607641e-05
9.5150024e-05
0.00012930909
0.00010284603
0.00011878853
0.00013568947
0.00014300376
0.00011877674
0.00015305251
0.00011658109
0.00011555556
0.00013427561
9.950135e-05
0.00014698172
0.00010657897
0.00012530197
0.00013535957
0.00015338139
0.00013302106
0.00014725056
0.00014314945
7.9295039e-06
2.0515306e-05
2.471334e-05
4.9529383e-05
0.0001071239
9.2027319e-06
2.6812031e-05
6.9874959e-06
0.0001083058
4.4250435e-05
5.9350106e-05
0.00010831029
7.6854412e-05
2.1497839e-05
5.5724161e-05
2.9306977e-05
0.00010870131
5.3434165e-05
5.4950025e-05
0.00011145638
0.00011534897
8.5403195e-05
7.0219822e-05
0.00011752436
2.33064e-05
2.9740397e-05
1.9213512e-05
2.4944396e-05
1.0478156e-05
6.9081825e-05
5.4515614e-05
2.2898956e-05
2.8230002e-05
1.2941963e-05
6.341074e-06
1.3273142e-05
2.4429194e-05
2.7533877e-05
4.3122029e-05
4.3651952e-05
2.892599e-05
3.4507145e-05
6.6008889e-06
6.8178587e-06
0.00013632094
0.00013358492
0.00012516081
0.00014404264
6.303426e-05
5.1025291e-05
4.7937702e-05
7.302255e-05
3.3169825e-05
9.8651962e-05
9.0546445e-05
9.3242184e-06
0.00011285592
0.00013139586
0.00012076297
0.00013517345
7.9254185e-05
0.00010703289
9.7668745e-05
3.6953206e-05
0.00010865221
5.4380026e-05
9.8812149e-05
7.5908618e-05
0.00012784477
0.00010167309
0.00013531833
6.0263577e-05
8.8596248e-06
3.8923625e-05
0.00013056841
1.7511728e-05
5.1060172e-05
5.1534614e-05
3.1736328e-05
2.8507677e-05
3.5361178e-05
3.6759076e-05
7.3029919e-05
8.2186377e-05
0.00010280712
2.6935551e-05
6.3783044e-06
4.9558279e-05
4.5470942e-05
0.00012320908
0.00010004538
9.4700059e-05
8.4401626e-05
3.3671624e-05
0.00012310764
6.0551083e-05
0.00010088536
6.8172066e-05
0.00011922953
0.0001595659
0.00014081039
0.00015183636
0.00012220852
0.00013695454
9.5815922e-05
0.00012259848
0.00013214641
0.00012204785
8.9224665e-05
0.00015029501
8.9773882e-05
9.6526024e-05
0.00015184308
9.4833162e-05
0.00010609128
0.00015706
0.00013911181
0.00012718597
6.2008043e-05
0.00010576435
8.3874416e-05
8.1561563e-05
6.2711027e-05
0.00011012104
8.585657e-05
0.00010080736
1.5522391e-05
3.7880032e-05
3.8713374e-05
1.6419246e-05
7.952404e-05
3.1357315e-05
3.6510002e-05
7.4644749e-05
2.0853717e-05
3.242441e-05
8.264354e-05
2.5876856e-05
6.6383195e-06
1.7491925e-05
5.5095139e-05
2.2365796e-05
9.0908144e-05
7.9136723e-05
9.0980764e-05
0.00012584567
7.9463142e-05
6.6135575e-05
0.00014302919
8.1635203e-05
0.00010613534
0.00012728279
7.4152661e-05
5.4343052e-05
0.00013580448
4.954246e-05
7.9324214e-05
6.3983263e-06
1.6835233e-05
6.9974639e-06
6.8443888e-06
1.4454339e-05
2.71433e-05
4.6273074e-05
6.527117e-05
1.9217047e-05
3.4596597e-05
1.2808974e-05
8.1647441e-05
7.60995e-06
2.7099037e-05
0.00012418936
0.00011371403
9.1697042e-05
8.1524168e-06
8.0002058e-05
4.3123078e-05
2.2971351e-05
4.8301012e-05
2.0414734e-05
2.9887866e-05
3.6269659e-05
1.8278834e-05
0.00010340234
9.6015347e-05
0.00010622204
5.088984e-05
9.3940967e-05
9.7641941e-05
2.3917024e-05
5.9665221e-05
7.6255493e-06
0.00012209868
9.0999332e-05
9.2166114e-05
1.3658395e-05
7.4397232e-06
2.0102203e-05
3.0596429e-05
5.5091868e-05
2.8386741e-05
0.00011575231
0.00012169529
9.8821396e-05
3.7412011e-05
8.8757656e-05
3.275398e-05
7.157432e-05
2.6033109e-05
6.3417574e-06
1.3309112e-05
1.533745e-05
8.6140673e-06
3.0917528e-05
3.9469379e-05
8.3669761e-05
0.00011001073
6.8052268e-05
0.00012560869
7.5309016e-05
2.0978992e-05
3.3711182e-05
0.00010617537
4.3466421e-05
0.00013462346
7.4566463e-05
6.2436283e-05
4.0965554e-05
5.7315492e-05
1.9320965e-05
0.00011728023
6.5511447e-05
9.8575807e-05
8.308042e-05
8.4281965e-05
0.00011148132
1.9508061e-05
2.4058853e-05
5.8908718e-05
0.00010708967
0.00013628933
0.00013466781
0.0001226505
7.2029766e-05
0.00013652702
0.00012935162
7.9040034e-05
9.6835078e-05
2.5479343e-05
0.00015755207
0.00013055012
6.7616521e-05
0.00015361778
0.00014561134
0.00015813985
0.0001447347
0.00014782408
9.7165138e-05
0.00011687316
9.8295216e-05
5.9453002e-05
6.7004813e-06
4.0511886e-05
1.6523295e-05
7.3274948e-05
1.3438844e-05
6.3655921e-05
5.1245305e-05
1.7411701e-05
8.4797484e-05
4.6021453e-05
1.7645125e-05
4.5569294e-05
0.00012028152
4.0951132e-05
0.00012416776
9.8749884e-05
2.5788261e-05
6.5007467e-05
3.7683565e-05
8.3552665e-05
4.5916366e-05
1.5734544e-05
0.0001485796
2.0017737e-05
1.8287373e-05
0.0001510922
1.1859695e-05
0.00011447735
0.00013283485
7.8830681e-05
6.5493404e-05
6.7267947e-06
1.6950052e-05
0.00011677314
0.00014581439
3.0475044e-05
3.4096138e-05
9.4473784e-05
0.00010369565
0.00011357798
0.00011549998
3.5721514e-05
9.8916456e-05
9.3258794e-05
0.00010348855
0.00011120973
0.00011762703
1.9051893e-05
1.3501413e-05
1.9389771e-05
3.7272918e-05
2.3629979e-05
7.0257213e-06
7.3815547e-05
7.9946057e-05
6.3335716e-05
2.3092752e-05
3.1621582e-05
2.7955098e-05
2.8119278e-05
0.00010673271
6.730792e-05
8.9127609e-05
5.4928387e-05
1.1105109e-05
1.2965293e-05
0.00010893395
0.0001012539
5.4361916e-05
2.4116889e-05
8.4069555e-05
5.2257071e-05
2.9158872e-05
8.2974827e-06
0.0001101634
0.00011716607
0.0001140185
0.00011130696
2.520945e-05
7.8978852e-05
7.5085707e-05
1.8876805e-05
0.00011728918
0.00010408693
0.00012562376
0.0001121309
1.3224182e-05
1.6679346e-05
6.0592696e-06
3.9559622e-05
4.9769106e-05
1.5755562e-05
2.153299e-05
5.478877e-05
4.4208892e-05
0.00011781801
8.2429347e-06
1.114485e-05
7.7581253e-06
9.5518171e-05
7.4477925e-05
3.8822895e-05
4.2489231e-05
3.6562258e-05
8.1412766e-05
3.350416e-05
7.1631259e-05
4.1906505e-05
6.0884556e-06
2.3416658e-05
7.1752644e-06
6.6782036e-06
6.7981334e-06
3.1134574e-05
7.0401019e-06
3.7138893e-05
6.6650228e-06
3.0425793e-05
1.3575852e-05
1.381791e-05
5.8085016e-05
3.0432815e-05
2.8327325e-05
1.0299871e-05
5.538788e-05
3.9769059e-05
4.3659189e-05
2.1731097e-05
5.4896471e-05
6.8875309e-06
4.3137951e-05
1.8028665e-05
3.3707835e-05
0.00011162629
0.00012162001
0.00010191227
4.7572805e-05
0.00014896832
0.00014993549
3.2234236e-05
0.00014023868
0.00012106201
1.0062502e-05
0.00014163853
0.00011636632
0.00010167901
7.9632463e-05
2.5675195e-05
1.7979778e-05
8.1359427e-05
1.2318104e-05
3.8901265e-05
2.6855991e-05
3.8663824e-05
2.819673e-05
8.9217654e-05
4.2174454e-05
4.8505687e-05
1.3832885e-05
6.927575e-06
0.00013188888
0.00013980137
0.00013401514
0.00010915459
5.7364233e-05
0.00010744662
7.2880972e-05
9.5464673e-06
6.5859313e-05
1.2641662e-05
8.1372388e-05
3.3357738e-05
7.2059635e-06
4.1169186e-05
9.4844748e-06
7.400721e-05
9.9531152e-05
7.5432737e-05
5.2290724e-05
4.2651145e-05
7.724729e-05
8.493175e-06
0.00012926183
0.00013087905
0.00011080139
9.0831901e-06
7.8918862e-06
2.7357479e-05
6.6516022e-05
3.0928203e-05
2.8470055e-05
3.1775787e-05
0.0001352792
0.00012914163
9.0230498e-05
7.6042693e-05
7.0415883e-05
0.00012921978
0.00013863954
0.00012470948
2.1823698e-05
2.8964963e-05
1.1590028e-05
4.8834809e-05
1.5875632e-05
7.6885902e-06
2.8153766e-05
1.9796169e-05
5.2525592e-05
5.1873775e-05
7.6881297e-05
8.4883381e-06
1.9809032e-05
0.00010756527
4.4140395e-05
5.6925662e-05
0.00011719527
9.3632439e-05
4.0297662e-05
8.5039332e-05
5.4488554e-05
6.4726273e-05
8.0513356e-06
8.2286951e-06
1.6345986e-05
0.00011986042
9.9826494e-06
9.5913601e-05
7.0568963e-05
3.8299487e-05
7.581561e-05
2.1215883e-05
5.4016885e-05
2.3321538e-05
5.7978026e-05
7.3202649e-05
7.5750668e-05
2.3348987e-05
1.508283e-05
2.989703e-05
0.0001175295
8.047955e-05
6.47523e-06
1.3408664e-05
1.4774834e-05
4.0963341e-05
0.00011454134
0.00010414883
0.00011500785
0.00010154358
0.00012300923
7.8127393e-05
0.00010795272
4.9914417e-05
9.266621e-05
8.7800832e-05
3.0176169e-05
3.2268365e-05
8.0001901e-05
9.599011e-05
8.6492999e-05
4.8466532e-05
1.3904548e-05
1.0023001e-05
4.7412107e-05
6.0300554e-05
1.450145e-05
2.7745628e-05
3.2614066e-05
8.1500827e-06
0.00012855774
8.3226841e-05
7.5446218e-05
1.3567071e-05
6.9976855e-06
2.5066533e-05
0.00010407188
9.8595991e-05
0.00011644068
8.4842011e-06
4.4347127e-05
5.7791496e-05
9.3977003e-05
3.2205656e-05
0.00010243867
1.870186e-05
7.1032215e-05
5.2264698e-05
1.4503665e-05
7.217594e-06
9.9115538e-05
0.00011094051
4.2933421e-05
1.2829169e-05
0.00012109627
0.00010535914
6.5375297e-06
9.8119205e-06
4.3126151e-05
1.652442e-05
6.4993624e-05
0.00014026959
0.00011922577
3.5070408e-05
1.9844989e-05
2.7794238e-05
9.0005608e-05
7.2860711e-06
2.0294476e-05
9.6851492e-05
0.00010292668
7.8283264e-05
0.00013598213
0.00011599636
0.00011980949
0.00011978505
0.00014275994
8.425006e-06
6.2811045e-05
2.8530508e-05
0.0001205083
0.00010600743
9.5123356e-05
6.2377468e-05
8.9714628e-05
1.3786628e-05
7.2362709e-06
0.00012080859
7.2366867e-06
1.3787044e-05
0.00013445684
0.00014678128
9.1819023e-06
1.2140423e-05
3.9898737e-05
9.0824633e-05
0.00011199423
9.1329947e-05
0.00011143611
3.2919101e-05
2.0590966e-05
8.9356107e-05
4.4312515e-05
7.3682779e-05
7.9173382e-05
4.0194257e-05
3.681223e-05
2.7041138e-05
1.9939115e-05
7.8897269e-05
3.0921667e-05
5.1985629e-05
1.8529667e-05
1.8979116e-05
6.5463544e-06
3.3800129e-05
8.4372433e-05
9.0122285e-05
3.1883716e-05
2.6287915e-05
3.3039215e-05
8.7789247e-05
3.3047534e-05
0.000140372
0.00012489509
2.6627514e-05
2.5109429e-05
1.0559743e-05
6.2686272e-05
9.3111077e-05
0.0001290243
0.00014950719
2.5184957e-05
2.4858609e-05
6.2643851e-05
6.912681e-05
7.5410896e-05
9.477273e-05
0.00010093647
2.3018327e-05
4.6494818e-05
1.3849558e-05
8.4821166e-05
1.6435373e-05
9.0746382e-05
4.6908946e-05
1.2958949e-05
5.0595487e-05
1.3293029e-05
0.00010466811
0.00015358613
4.7393984e-05
5.3290154e-05
2.0346319e-05
7.4748927e-06
1.9098349e-05
6.8168578e-06
5.798663e-05
2.695481e-05
7.2905433e-06
2.6918509e-05
6.010747e-05
0.00012119536
0.00013113164
0.00011949833
9.3528974e-05
8.2640566e-05
2.5725591e-05
7.4308327e-05
3.0624794e-05
1.005092e-05
6.6838272e-05
4.8717339e-05
4.4723483e-05
5.4085903e-05
0.00011249862
7.4030358e-05
5.4128876e-05
0.000113469
7.5969474e-05
7.0774748e-06
2.4861006e-05
7.7301683e-06
6.5655931e-05
5.0275683e-05
1.00521e-05
2.1675557e-05
0.00010649562
8.5078085e-05
0.00013742481
0.00013538092
1.8145392e-05
6.2325092e-05
0.00012655194
5.1885708e-05
0.00014309402
9.0686904e-05
0.00015270942
0.00014708734
4.3143678e-05
0.00013933675
0.00015347745
6.5143917e-05
0.00011732852
1.8445481e-05
0.00014423425
3.7757562e-05
1.2492914e-05
0.00012173195
4.6438191e-05
0.00014858641
0.00014322705
2.788208e-05
4.214369e-05
1.5556188e-05
2.6924292e-05
8.1614362e-05
7.9967335e-05
3.6271629e-05
6.4399754e-06
1.2648344e-05
2.2708912e-05
2.4684228e-05
1.4165109e-05
3.3995994e-05
2.5018894e-05
6.789929e-05
2.8403482e-05
5.1237599e-05
2.2131245e-05
0.00011233838
3.6351135e-05
5.725486e-05
9.058338e-06
1.1168561e-05
2.7188043e-05
0.00013102725
9.2638387e-05
0.00010257465
0.0001334302
1.7006643e-05
4.1227012e-05
1.2775928e-05
0.000109424
0.00010900234
0.00014961298
0.00015485397
0.00014972779
8.0612849e-05
1.303948e-05
9.0801842e-06
4.3488148e-05
8.6295978e-05
6.0092107e-05
8.6414448e-05
8.706078e-05
0.00015615854
0.00015235461
0.00015584519
0.00015448637
9.3355624e-05
0.00011472054
9.4570844e-05
4.8937263e-05
2.2702346e-05
2.3019063e-05
7.2736435e-06
8.8600001e-06
0.00010174091
4.6277717e-05
5.4946263e-05
0.00010747312
5.8898034e-05
8.5897097e-05
4.6700042e-05
0.00012564151
4.3664477e-05
1.4825424e-05
0.00010404864
7.9867657e-05
4.9250739e-05
2.6181137e-05
1.3599482e-05
0.00012999952
0.00010911618
0.00014067451
0.0001116309
0.00011327029
3.1309715e-05
8.8498512e-05
7.5887382e-05
0.0001458391
0.00015008053
0.00010006987
6.3564354e-06
1.3694102e-05
6.5477789e-06
1.5277073e-05
7.1405063e-05
3.9122835e-05
5.6035057e-05
0.00015112029
0.00013379
0.00010085471
9.6704799e-05
4.0108768e-05
1.9893034e-05
1.1300866e-05
7.9424066e-05
5.7609125e-05
2.6707268e-05
2.8596243e-05
1.3038209e-05
1.5228881e-05
4.8395755e-05
2.9313936e-05
1.1786344e-05
3.5535684e-05
4.5600167e-05
0.00013554596
0.00014540622
0.00011910468
0.00014665527
2.1743665e-05
0.00013685573
0.00012817116
2.1241561e-05
0.00014632871
0.00013477956
0.00012179923
6.6372819e-06
2.8032148e-05
8.069136e-05
5.6001756e-05
8.5213691e-05
4.0972625e-05
9.7489187e-06
2.2904202e-05
1.1745207e-05
8.4098517e-05
9.0147619e-05
7.0126352e-05
9.8522521e-05
3.8616245e-05
0.00010871989
0.00010754832
9.7584232e-05
6.9504397e-05
4.0027274e-05
5.8495638e-05
0.0001153629
0.00010675919
9.0774813e-05
0.00010741858
0.0001158818
3.3356067e-05
3.4511838e-05
1.0962148e-05
7.3400721e-05
8.3097182e-06
6.3553749e-05
0.00012807168
5.592221e-05
0.00013133116
0.00011456272
0.00015043446
0.00013823532
0.00016289932
0.00016278096
0.00012796218
0.00019175218
9.1319073e-05
9.6815331e-05
5.4999477e-05
6.2838467e-05
8.4388919e-06
2.4819535e-05
8.7441633e-05
9.3643068e-05
5.1895879e-05
4.6228021e-05
0.00012468751
6.8727192e-06
9.092935e-06
1.7647022e-05
2.7687566e-05
1.9302608e-05
9.6446129e-05
4.6891244e-05
5.8522881e-05
9.2693545e-05
1.4690074e-05
1.1956473e-05
9.9436403e-06
3.8189738e-05
1.0579327e-05
7.0962805e-05
7.7590511e-05
1.0731075e-05
5.537e-05
8.3606954e-05
3.0064538e-05
7.7537337e-05
1.3417084e-05
7.9903628e-05
6.8025863e-05
2.3206761e-05
1.9522825e-05
4.2461916e-05
6.2042902e-05
4.2274134e-05
2.0232193e-05
7.1248412e-05
9.640395e-05
5.3942535e-05
0.00010108843
4.6285444e-05
2.6501199e-05
2.06078e-05
7.4663011e-06
0.00012331107
0.00011172147
0.00013407398
1.7626254e-05
1.5069109e-05
1.2123328e-05
8.3983577e-05
9.1680552e-05
1.3182148e-05
5.0782038e-05
5.441868e-05
2.2067761e-05
1.8545691e-05
1.1580354e-05
6.6005088e-05
7.3227508e-06
9.8662728e-06
1.3461925e-05
7.598554e-06
6.0417372e-06
2.2012262e-05
0.00012175726
0.00012408993
5.5129421e-05
0.00010384364
1.7889337e-05
3.1803484e-05
9.2648726e-05
8.5963062e-05
3.4534205e-05
2.627383e-05
8.942763e-05
3.2712168e-05
7.8318669e-05
2.3458603e-05
2.4926368e-05
6.5068731e-05
8.6165204e-06
1.1134466e-05
2.7589318e-05
8.9317773e-05
4.9205308e-05
6.137469e-05
0.00015533592
2.1339431e-05
0.00014892899
0.00014454839
0.00015431202
0.0001447215
0.00012402044
0.00012498334
9.9745465e-05
6.9178058e-05
2.6026421e-05
5.6790066e-05
6.4165454e-06
6.6824559e-06
6.7486854e-05
6.5358734e-05
4.3456704e-05
2.4044858e-05
1.4070372e-05
1.9939121e-05
2.7219786e-05
4.8979745e-05
0.0001036856
4.5741131e-05
0.00010935884
4.7009926e-05
6.1071053e-05
3.7665114e-05
9.8794504e-05
5.0530674e-05
7.6527328e-05
7.8061874e-06
2.8175389e-05
3.1182966e-05
7.5383999e-05
1.5855968e-05
0.00013716063
1.6209675e-05
1.1473135e-05
3.2797e-05
8.1907945e-05
0.00010162929
2.5265984e-05
3.3512439e-05
0.00014801927
1.0623674e-05
4.7957501e-05
9.1915034e-05
2.1751127e-05
3.2280181e-05
2.008561e-05
0.00012394922
0.00018672563
0.00017561096
9.8235894e-05
2.7178147e-05
1.3591181e-05
8.1823322e-05
2.5592723e-05
7.9103584e-05
4.5103228e-05
0.00015882026
0.00015006813
3.0614361e-05
9.857459e-05
0.00012925384
5.6845805e-05
1.3504607e-05
9.6483826e-05
6.3794514e-05
2.6002228e-05
1.5086055e-05
2.569811e-05
5.7576674e-05
5.1961877e-05
2.4218593e-05
1.9007269e-05
4.8916326e-05
3.8526962e-05
7.4036092e-05
7.0051929e-05
2.9220495e-05
8.0782514e-06
9.2015728e-06
2.0588158e-05
9.880294e-05
0.00010257531
8.9531474e-05
4.5112926e-05
9.035998e-05
4.0136859e-05
3.7743878e-05
9.7155382e-05
1.5204881e-05
1.4522684e-05
2.6063709e-05
7.5121655e-05
2.3403898e-05
3.3231146e-05
9.0595857e-05
6.3505382e-06
2.1374548e-05
1.2430395e-05
6.6314902e-05
9.2344111e-05
7.3331821e-05
0.0001029947
9.4571576e-05
0.00011763964
5.2046823e-05
4.0931532e-05
5.2570033e-05
8.7432894e-05
3.2707597e-05
3.2878338e-05
2.7699141e-05
1.6087897e-05
2.3192814e-05
9.6062377e-06
1.034676e-05
0.00013802783
4.192321e-05
2.3239369e-05
9.8903368e-05
1.9404154e-05
5.296876e-05
4.2942908e-05
0.00015451922
1.1395829e-05
6.1637769e-05
1.7855563e-05
4.8423624e-05
9.3144358e-06
6.5277599e-05
0.0001021544
9.3025213e-05
5.2306834e-05
1.7430605e-05
5.1153385e-05
1.3896687e-05
6.4468008e-06
8.9537853e-05
1.8061025e-05
8.6394788e-06
2.724492e-05
2.6635419e-05
3.3453451e-05
6.7590305e-05
4.6036124e-05
4.9613775e-05
8.4126001e-05
2.0563995e-05
6.0150158e-05
9.3159473e-05
7.9314646e-06
1.2710964e-05
6.4150204e-06
2.3800355e-05
0.00015550489
7.1520651e-05
3.5917981e-05
6.7947283e-05
0.00015296709
2.8963675e-05
3.6392245e-05
0.00013550206
3.2284264e-05
6.1670137e-06
1.5198246e-05
0.00014921654
2.5038935e-05
2.1609338e-05
6.6683099e-06
1.7520421e-05
2.7251008e-05
3.1155229e-05
4.9341775e-05
1.1554328e-05
2.6463605e-05
1.4152231e-05
7.2399378e-05
8.0094546e-05
2.0198278e-05
2.1078181e-05
7.2300093e-06
8.6534973e-06
3.1164102e-05
9.0800112e-05
7.9071037e-05
9.7096333e-05
2.8889826e-05
2.1171836e-05
9.5621698e-05
9.9859078e-05
6.7074582e-06
0.00016549246
0.00015155058
3.4534012e-05
1.7274031e-05
7.7521014e-05
2.2236696e-05
2.1443486e-05
0.00012815259
0.00014630877
2.1099786e-05
2.8240827e-05
1.4355181e-05
7.6606381e-05
0.00010269356
9.9796161e-05
9.3679027e-05
1.6592598e-05
6.0077768e-05
5.4185814e-05
2.3563021e-05
5.096584e-05
2.9206898e-05
6.0196662e-05
2.0110042e-05
0.000150465
4.2414202e-05
2.3066484e-05
6.8299472e-05
0.00010894446
8.1093315e-06
9.9425977e-06
2.0832982e-05
2.331487e-05
5.2770726e-05
9.6952287e-05
5.5240774e-05
3.5873211e-05
3.6410009e-05
0.00014095976
0.00014486216
4.3361691e-05
7.0201689e-05
0.00010167538
0.00011666501
0.00016111149
5.3221077e-05
0.00012419089
6.2221936e-06
1.3616761e-05
1.4363838e-05
2.6296155e-05
5.2579629e-05
4.7416029e-05
6.7036588e-05
1.7441317e-05
1.9826783e-05
2.6669957e-05
1.22587e-05
1.1448916e-05
8.1731599e-05
4.2227905e-05
4.2525317e-05
1.3113149e-05
8.7066589e-05
5.9235427e-05
2.2251646e-05
3.8649345e-05
8.6159259e-06
6.8918772e-05
3.8535008e-05
8.3364858e-05
0.00010911739
3.1475192e-05
4.0462595e-05
6.2980217e-05
3.3954872e-05
4.4982534e-05
1.0923828e-05
0.00012842914
7.4347129e-05
0.00013513432
5.9848212e-05
6.4169078e-05
3.9814742e-05
6.451643e-05
3.0016744e-05
1.2006439e-05
7.8015548e-05
9.2459826e-05
9.606812e-05
6.3213132e-05
4.3741242e-05
9.6196971e-05
7.7085525e-05
4.7412417e-05
1.4913907e-05
6.6296388e-05
7.250113e-05
2.3441385e-05
5.4387795e-05
6.069821e-05
8.9659315e-05
4.0428137e-05
8.6137286e-06
2.0653306e-05
2.1521542e-05
0.0001305252
0.00015181167
5.6219699e-05
0.00011680591
4.4538249e-05
3.3583036e-05
1.2887854e-05
1.4506599e-05
6.1800059e-05
1.0425586e-05
3.5918808e-05
7.4952136e-05
1.4275646e-05
1.8808881e-05
1.8186561e-05
2.4069005e-05
2.7982686e-05
8.3179707e-06
7.3260784e-05
8.2576579e-05
0.00010396852
3.2575536e-05
9.8954614e-06
2.1581861e-05
1.1440916e-05
2.2882691e-05
7.9809128e-06
2.1577719e-05
1.3466008e-05
9.3154586e-05
2.2365682e-05
2.3202804e-05
1.0378852e-05
4.0161971e-05
0.00010419837
4.1796042e-05
9.8784031e-06
2.6627201e-05
1.3037528e-05
2.4908487e-05
1.2205426e-05
3.1285775e-05
1.814686e-05
2.8635185e-05
1.3715388e-05
2.7839021e-05
6.4661587e-06
4.9299698e-05
0.0001162569
5.177891e-05
5.2742874e-05
1.748465e-05
8.9530928e-06
1.0685319e-05
2.1566751e-05
9.746119e-06
5.0785093e-05
9.9057671e-05
3.3761349e-05
8.5175858e-05
8.1604297e-05
0.00012804558
1.3145674e-05
1.0361124e-05
8.8974424e-05
9.6435212e-06
0.00013301723
2.2931342e-05
2.9058588e-05
9.9966259e-06
6.0213772e-05
2.0126127e-05
9.3279428e-06
3.9489739e-05
2.7248402e-05
1.382921e-05
1.6015468e-05
9.8612111e-06
6.373279e-05
4.4777095e-05
4.8164163e-05
9.4230865e-05
2.9181896e-05
5.1962358e-05
9.428863e-06
9.0582727e-05
8.8056427e-05
7.7187614e-05
7.1458198e-05
3.1610414e-05
8.6465676e-05
2.8244052e-05
0.00014369787
0.00011818346
3.5248513e-05
0.00014615242
2.9943813e-05
0.00013583609
8.3031304e-05
0.00012655114
2.5585946e-05
8.7543234e-06
7.2317254e-06
1.3682358e-05
2.6662101e-05
5.9199068e-05
1.8895251e-05
3.9455197e-05
5.6350484e-05
1.9111869e-05
6.0447055e-05
7.6347894e-06
1.6940015e-05
9.5107832e-05
0.00011758481
8.2280484e-05
7.7106923e-05
3.1423969e-05
0.00015018639
3.1400211e-05
7.9687753e-05
9.8904476e-05
8.2017962e-05
4.3089095e-05
9.7494158e-06
2.4560693e-05
5.0555203e-05
9.2136138e-06
8.0716045e-05
7.0154979e-05
5.8172914e-05
1.2380728e-05
0.00011682084
3.7929135e-05
0.00015729197
4.1312127e-05
0.00010480429
0.00014197403
0.00011917252
4.9162635e-05
4.4057084e-05
9.6162897e-05
0.00010827311
3.6707476e-05
8.723148e-06
3.6556759e-05
5.0788361e-05
2.2579621e-05
4.0828001e-05
2.0138301e-05
0.00012703217
2.8923005e-05
0.00011594164
8.2834235e-05
7.2926733e-05
1.1356421e-05
0.00012358528
2.2349002e-05
4.2515508e-05
3.5387256e-05
9.2062077e-05
9.26998e-05
9.8705786e-05
0.00010128883
7.7348551e-05
1.4773526e-05
3.9755589e-05
3.7275792e-05
0.00011730578
0.00010074329
6.4155969e-05
9.6494997e-05
1.9780404e-05
7.1623391e-06
3.4057631e-05
2.7503553e-05
1.0390449e-05
7.2173578e-05
2.759807e-05
6.0809564e-05
1.3366641e-05
8.1524341e-06
8.5810533e-05
1.4324756e-05
1.0355394e-05
8.667346e-05
4.7018692e-05
2.6149629e-05
5.7118738e-05
1.5771268e-05
2.0854129e-05
6.5461763e-05
1.3179713e-05
6.9660586e-06
6.5622946e-06
1.3849254e-05
1.4142887e-05
7.4139183e-06
3.8971143e-05
5.4138215e-05
7.199935e-05
1.9655841e-05
6.638001e-06
7.7213851e-05
4.3976316e-05
6.6059311e-05
4.7304353e-05
2.9854368e-05
5.2910855e-05
4.9433092e-05
6.6124922e-05
0.00010327736
3.9143578e-05
6.8525862e-05
0.00010778618
2.9622304e-05
0.00012117908
4.2344375e-05
0.00011655675
5.7165743e-05
9.3349271e-05
7.059941e-05
0.00010279893
0.00011475506
0.00010410613
5.4929214e-05
6.8834663e-05
6.031469e-05
5.7386826e-05
1.7449622e-05
5.7567477e-05
2.0791075e-05
3.2167221e-05
1.5744484e-05
3.9144558e-05
2.189258e-05
0.00010484406
2.8900933e-05
2.3106682e-05
5.7744114e-05
0.00012922283
1.873139e-05
7.712125e-05
7.081896e-05
4.4226511e-05
8.5291647e-06
6.0117098e-05
3.5005375e-05
0.00013077175
0.00012334353
6.2899942e-05
2.3652825e-05
0.00012175068
1.4595015e-05
0.0001293877
0.00013044543
0.00013136558
6.8327157e-05
7.5836463e-06
0.00014887307
2.2149043e-05
8.7952028e-05
2.4985197e-05
3.0388811e-05
0.00011878877
5.5211502e-05
2.7770899e-05
7.2771899e-05
9.8424014e-05
1.1262237e-05
1.6666123e-05
3.7945214e-05
5.1783036e-05
0.00011681294
0.00012558967
3.5752925e-05
5.0025771e-05
3.7303928e-05
2.6543342e-05
6.3747563e-05
6.1508233e-05
8.9040311e-05
1.819726e-05
8.9967985e-06
9.0326926e-05
5.2615537e-05
0.00012114868
8.6401872e-05
6.8050984e-05
1.8425828e-05
0.00011621421
0.00011169749
1.1031792e-05
6.9991627e-05
0.00011226869
2.7454339e-05
0.00013364244
5.2247025e-05
0.0001099291
0.00013169465
0.00010906854
0.00010122711
4.0356685e-05
2.5325577e-05
1.3992686e-05
0.00011286929
0.00012026836
7.1996402e-05
9.8982765e-05
5.5996957e-05
2.9799572e-05
2.4569956e-05
1.1093071e-05
8.154201e-06
7.4620521e-05
0.00010471683
2.612971e-05
0.00012636598
0.00011826936
4.3538806e-05
1.1000491e-05
4.040983e-05
7.160332e-05
1.9294791e-05
0.00011715555
6.3057997e-05
0.00012112453
4.8455065e-05
0.00010079273
1.1600184e-05
2.6893354e-05
8.9523891e-05
5.9805466e-05
0.00013431953
9.9624051e-05
0.00010780281
1.979211e-05
1.0569035e-05
0.00012974543
2.7741936e-05
3.3812474e-05
7.8020951e-06
2.5698905e-05
0.00011985548
1.441566e-05
0.00010056307
9.8078669e-05
3.2841891e-05
2.3159915e-05
0.00013634686
4.0622045e-05
8.8841897e-05
3.7075885e-05
8.6279788e-06
0.00010432591
3.9972275e-05
0.00012065544
0.00012581465
1.6104798e-05
3.1429625e-05
3.8650633e-05
5.6066678e-05
0.00010932744
5.2782145e-05
5.2661407e-05
6.7141527e-05
1.579646e-05
1.9703098e-05
4.1624262e-05
3.5646869e-05
1.1333267e-05
9.470961e-05
5.973202e-05
3.0008077e-05
3.0253053e-05
9.1232971e-06
3.6616973e-05
5.2969826e-05
7.6160459e-06
1.0226715e-05
8.0567685e-05
3.5080592e-05
3.5815837e-05
0.00011886642
0.00012248941
0.00012047798
7.8139103e-05
4.735298e-05
4.1071339e-05
9.1238323e-06
0.00015156796
0.00014723483
3.9316241e-05
5.1116193e-05
5.0964462e-05
4.0556759e-05
0.00010581037
3.458364e-05
9.2623611e-05
1.3885647e-05
2.253285e-05
7.2290195e-06
2.7756085e-05
7.8698804e-06
0.00010528873
6.9738535e-05
1.9720367e-05
0.00011692755
1.3976807e-05
3.1577311e-05
8.3601688e-05
3.6613834e-05
1.5043034e-05
3.7176416e-05
8.1311458e-05
3.9635765e-05
3.8472136e-05
1.0538635e-05
8.5101739e-05
4.3306351e-05
8.8869957e-05
4.5761246e-05
0.00013326653
8.81772e-06
2.6669515e-05
0.00013258522
8.5689758e-05
1.1517813e-05
0.0001169926
4.64695e-05
0.00010530538
1.8360195e-05
4.9610593e-05
4.0300808e-05
1.8743039e-05
9.0178125e-05
1.3478101e-05
3.126935e-05
0.00011580009
4.9035725e-05
5.1432926e-05
2.7069773e-05
4.2726875e-05
3.5359861e-05
8.0861125e-05
2.8124325e-05
0.00010338228
6.2030038e-05
0.0001242432
4.2359289e-05
4.085967e-05
9.179868e-06
1.3851442e-05
0.00012621404
4.9820037e-05
0.00014467976
8.2843065e-06
6.1507434e-05
1.1914167e-05
1.8962366e-05
8.2689588e-05
4.0096593e-05
2.6435788e-05
3.1813522e-05
5.5807392e-05
6.1100438e-05
7.7398194e-05
2.1351671e-05
2.0134807e-05
1.7940494e-05
5.0140847e-05
0.00010479977
9.6523583e-05
0.00011742106
9.9541179e-05
6.4266518e-05
0.0001184651
9.817884e-05
1.0911832e-05
6.2996968e-05
4.6285416e-05
8.5097109e-05
5.4977295e-05
5.9948688e-05
3.0864208e-05
4.7621475e-05
1.6122883e-05
3.2870394e-05
1.4871676e-05
1.3627827e-05
6.3855899e-06
5.2870899e-05
0.00013220587
0.00011763995
0.00013866707
1.2961927e-05
0.00012723572
0.00013193243
9.7119498e-05
0.00013453873
0.00012379788
6.3128511e-06
4.6737207e-05
6.1676955e-05
2.4263922e-05
7.0494385e-05
2.8825592e-05
9.1058966e-05
7.6810746e-05
1.2419683e-05
5.8242218e-05
2.192585e-05
7.9409851e-05
2.8170423e-05
2.254524e-05
3.1212649e-05
3.6487662e-05
1.1431515e-05
9.5042083e-06
1.7887918e-05
8.7250343e-05
4.7031526e-05
6.478873e-05
4.7097206e-05
7.4304325e-06
2.0561173e-05
6.2357631e-05
9.8146627e-06
1.0561766e-05
5.2036466e-05
2.2311686e-05
2.2580801e-05
0.0001211584
1.3140535e-05
2.7793177e-05
0.00011193322
8.766004e-06
0.00011649734
1.7271513e-05
0.00011949173
4.6889896e-05
6.653067e-05
9.1316469e-06
1.7242419e-05
6.9668544e-06
2.5519815e-05
6.7774831e-06
4.3011308e-05
5.4384696e-05
2.065131e-05
7.4481335e-06
6.8943618e-06
1.3399434e-05
5.6096e-05
2.151186e-05
5.38242e-05
3.0421027e-05
9.5014784e-06
8.1940088e-05
5.7349885e-05
2.6942652e-05
1.6529715e-05
3.3795198e-05
2.0351043e-05
1.8006721e-05
3.7980172e-05
3.8093993e-05
3.8743654e-05
6.4790274e-05
1.2033542e-05
5.496507e-05
2.342944e-05
8.4015394e-06
4.9050137e-05
9.3264018e-05
4.4420713e-05
1.8840573e-05
7.2173565e-06
8.2485569e-05
1.3571185e-05
9.7269905e-05
1.475974e-05
0.00014361253
1.5081614e-05
8.8129548e-05
4.4875697e-05
5.5958061e-05
4.3857266e-05
3.3342957e-05
5.1804881e-05
4.7309479e-05
0.0001114108
0.00012574257
7.6831364e-05
9.4967651e-06
0.00015009797
2.6458751e-05
3.7568395e-05
3.2323206e-05
9.7804467e-06
3.9572296e-05
9.2512236e-05
2.5885321e-05
9.8853078e-05
0.00011170653
6.4450948e-05
8.2336786e-06
6.3957314e-05
7.3934025e-05
6.6218804e-05
4.8690035e-05
3.7534095e-05
1.3119115e-05
6.5330676e-06
1.3495109e-05
2.6886172e-05
4.4440369e-05
7.3255664e-06
0.00014685171
1.7283131e-05
4.3782673e-05
2.0862484e-05
7.2650607e-05
3.2895934e-05
2.3488663e-05
1.0850697e-05
8.0751691e-05
1.5050919e-05
2.9574752e-05
5.7964025e-05
7.4991666e-06
3.1460268e-05
5.4585505e-05
6.1050692e-05
2.1989586e-05
1.0301443e-05
5.7176554e-05
2.5647662e-05
0.00011017612
1.0706777e-05
1.9383098e-05
1.1540949e-05
2.5649027e-05
6.6682965e-06
2.2533391e-05
1.1211981e-05
2.6617495e-05
8.3088614e-05
4.1676142e-05
0.0001013772
0.00011945918
4.0004035e-05
1.3426493e-05
4.5700228e-05
8.5238641e-06
5.1719683e-05
7.2343785e-06
2.5469823e-05
5.4151659e-05
5.0300663e-05
4.2500849e-05
1.0306923e-05
9.8412575e-06
1.605248e-05
2.0008393e-05
1.4239467e-05
6.4284914e-06
3.6105524e-05
4.0264021e-05
1.6088052e-05
5.3300845e-05
3.0197898e-05
1.2096009e-05
1.2559107e-05
6.217162e-06
7.3188348e-05
7.7737014e-05
1.3171587e-05
2.490253e-05
2.8830431e-05
6.0740664e-05
1.3807063e-05
2.7152688e-05
1.4147332e-05
6.2604799e-06
1.2906294e-05
7.2132276e-05
6.4216399e-05
1.2435713e-05
1.7691068e-05
6.4458473e-06
2.5743671e-05
1.3386175e-05
4.7183245e-05
7.0840093e-05
4.3762467e-05
1.4758417e-05
7.9673657e-06
1.2582356e-05
7.4318228e-05
9.1992887e-05
1.562781e-05
8.4004541e-05
2.111936e-05
2.7921482e-05
1.7254916e-05
7.7616434e-06
4.4898351e-05
5.0367733e-05
6.1800379e-05
1.000021e-05
2.3344221e-05
0.00010962792
0.00010845956
1.0538817e-05
1.0181085e-05
7.4920497e-05
1.6779458e-05
6.3160892e-05
4.7064005e-05
6.2804131e-05
2.3263588e-05
0.00010373981
8.1228088e-06
2.1677187e-05
8.0549265e-06
1.3154257e-05
8.9727853e-05
1.1004434e-05
9.6465704e-05
9.5785286e-06
5.3946424e-05
0.0001048699
4.1987887e-05
1.1372572e-05
1.6775733e-05
2.2765137e-05
2.9576699e-05
9.399202e-06
1.8348211e-05
8.0601977e-05
5.6761392e-05
0.0001417055
2.9375898e-05
1.7888722e-05
1.7916839e-05
8.0885513e-06
4.7400992e-05
8.096542e-05
2.9354671e-05
0.00011972986
0.00013207015
2.7713644e-05
0.00011494151
0.00011434127
0.00013845027
2.8476908e-05
2.1007121e-05
6.3319617e-06
1.6228043e-05
4.1105296e-05
3.7457611e-05
1.8781284e-05
0.00013045966
0.00012928002
5.0632169e-05
2.8933848e-05
7.410406e-05
5.7535772e-05
1.4969349e-05
0.00013718625
0.00015243275
1.003134e-05
3.0451584e-05
2.3986996e-05
0.00012944987
0.000146666
2.8053391e-05
0.00014804622
3.2980889e-05
3.3144731e-05
0.00014553527
8.2960328e-06
9.1306109e-06
0.00014675781
2.4090383e-05
0.00014038171
6.841615e-05
2.6830118e-05
3.0935025e-05
7.6822068e-05
0.00013690155
0.00010183392
0.00012877533
0.0001212164
1.177826e-05
1.8739786e-05
1.7964435e-05
7.3770703e-05
7.5331518e-06
4.5277284e-05
6.5827291e-05
3.681643e-05
1.3006894e-05
6.5400532e-06
4.6404313e-05
2.7100779e-05
2.974563e-05
0.0001238919
5.9612548e-05
0.0001220794
9.0487904e-06
5.6624674e-05
2.3375051e-05
0.00012965909
0.00011454139
7.4525723e-05
2.5204015e-05
1.1418854e-05
6.392878e-05
7.1514496e-05
2.2453149e-05
0.00015651903
0.00012693617
0.00011287283
2.9398152e-05
0.00015206062
0.00011748488
8.2458375e-05
5.6622449e-05
1.1177199e-05
6.6367047e-06
1.6156384e-05
1.2316304e-05
4.293904e-05
4.8053078e-05
8.901345e-05
3.2778093e-05
3.3418399e-05
0.00011853795
0.00011556881
7.3706503e-05
7.8114559e-06
4.2378604e-05
1.6537125e-05
1.370463e-05
6.1888153e-05
0.00011380444
9.4141286e-05
2.4650257e-05
8.7238859e-05
0.00010566432
9.6919153e-05
2.1195751e-05
8.5911153e-06
2.6869068e-05
8.142404e-06
6.437953e-05
0.00012608252
3.5470627e-05
1.1415152e-05
0.00014991412
9.8139103e-05
0.00010236495
8.9838918e-05
0.0001357517
0.00010632143
0.00013611583
0.00015455773
2.5754909e-05
3.5744751e-05
7.1943504e-05
0.00013830218
4.701561e-05
8.3062119e-05
2.5977674e-05
6.6166083e-05
0.00014130931
3.0689768e-05
2.1328537e-05
0.00011372783
1.5082192e-05
0.00011237177
7.414354e-06
4.2701587e-05
0.00010132821
3.2564997e-05
1.0187148e-05
2.8626388e-05
8.0354711e-05
4.556367e-05
0.00012903763
6.3984681e-06
2.2366892e-05
9.772578e-06
5.2547177e-05
0.00012631163
2.495307e-05
0.00012475849
1.8632425e-05
2.8093082e-05
0.00012319137
6.3152618e-06
4.2318347e-05
8.1359312e-05
9.7899271e-05
3.8570754e-05
9.4846827e-06
7.1053232e-06
1.3413949e-05
0.00011246629
5.2915248e-05
6.4095171e-06
1.5833883e-05
0.00012824344
2.5283621e-05
5.8029353e-05
5.6805532e-05
3.2320865e-05
3.0689442e-05
2.6183836e-05
8.1445132e-05
0.00013774523
7.5474956e-05
9.0283509e-05
2.1767152e-05
0.00011882477
0.00012163481
0.0001042322
0.00011577506
0.0001022626
9.9359962e-06
0.00010247957
8.3906636e-05
2.6180974e-05
6.8100563e-05
2.2588031e-05
5.5159881e-05
6.2964739e-05
2.1767277e-05
4.0244395e-05
7.3854606e-05
1.3340671e-05
7.3117476e-05
3.3798242e-05
2.3051231e-05
2.4052547e-05
0.00011096558
6.1272126e-05
4.2245618e-05
3.0390738e-05
9.049039e-06
9.6950026e-05
1.9323101e-05
4.3539713e-05
6.1301704e-06
2.2707669e-05
0.00011727686
4.3573024e-05
8.3948764e-05
2.5951634e-05
3.1159866e-05
4.1405729e-05
6.4002974e-05
8.6335185e-05
0.00010103283
2.486959e-05
4.8611601e-05
6.0485275e-06
9.3821609e-06
7.9951688e-05
1.1858225e-05
3.8765374e-05
8.7188665e-06
2.4892659e-05
3.0436089e-05
3.8402108e-05
2.7688225e-05
6.9957355e-05
1.9526427e-05
5.2931989e-05
9.3593338e-05
7.0978757e-06
1.6730325e-05
3.6592943e-05
9.9228438e-06
9.4572661e-06
8.9586099e-06
7.7466625e-06
9.1003672e-06
0.00013539922
3.4705831e-05
1.3728907e-05
0.00012410722
0.00010139867
0.00014328428
3.3148542e-05
0.00014495711
2.8945609e-05
0.00012124293
1.1834835e-05
0.0001520104
0.00015133268
4.5069989e-05
2.5838499e-05
5.1459291e-05
0.0001100207
2.6850557e-05
0.00010070079
9.345354e-05
0.0001067931
4.8189172e-05
5.7251039e-05
9.0836795e-05
3.1476048e-05
2.2643215e-05
6.1196242e-05
7.3708358e-06
2.2709756e-05
1.8110223e-05
3.1367982e-05
3.8470097e-05
8.7787895e-05
7.1110512e-05
1.4775364e-05
3.7622969e-05
5.1662261e-05
8.3258818e-05
1.2150839e-05
7.4232311e-06
0.00010855046
0.00013282491
1.4731596e-05
0.00011514669
0.00011126072
0.00013800588
4.8779501e-05
0.00011588669
4.5256327e-05
0.00014220071
5.5770244e-05
0.00010663044
8.4042687e-05
9.7604319e-05
2.3941686e-05
0.00014079944
3.7427859e-05
8.648726e-06
4.0616937e-05
5.3560338e-05
4.202233e-05
0.0001316702
8.0254257e-05
6.0555217e-05
2.431304e-05
7.5272481e-05
0.00015035423
8.440954e-05
0.00011307277
7.7395612e-06
4.3100075e-05
1.7057412e-05
2.1813976e-05
1.9335535e-05
1.2828782e-05
4.5892719e-05
4.8865694e-05
3.7151176e-05
6.0907156e-05
1.9392055e-05
2.2688543e-05
9.1754593e-05
1.9513712e-05
0.000136601
3.2159371e-05
3.456889e-05
7.5525427e-06
2.6306152e-05
9.3630961e-05
0.00013406499
8.3449102e-05
1.1780248e-05
6.5525881e-05
8.3921943e-05
8.4070035e-06
7.8835912e-05
1.1733471e-05
1.1003035e-05
9.7047335e-06
0.00012360443
0.00011387856
3.0880947e-05
1.381339e-05
8.5546429e-05
0.00013748708
1.0357973e-05
0.00015853595
0.00014953751
0.00010024503
1.1051528e-05
8.2730505e-05
8.6754607e-05
4.8206189e-05
0.00015160054
0.00015120324
3.893632e-05
0.00014005042
0.0001246825
2.882915e-05
3.4481201e-05
2.5521924e-05
9.6860615e-05
9.4026097e-06
2.1933186e-05
3.7410785e-05
8.2542901e-06
0.00013755991
8.9227931e-05
2.7431854e-05
3.1255061e-05
4.9001282e-05
6.4564984e-06
1.3706868e-05
1.3640939e-05
1.4380273e-05
3.1230215e-05
2.7079234e-05
1.2482763e-05
1.8327412e-05
6.4128252e-05
6.7638723e-06
6.3811501e-05
8.0640581e-06
7.7564298e-05
0.00011008563
0.00013638795
0.00012577293
2.4264126e-05
1.0375771e-05
8.6956263e-05
5.68138e-05
8.5854117e-05
4.7175832e-05
8.3592614e-06
0.0001213902
2.5318216e-05
0.00010150697
1.0711112e-05
3.0841148e-05
1.3748092e-05
1.3771577e-05
2.1511297e-05
7.9987308e-05
1.1000701e-05
5.4673592e-05
6.1780482e-05
2.1178107e-05
2.6629178e-05
9.4854762e-05
2.063152e-05
8.5148158e-05
9.8117021e-05
6.1936642e-06
8.6431336e-05
9.7394813e-05
7.2434075e-05
7.0036765e-06
2.9179234e-05
4.7263909e-05
2.7385493e-05
7.3233226e-06
7.4101541e-06
2.7255518e-05
2.1573527e-05
2.1162592e-05
2.3351727e-05
6.7240956e-05
1.6759863e-05
0.00013376003
0.00011138156
4.8469731e-05
1.0719492e-05
2.4059705e-05
1.7806929e-05
2.6397762e-05
6.7096169e-06
0.00010755035
0.0001105171
8.77365e-06
8.3072792e-05
9.9370522e-05
2.9524019e-05
5.5745813e-05
1.3980793e-05
2.3387808e-05
6.2656788e-05
0.00011961224
0.00014482411
0.00011084518
2.7728187e-05
4.2455496e-05
2.4517173e-05
3.3997799e-05
2.3891785e-05
5.6077693e-05
8.1102638e-06
2.686103e-05
2.9502097e-05
9.1239998e-05
0.00010852874
9.6170565e-05
6.7203629e-05
3.3440076e-05
0.00010010147
9.828523e-05
4.868739e-05
6.1015164e-05
4.4516387e-05
3.5073692e-05
2.200646e-05
9.0654074e-05
2.6773708e-05
3.4512808e-05
3.7091227e-05
1.8924651e-05
8.0178321e-05
4.8709391e-05
0.00013770673
0.00011766021
9.8174871e-05
9.130855e-05
1.3886165e-05
0.00012942691
6.1666389e-05
2.5384622e-05
9.2493293e-05
1.2000172e-05
1.4897416e-05
9.4986372e-05
1.3353276e-05
2.6669003e-05
0.00011917099
0.00013367228
4.0431772e-05
5.187469e-05
4.1547355e-05
1.6060386e-05
7.1269217e-05
8.9933918e-05
2.9620868e-05
5.0147969e-05
1.6099363e-05
8.4633006e-05
4.7725261e-05
0.00014648143
3.4632859e-05
8.217048e-05
7.0225822e-05
2.3870644e-05
7.9132281e-06
6.1383787e-05
3.9294203e-05
5.6679996e-05
8.5480462e-05
6.8468384e-06
3.0684073e-05
8.7675366e-06
7.09963e-06
2.7634175e-05
1.9752929e-05
1.9233695e-05
3.901921e-05
3.7636449e-05
1.3323396e-05
7.9793744e-05
1.806723e-05
6.5980522e-06
2.2744485e-05
2.4312109e-05
3.4624782e-05
3.1619992e-05
5.7861425e-05
2.1982548e-05
5.7931778e-05
8.9846157e-05
8.4082763e-05
7.8887064e-05
9.4266372e-06
2.4199808e-05
1.7291635e-05
1.4685961e-05
7.4569419e-06
4.7516365e-05
9.3255269e-06
5.5616974e-05
5.7131675e-05
8.5591962e-05
6.6368345e-05
6.6688945e-05
1.2241506e-05
2.6528305e-05
3.1329083e-05
0.00015863336
5.7461383e-05
0.00019581818
0.00017608825
0.00015563407
1.1588797e-05
4.6362533e-05
7.4117242e-06
1.9728301e-05
1.2173e-05
9.1004978e-05
3.8896484e-05
7.3344058e-05
0.00010038227
8.8841453e-05
0.0001188312
7.8961179e-06
3.1354144e-05
2.5889551e-05
2.4743799e-05
7.810354e-05
0.00013567648
4.3687304e-05
0.00011520562
3.37046e-05
8.3806617e-05
0.0001469524
0.00013415969
0.00012256465
0.00015385826
1.0902926e-05
2.7830647e-05
6.7304184e-06
3.267784e-05
1.7157976e-05
2.8259723e-05
9.0587091e-05
3.6660595e-05
4.0626121e-05
0.00010354534
0.00010626045
8.4496706e-05
5.4584072e-05
6.1244496e-05
2.1260934e-05
9.7371818e-06
2.1827702e-05
7.4023544e-05
2.6636238e-05
0.00011460134
0.00013957123
3.11852e-05
1.1487025e-05
3.1489072e-05
2.7387814e-05
3.9714656e-05
2.2691948e-05
0.0001115249
0.00013145577
0.00010356861
2.5965663e-05
2.0351145e-05
2.9783351e-05
2.2184412e-05
1.0020414e-05
4.968084e-05
7.8230728e-06
3.7838184e-05
8.4294633e-06
3.8856554e-05
9.7513029e-05
0.00011083135
2.4962707e-05
7.6758451e-06
1.1752906e-05
2.6326667e-05
0.00011217998
8.8102769e-05
2.4219168e-05
3.1945622e-05
1.2432464e-05
3.3300256e-05
0.00011487114
6.6969211e-05
8.5933495e-05
7.8679213e-05
7.537434e-05
1.8129043e-05
7.3347859e-06
2.2516051e-05
4.5951794e-05
1.8666097e-05
3.3806026e-05
0.00012359135
4.0891632e-05
3.5698844e-05
5.5968451e-05
3.0363638e-05
3.6908249e-05
0.00014843818
0.000159786
8.3279846e-06
7.3927246e-06
2.6680987e-05
3.0127998e-05
2.8548831e-05
3.8927109e-05
0.00015916528
4.1902655e-05
2.0016499e-05
2.013791e-05
1.0074465e-05
6.3400332e-05
2.6537672e-05
8.6267296e-05
0.00011209928
0.00012183944
6.9045919e-06
1.5957574e-05
9.6062645e-05
5.4897055e-05
9.1896919e-05
2.075443e-05
1.3790669e-05
2.3365571e-05
7.6227228e-05
2.1987397e-05
1.1111954e-05
2.4957797e-05
2.4417792e-05
1.4301644e-05
5.3133139e-05
7.0955598e-06
1.3751613e-05
2.0955007e-05
2.7565912e-05
6.5918878e-06
3.2210511e-05
8.1183233e-05
2.7863788e-05
9.1054552e-05
2.035477e-05
1.0416849e-05
4.461791e-05
3.2021482e-05
5.2851052e-05
1.6067945e-05
3.756345e-05
2.0574053e-05
6.7446845e-06
2.6948293e-05
6.2671446e-06
1.3106971e-05
7.4371938e-06
0.00013918968
0.00013583437
0.00013247572
0.00013060824
8.1477493e-06
5.4895441e-05
2.2165618e-05
6.5557089e-05
1.9716995e-05
6.7013397e-05
4.3495466e-05
1.390206e-05
1.4324879e-05
7.1198284e-06
1.7810863e-05
4.9037285e-05
6.497274e-05
0.00013480404
0.00010455867
2.9559745e-05
5.9250397e-05
1.257295e-05
1.5908524e-05
1.0588512e-05
2.6078674e-05
9.6749636e-05
0.00010275307
0.00011009521
6.6934794e-06
2.1606593e-05
3.0770074e-05
2.6632649e-05
1.0763515e-05
6.9706351e-06
1.3921134e-05
4.378097e-05
2.1560533e-05
7.5343091e-05
1.8207278e-05
2.4238535e-05
9.5140987e-06
8.0300504e-05
2.7138563e-05
2.1230344e-05
6.9077371e-05
8.5034986e-05
3.5636846e-05
9.3728607e-05
4.0015276e-05
4.2947835e-05
2.6317229e-05
1.0747331e-05
7.5045267e-05
9.1824799e-06
2.2031236e-05
6.9316263e-06
2.0702862e-05
2.569792e-05
7.5276314e-06
1.5070495e-05
7.3592025e-06
5.0666161e-05
6.3200132e-05
2.1976505e-05
3.0505227e-05
3.2763815e-05
2.7388751e-05
0.00012557015
5.6865889e-05
0.0001106939
8.7529613e-05
0.00012180148
0.00011463349
0.00011248459
0.00013238915
0.00013357063
6.3486602e-05
0.00010259327
4.7393431e-05
1.4110813e-05
2.784053e-05
3.6056063e-05
1.7356772e-05
6.7633274e-06
8.3704067e-05
0.00010409334
9.1753806e-05
0.00010255791
1.4791111e-05
4.6495592e-05
5.9418731e-05
6.7077334e-05
7.5329268e-05
8.3124936e-05
9.9864471e-05
8.586237e-06
1.1359e-05
0.00016054851
0.00012836243
5.7540129e-05
6.7506302e-06
8.0926608e-05
4.6794582e-05
1.3586966e-05
1.4737365e-05
7.3489322e-06
2.6792672e-05
3.4382768e-05
7.388433e-06
2.2814106e-05
2.8245272e-05
0.00010852409
0.00010238956
9.1982543e-06
1.0408473e-05
8.3375426e-06
2.0642218e-05
3.1445071e-05
8.3447474e-05
3.2346242e-05
2.1141352e-05
8.9940462e-06
1.8629747e-05
6.0645074e-05
5.1778769e-05
2.0513665e-05
7.3018586e-06
7.3845343e-05
8.3713408e-05
7.1040739e-05
7.4851604e-05
0.00011159928
0.00010250612
0.00013215337
2.2612849e-05
5.1739515e-05
1.0465543e-05
2.4332908e-05
1.0444139e-05
2.0743812e-05
3.620993e-05
3.1251272e-05
5.5496603e-05
4.1166536e-05
2.1875045e-05
6.9380308e-06
4.3987119e-05
9.722249e-06
2.0238042e-05
8.2889828e-05
7.1211512e-05
2.7484206e-05
7.5382239e-06
8.0986241e-06
1.6643055e-05
2.1595757e-05
2.0383742e-05
2.9735983e-05
7.4890098e-06
1.8792762e-05
3.9966149e-05
6.8276981e-06
1.8034356e-05
1.3806326e-05
7.5131336e-06
5.4978671e-05
6.2084809e-05
7.3732456e-05
4.7984654e-05
2.4797134e-05
5.2088232e-05
6.2929684e-05
2.0174764e-05
4.2555838e-05
1.3397165e-05
7.0730136e-05
2.033555e-05
5.173604e-05
2.7080853e-05
8.7543306e-05
8.8965587e-05
4.9693748e-05
0.00010636929
5.5183512e-05
0.00010345503
8.3835669e-05
9.7131081e-05
8.8644513e-05
3.6530732e-05
9.4877828e-05
3.6691545e-05
6.9036275e-05
5.6071321e-05
4.0250421e-05
3.1925882e-05
2.4256973e-05
0.00012378531
8.1632407e-05
7.0491323e-05
7.2435768e-06
3.1256427e-05
5.3043209e-05
6.5613804e-06
3.1329708e-05
4.2832307e-05
6.1730146e-06
1.3406721e-05
1.8485262e-05
1.0401601e-05
8.1538756e-06
0.00011135193
3.814775e-05
3.2934494e-05
0.00010055974
9.0850553e-05
5.6867633e-05
1.5071735e-05
1.1010169e-05
2.649374e-05
5.2466313e-05
6.5775703e-05
2.2886379e-05
6.9455441e-05
4.6071242e-05
7.6874339e-05
3.0332779e-05
6.8733313e-06
3.320162e-05
1.6308265e-05
1.3091991e-05
1.6893356e-05
3.2741916e-05
7.0709152e-06
3.1988596e-05
5.6414978e-05
8.7070671e-05
0.00010089527
8.8041111e-05
8.3662452e-05
6.7018974e-05
5.3235603e-05
2.133974e-05
1.9715764e-05
6.7866428e-05
3.1894934e-05
1.043491e-05
6.9984464e-06
2.6929261e-05
1.3813166e-05
1.4013299e-05
2.6838262e-05
1.4469461e-05
9.1609757e-05
3.6776828e-05
9.9263642e-05
3.3078822e-05
3.1790399e-05
5.0811796e-05
2.2134462e-05
1.0312477e-05
2.4024805e-05
6.5309002e-05
1.470759e-05
6.7457882e-05
9.9845075e-05
1.8298661e-05
2.5280492e-05
7.5211106e-05
1.9274306e-05
6.8330312e-05
4.6717495e-05
8.9008979e-05
2.5262051e-05
1.6859325e-05
1.3907151e-05
3.555338e-05
1.335093e-05
2.2697831e-05
4.7520125e-05
2.0568828e-05
7.4209404e-05
1.4871425e-05
2.9796795e-05
8.4752088e-06
2.0776848e-05
2.7254214e-05
3.1207309e-05
6.306416e-06
1.7525253e-05
4.2972322e-05
4.8647065e-05
1.0226171e-05
7.0395684e-05
4.2101909e-05
1.3387998e-05
2.6239886e-05
2.5766638e-05
1.3909833e-05
2.4497979e-05
5.249318e-05
4.4693578e-05
9.3407827e-06
2.0199747e-05
4.2662904e-05
3.1601694e-05
6.6905866e-05
5.6328915e-05
3.0624907e-05
6.2433118e-05
2.3305162e-05
9.9624177e-05
0.0001402567
0.00010356917
1.0091849e-05
7.3934131e-05
4.4872523e-05
3.6355015e-05
9.7068428e-05
3.5730683e-05
2.0903379e-05
2.1258204e-05
5.6688051e-05
7.7591138e-06
6.9350362e-06
2.0004069e-05
5.5019303e-05
7.1567242e-05
7.5344566e-05
2.4611171e-05
9.1256599e-06
0.00010061752
3.3490013e-05
9.1254178e-05
3.8274022e-05
3.5473182e-05
2.3299925e-05
8.1610562e-06
2.6922383e-05
3.956349e-05
9.9718688e-05
7.4955219e-05
6.7755847e-05
1.3527618e-05
3.0827321e-05
9.9240982e-06
7.5313164e-05
6.9523822e-06
1.7209575e-05
0.00010495953
9.9466729e-05
0.00010149597
9.5717822e-05
1.8900432e-05
6.9577193e-06
2.5442974e-05
7.5221097e-05
7.1809667e-05
2.8046053e-05
1.0522247e-05
6.7781103e-05
5.1641683e-05
2.266127e-05
2.6918424e-05
3.224449e-05
7.818204e-06
5.5059838e-05
2.1035426e-05
1.9957228e-05
1.3849651e-05
2.1012757e-05
6.517573e-05
2.8427249e-05
1.0537381e-05
0.00010337974
0.00011561637
0.00010398657
3.8858875e-05
7.0469527e-05
3.4865089e-05
9.5710215e-05
2.4857982e-05
6.4881421e-05
3.5584289e-05
6.0056917e-05
2.92888e-05
7.6029267e-05
1.4957778e-05
4.8360066e-05
7.5382835e-05
1.6758679e-05
1.848516e-05
9.3441392e-06
2.005499e-05
7.9563862e-06
1.2938341e-05
1.0393106e-05
2.2344305e-05
0.00012347636
8.4162926e-05
0.00011835476
2.0289342e-05
3.3752734e-05
2.644426e-05
1.1380512e-05
3.5985648e-05
8.7404532e-05
1.8347882e-05
2.0425585e-05
5.1969512e-05
7.268168e-06
3.6916485e-05
9.5424238e-06
3.2411402e-05
2.6795768e-05
0.00013326242
9.7421482e-05
0.00013528746
1.4428394e-05
1.9526323e-05
1.0332677e-05
9.4075708e-06
3.9321997e-05
2.9554884e-05
0.00015528477
0.00014900145
0.00014953549
5.7388807e-05
9.5462834e-05
3.3436655e-05
3.7365342e-05
1.0285486e-05
0.00015198281
0.00013591419
0.00013445893
0.00011524745
9.487507e-05
3.3134575e-05
1.3928748e-05
1.5973464e-05
6.919716e-06
3.2170801e-05
5.2451897e-05
2.0687865e-05
4.2045719e-05
2.446326e-05
1.3208513e-05
1.3330539e-05
3.093205e-05
1.9044662e-05
7.1090977e-05
7.2802389e-05
5.9241513e-05
0.00011707615
0.0001380763
0.00013330363
0.00010822375
9.0906003e-05
0.00012103052
2.7864671e-05
7.3399069e-05
7.6303155e-05
1.1295354e-05
0.00010985973
0.0001003058
0.00010050489
9.7409707e-05
5.4670872e-05
3.9710429e-05
1.055082e-05
3.0281394e-05
7.4376964e-05
8.1080108e-05
2.5034931e-05
3.338684e-05
1.3494977e-05
7.7415277e-05
2.4874873e-05
2.3301834e-05
9.678256e-05
0.0001049577
9.9177256e-05
6.0732248e-05
0.0001209961
1.2693646e-05
2.3159912e-05
1.8849619e-05
2.888766e-05
0.00011806175
0.00010844855
2.7678652e-05
7.0758237e-06
1.3845973e-05
1.0004677e-05
2.3727137e-05
2.4180996e-05
2.6476054e-05
1.0673211e-05
7.537841e-06
7.631443e-05
0.0001350827
9.5219762e-05
0.00011703332
7.5053114e-05
0.00014846923
0.00015401878
0.00015737482
1.3286644e-05
1.094169e-05
4.7203344e-05
0.00014399185
0.00015137974
0.00013853254
0.00015557889
1.1025154e-05
2.8722069e-05
1.6993183e-05
8.6731757e-06
8.3979481e-05
3.8687989e-05
5.1708925e-05
8.3200068e-06
6.7019114e-05
0.00010736181
1.0400653e-05
2.3730129e-05
8.5367861e-05
0.00014274987
0.00013467313
0.00012761158
2.5387645e-05
3.7719063e-05
9.8426287e-05
6.4120742e-05
1.9634708e-05
6.0483828e-05
2.984806e-05
1.1451021e-05
3.5728287e-05
8.0424036e-06
8.7179995e-06
4.0905211e-05
8.968196e-06
1.7937268e-05
5.0120617e-05
5.342047e-05
3.0130203e-05
8.5064672e-05
8.560147e-05
4.3492776e-05
0.00011052966
2.6031132e-05
8.4601306e-05
6.7408411e-05
4.6428312e-05
1.0150559e-05
1.0106979e-05
7.7419065e-06
3.5500172e-05
3.8394696e-05
2.6538956e-05
3.0815626e-05
0.00016136839
0.00015905706
2.4629909e-05
3.3795495e-05
1.6053931e-05
1.4616078e-05
7.9851047e-05
3.2056684e-05
2.8657603e-05
7.2638591e-05
2.7796744e-05
7.1959116e-05
1.1006536e-05
2.5585981e-05
2.5347906e-05
2.1358014e-05
2.2751387e-05
8.5886845e-06
4.4700357e-05
4.0329113e-05
7.5746859e-05
7.7542401e-05
7.2570631e-05
8.8869959e-05
5.9377082e-05
7.7982701e-05
1.9262242e-05
2.7587834e-05
2.7638042e-05
1.9991209e-05
5.0118742e-05
7.3752226e-05
4.9000517e-05
6.936151e-05
2.108183e-05
1.600227e-05
8.8969468e-06
8.4655238e-05
4.4327894e-05
4.4552793e-05
8.911242e-06
8.7226628e-06
3.4512624e-05
1.9170673e-05
4.596379e-05
5.3764089e-05
1.7228241e-05
1.1219854e-05
1.3613798e-05
6.9037202e-06
5.2592047e-05
5.8260773e-05
8.1917738e-06
2.4129455e-05
2.4102688e-05
4.9223103e-05
2.4930855e-05
2.8374536e-05
0.00010623472
1.3765433e-05
6.3780489e-06
8.1989908e-06
4.9722173e-05
8.5825391e-06
0.00014760217
5.3723377e-05
0.00012799626
0.00014995459
4.1472548e-05
6.4308647e-06
1.7904984e-05
1.2854082e-05
6.4232178e-06
9.7078238e-05
3.6063693e-05
3.6059642e-05
9.9652778e-05
9.7641345e-05
2.7802515e-05
7.2571235e-05
5.6021452e-05
4.5132995e-05
2.6738826e-05
4.466789e-05
2.2698585e-05
2.5333534e-05
2.0952418e-05
4.7555712e-05
8.5973269e-05
0.00015172598
0.00012449405
0.0001449187
0.00010417577
3.6665291e-05
7.4128971e-05
3.9853626e-05
7.2409129e-05
4.8236809e-05
1.7599232e-05
5.3074274e-05
1.0853639e-05
3.0722642e-05
1.2309552e-05
8.6995072e-06
8.8901613e-06
1.7589669e-05
2.4290598e-05
1.2669624e-05
1.1032485e-05
4.6114677e-05
8.0195451e-06
4.6393404e-05
8.3545611e-05
9.8220799e-05
4.2502349e-05
8.3941513e-05
6.166e-05
6.9042433e-06
1.7662088e-05
6.2204126e-06
1.5729475e-05
8.9315713e-06
5.5735214e-05
4.4896254e-05
4.8116855e-05
7.4552209e-05
3.4662433e-05
0.0001109206
6.3186834e-05
9.3487386e-05
0.0001101463
2.6786826e-05
1.8149944e-05
1.7120226e-05
6.9652046e-06
9.8161023e-05
1.3086063e-05
1.6549764e-05
3.2507339e-05
6.1814714e-06
5.1381507e-05
1.1494429e-05
9.4297284e-05
9.9219043e-05
8.0234347e-05
9.8685509e-06
5.7884567e-05
8.7269323e-05
2.6532154e-05
3.8259388e-05
1.8388028e-05
3.9491333e-05
2.1743039e-05
0.00011667549
6.4560668e-06
8.6221743e-05
1.2865062e-05
0.00010209653
9.6941533e-06
0.00010301108
2.3541825e-05
6.8571244e-05
9.591636e-06
8.8074396e-06
3.7253709e-05
6.9519013e-05
2.0521667e-05
3.5232931e-05
1.938664e-05
2.8757343e-05
7.0878843e-06
7.7394554e-06
7.4435113e-06
2.7676229e-05
1.1082863e-05
1.4181717e-05
2.7045226e-05
2.6803303e-05
7.0243916e-05
6.759368e-06
3.1512184e-05
8.00968e-05
3.0338142e-05
5.6499739e-05
0.00012173024
7.7461795e-05
0.00011060549
3.6686318e-05
7.2305905e-05
9.4537384e-05
2.6828727e-05
1.995402e-05
2.9097796e-05
6.2404792e-06
1.7621323e-05
4.9636952e-05
3.7047574e-05
6.2080534e-06
1.3585417e-05
1.2383378e-05
6.0719495e-06
2.4785694e-05
7.9305477e-06
7.0691567e-06
2.7738559e-05
5.2549074e-06
2.0382934e-05
6.1336368e-06
3.2287339e-05
1.1051986e-05
1.3489262e-05
6.4847083e-05
1.8955162e-05
5.0290694e-05
2.7881132e-05
2.4828312e-05
3.8510005e-05
9.3242029e-05
0.00012118261
1.7462703e-05
3.2221635e-05
5.918037e-05
9.6547945e-05
6.7055668e-06
1.2596356e-05
3.141721e-05
6.2520355e-06
0.00010741199
8.42199e-05
8.8515916e-05
9.3968942e-05
9.8528522e-05
2.3963634e-05
6.867932e-05
1.101346e-05
5.1391129e-05
0.00010190826
8.3287585e-05
2.3358718e-05
3.1498552e-05
6.3613991e-05
0.00011827275
0.00010432911
0.00011533882
0.00010415936
1.66789e-05
4.9334984e-05
2.7401563e-05
1.4199793e-05
7.9102977e-05
2.7427548e-05
6.3308659e-06
1.0710017e-05
1.0863702e-05
2.2369495e-05
6.4678199e-06
3.8610822e-05
2.9357777e-05
3.0079265e-05
4.6979763e-05
4.3334663e-05
7.414322e-05
2.2589222e-05
3.5159131e-05
6.2135953e-05
6.2567314e-05
1.987229e-05
9.4791995e-05
3.6595144e-05
7.6732888e-05
5.9642996e-05
8.8028665e-05
1.8946496e-05
0.00010232371
9.7258369e-05
5.1741411e-05
7.2340233e-05
6.7472059e-06
3.2310363e-05
3.6635728e-05
5.2752768e-05
2.9525814e-05
6.2552988e-05
2.9072008e-05
2.327878e-05
5.8304981e-05
1.562664e-05
7.7953828e-05
3.2348909e-05
8.0230463e-05
8.6632452e-05
3.0485696e-05
1.9429628e-05
5.3606557e-05
8.3456894e-05
5.4038425e-05
1.9405145e-05
0.00011402512
3.6434597e-05
5.385041e-05
6.5565971e-05
7.4906326e-06
0.00012396003
2.6809865e-05
2.7969405e-05
0.00010954113
3.8157962e-05
1.7746767e-05
1.5780552e-05
1.525955e-05
6.4834304e-06
8.7381735e-06
1.8066116e-05
4.7365668e-05
7.0076263e-06
1.7780879e-05
1.8971095e-05
0.00010478577
0.00012738803
4.3137358e-05
6.8398268e-06
5.829683e-05
0.00011445481
8.5535741e-05
2.6263339e-05
1.5585184e-05
3.0362091e-05
7.5517156e-06
3.6984715e-05
1.4670855e-05
7.8502563e-06
4.9956477e-05
1.4832596e-05
0.00011576208
9.0123435e-05
6.9823401e-06
8.7547227e-05
2.9195288e-05
6.1979786e-06
9.1468246e-05
2.1210709e-05
4.2363631e-05
6.5804102e-05
3.7522045e-05
8.0093173e-05
5.4557811e-05
6.3128007e-05
6.4156149e-06
1.2550087e-05
4.1262815e-05
1.1034242e-05
7.1969562e-05
9.3726192e-05
4.9595295e-05
1.368352e-05
0.00012021249
9.6746856e-05
0.00012342331
8.5767401e-05
8.785573e-05
0.00010088652
0.0001121286
6.7837988e-05
0.0001088306
0.00011563393
4.2861697e-05
7.9439246e-05
3.6907189e-05
1.3528965e-05
7.3309863e-06
5.593655e-05
1.2478669e-05
2.4952049e-05
0.00011969777
6.4876586e-05
2.4811454e-05
6.8542179e-05
0.00013637751
0.0001127025
5.3381537e-05
9.6086977e-05
3.8795056e-05
3.6745522e-05
8.1493886e-05
3.8252219e-05
1.0206402e-05
3.0421936e-05
1.4426943e-05
0.00012602955
6.3568511e-06
4.8921197e-05
2.8840614e-05
8.7525402e-05
0.0001445886
0.00010485213
4.7934722e-05
0.00010443765
4.6417625e-05
4.0644942e-05
5.0577534e-05
0.00012681449
1.9353366e-05
1.0306365e-05
2.9500926e-05
2.3045074e-05
2.3877484e-05
7.198342e-06
6.399182e-05
9.7279508e-05
4.96783e-05
2.984292e-05
4.652948e-05
4.9539895e-05
0.00010209478
1.3616339e-05
6.5453285e-06
6.5735973e-05
4.3569061e-05
2.8193596e-05
1.9825094e-05
5.5968078e-05
8.3932531e-05
4.0095747e-05
2.9942622e-05
9.5683628e-06
5.0495287e-05
2.1365669e-05
7.7955351e-06
7.816148e-05
0.00011696758
0.00010062433
8.3924109e-05
4.7968452e-05
9.4619148e-05
8.6285648e-05
8.113736e-05
4.5272081e-05
7.7545849e-05
8.1456551e-05
8.754164e-05
6.4526331e-06
0.00010142512
3.5065598e-05
0.00010234651
1.8066396e-05
7.1360533e-05
3.0087891e-05
3.0240834e-05
0.00011385096
0.00010405556
6.8132195e-05
1.2595491e-05
4.1465129e-05
7.2015303e-05
0.0001006775
9.405225e-05
9.7484746e-05
7.4594641e-05
8.8623377e-05
4.5052728e-05
6.1934899e-06
2.5946463e-05
3.4383009e-05
1.6618182e-05
1.5980354e-05
7.1547501e-06
2.4197246e-05
8.6880721e-05
6.7217637e-05
9.2904711e-06
2.6015097e-05
0.00012723334
3.245198e-05
8.2207566e-05
2.4000616e-05
1.0927909e-05
3.52402e-05
9.3823544e-05
8.7896347e-05
3.8368695e-05
8.7224359e-05
0.00014556618
0.0001313627
0.00011378238
7.0374954e-05
5.9704193e-05
9.0094098e-05
8.0084211e-05
6.3566154e-05
1.1437991e-05
7.4826026e-05
4.1153225e-05
3.9490397e-05
9.2909325e-06
1.7721552e-05
5.8149006e-05
5.0454348e-05
5.1253776e-05
0.00014473758
0.0001243495
0.00012251852
0.00010264068
3.6990861e-05
0.0001146054
8.5376483e-05
1.2024073e-05
0.00013970383
0.00011752141
9.5363562e-05
7.2361831e-05
5.6195652e-05
2.7447822e-05
2.8865934e-05
9.1876464e-05
8.7714994e-05
2.7086539e-05
3.2036959e-05
3.9845257e-05
3.6025532e-05
0.00013846592
9.6180058e-05
7.4746232e-05
8.9823762e-05
3.0878114e-05
0.00011889803
0.00011724462
0.0001020157
0.0001179174
9.3639007e-06
2.7147055e-05
4.9203723e-05
7.2021516e-05
4.4802979e-05
1.8409353e-05
4.7357199e-05
8.9289423e-06
2.5611788e-05
7.1427699e-05
6.122661e-05
7.3069297e-05
2.2201389e-05
1.3338079e-05
2.0645698e-05
4.2217242e-05
8.7927419e-05
8.0896171e-05
5.0615998e-05
2.2869152e-05
1.9531159e-05
8.2150022e-06
5.459819e-05
8.1581017e-06
1.5574092e-05
3.1829345e-05
2.290932e-05
9.1249631e-05
8.9643905e-05
3.3070999e-05
3.4535433e-05
8.1658935e-05
6.5570908e-05
5.7432182e-05
0.00010006262
8.2604377e-06
8.4806935e-05
9.381727e-05
2.6081467e-05
1.0048614e-05
8.2564258e-06
5.7437982e-05
2.097381e-05
2.180349e-05
2.6485669e-05
7.7551777e-05
5.0211948e-05
0.00012215531
0.00012222123
2.4875118e-05
0.00010295024
0.0001274041
9.8631021e-06
7.4271286e-05
9.10445e-05
9.070269e-06
5.1120999e-05
5.64542e-05
6.2819227e-06
9.0185211e-06
3.893004e-05
1.4355986e-05
1.3934714e-05
7.1936469e-06
6.8459839e-06
1.3127907e-05
1.4387071e-05
4.0997803e-05
1.8922182e-05
1.6817128e-05
7.8097404e-06
8.9307035e-05
7.2012196e-05
2.7428363e-05
3.4947969e-05
1.0483835e-05
2.7242552e-05
5.7740235e-05
1.3337804e-05
2.299916e-05
2.8864122e-05
8.7488446e-06
3.9479257e-05
8.8963725e-05
7.0200551e-05
5.5552094e-05
3.4366129e-05
9.6855732e-05
9.1586493e-05
8.4848726e-05
2.7667651e-05
1.0534347e-05
4.4850222e-05
1.2795467e-05
3.5243929e-05
7.9479606e-05
7.8732229e-05
8.4811381e-05
0.00010265304
7.4288636e-05
3.2519814e-05
8.6364709e-05
9.212762e-05
3.629497e-05
8.9628905e-05
2.1068544e-05
5.5746686e-05
3.0906092e-05
1.3950188e-05
2.9702493e-05
7.3327697e-06
2.3488839e-05
4.4239434e-05
2.2443327e-05
2.3047481e-05
5.3209889e-05
2.9730286e-05
6.8831951e-06
1.8654678e-05
9.9347296e-06
1.2065295e-05
2.2069123e-05
7.0537132e-06
2.7877795e-05
1.3782682e-05
7.1758212e-06
1.4589739e-05
1.5063087e-05
1.5880455e-05
2.1025984e-05
1.7509285e-05
5.2596682e-05
3.9488715e-05
3.4166398e-05
1.0043715e-05
8.1918382e-06
7.1595524e-05
0.00011147856
0.00013663956
0.00011718987
2.4241621e-05
3.3076012e-05
7.0295241e-05
1.0744048e-05
1.6713067e-05
2.306777e-05
5.6793351e-05
2.0720149e-05
7.0340954e-05
0.00013781451
8.4988569e-05
0.00011424997
0.00010857665
3.1735386e-05
2.351928e-05
1.4150519e-05
2.0920295e-05
8.0585931e-06
7.5043425e-06
1.8156615e-05
1.3451059e-05
9.0581423e-06
1.1539125e-05
2.225655e-05
5.8820455e-05
2.563496e-05
2.8250905e-05
1.0226426e-05
9.3192912e-06
2.0907587e-05
4.4317738e-05
7.1830844e-06
2.7848759e-05
4.3602865e-05
2.0938726e-05
9.3218664e-05
7.4989199e-05
0.0001005193
1.1256293e-05
6.9763712e-05
6.4710551e-06
1.3836512e-05
2.6883987e-05
6.4073454e-05
3.1348275e-05
2.7739784e-05
8.0193843e-05
2.0033052e-05
8.9173315e-05
8.7131651e-05
0.00011067403
2.7992523e-05
1.089771e-05
7.2800766e-05
0.00011171085
7.8040155e-05
0.0001069949
2.5515644e-05
2.8237965e-05
2.2827076e-05
8.7037288e-05
6.0266967e-05
3.35933e-05
8.2598501e-06
2.1879881e-05
2.3965995e-05
1.2066225e-05
0.00012497883
0.00012397684
0.00014340924
1.1920751e-05
8.2055286e-05
2.7793537e-05
2.4275068e-05
8.6239301e-05
3.0648265e-05
4.8002592e-05
2.8238038e-05
1.1337916e-05
8.052801e-05
9.1536111e-05
0.00013680975
0.00011895224
0.00011778144
1.0745486e-05
2.8650159e-05
6.5219698e-06
0.00011264172
3.8314919e-05
9.9092187e-05
6.6518813e-05
0.00011408209
4.7367472e-05
7.6689444e-05
9.3249802e-05
1.5426105e-05
2.7952908e-05
5.7544887e-05
2.4065763e-05
4.3904068e-05
4.9862766e-05
2.4146153e-05
2.4251272e-05
5.0202929e-05
5.181053e-05
5.3909479e-05
4.8317035e-05
8.2618754e-05
2.6538383e-05
2.8860115e-05
4.1866158e-05
1.6422737e-05
1.3161215e-05
6.1108628e-06
1.2154671e-05
3.0841846e-05
6.2280129e-05
8.3564071e-05
2.2964252e-05
6.805518e-06
1.4948831e-05
7.5428636e-06
1.9412996e-05
8.1472201e-06
4.5444405e-05
6.1384745e-06
6.4553973e-05
9.1352233e-06
8.8832862e-06
1.2896336e-05
9.5267221e-05
5.1555272e-05
1.7124044e-05
8.3617699e-06
6.9731446e-05
1.0349326e-05
1.1636924e-05
0.00010141145
1.5062245e-05
3.8232145e-05
0.00010841496
0.00012655197
9.5113351e-05
9.7560519e-05
1.0503369e-05
5.1288086e-05
2.3622306e-05
9.7644092e-06
1.8988784e-05
5.9727956e-05
2.6836381e-05
2.2636056e-05
2.5397767e-05
2.1652141e-05
0.00012473507
0.00011019991
0.00010681854
0.00013815587
2.9929514e-05
4.0281941e-05
9.2360241e-05
0.00013782373
0.00012233694
6.631329e-06
1.3173718e-05
1.3152042e-05
1.5454709e-05
6.6530056e-06
6.6290834e-05
8.8916927e-06
3.1202192e-05
3.3410444e-05
3.535505e-05
1.0271202e-05
3.6308941e-05
9.1461536e-05
0.00012209132
8.0930518e-05
1.1489457e-05
0.00010076937
2.6884849e-05
5.3538657e-05
2.2132625e-05
2.605145e-05
3.4480256e-05
6.1303696e-05
8.9821034e-05
0.0001218496
8.5664372e-05
0.00011847021
9.5788601e-06
0.00011987493
0.00012616474
0.00011580748
8.7544067e-05
9.513042e-05
5.0423778e-05
0.00011424632
8.0561332e-05
3.6033977e-05
3.8877998e-05
8.9265619e-06
1.3651572e-05
2.9161119e-05
6.9158116e-06
2.2245825e-05
2.3607572e-05
8.46223e-06
0.00011148414
3.4689747e-05
1.3982945e-05
6.0489902e-05
1.6600139e-05
8.5580217e-06
4.1361139e-05
1.1951442e-05
5.4281821e-05
7.9109802e-05
3.993393e-05
9.4306991e-05
0.00011002043
6.1652436e-05
3.2345702e-05
9.7583289e-05
3.8352494e-05
8.0421174e-06
3.5970013e-05
2.446952e-05
9.6706801e-06
9.4290293e-06
6.1390614e-05
5.1491804e-05
8.0443294e-05
0.00012065023
9.4227487e-05
0.0001006061
0.00011946481
0.00010229679
4.5405123e-05
1.9250871e-05
5.3649733e-05
1.7291536e-05
1.9475629e-05
8.8821848e-06
5.4046928e-05
5.491691e-05
6.9164714e-05
3.5063546e-05
1.7989662e-05
6.9688099e-06
1.5346879e-05
1.8278902e-05
6.2418757e-06
1.5983369e-05
0.00011660449
5.5163737e-05
0.00011420504
9.1699498e-05
0.00010882284
0.00012720624
8.3521666e-05
3.6230261e-05
7.7297782e-05
0.00013622442
2.9257534e-05
0.00010415467
0.00013577529
1.1615021e-05
3.4912982e-05
3.1944872e-05
3.7002496e-05
6.8354719e-05
6.0178678e-05
3.8015535e-05
8.9383804e-05
9.6845816e-05
9.8496169e-05
0.00010093393
6.7100774e-06
2.8801524e-05
3.4963921e-05
1.2371834e-05
3.327031e-05
4.1624636e-05
1.2402714e-05
2.6224776e-05
1.374124e-05
1.2639341e-05
6.4540316e-06
1.3834974e-05
6.9890099e-06
2.7666632e-05
8.4566687e-05
2.55468e-05
0.00011510325
0.00011981699
7.5647484e-05
9.4036117e-05
9.5065054e-05
3.4129912e-05
2.7335181e-05
0.00011838873
9.1629667e-05
3.7026838e-05
2.8486484e-05
3.632132e-05
9.5715688e-05
9.5263084e-05
4.2494538e-05
8.7724503e-05
1.3160765e-05
4.1271115e-05
6.117013e-06
1.3045885e-05
1.8141923e-05
3.8284447e-05
6.3473065e-05
8.9535857e-05
8.5047701e-05
2.9834614e-05
3.851387e-05
5.0095301e-05
9.9984825e-05
2.3608603e-05
5.7921149e-05
0.00013954681
4.6429872e-05
1.1569217e-05
2.3836679e-05
3.468572e-05
1.4741341e-05
9.6586909e-06
6.9334341e-06
8.6418628e-06
3.8969815e-05
1.9734934e-05
6.1271614e-05
1.1459768e-05
3.1326047e-05
1.0738676e-05
2.9917495e-05
1.2014792e-05
4.9313977e-05
8.3568046e-05
3.4625624e-05
3.1650756e-05
3.1763742e-05
7.1019594e-05
7.4424875e-05
9.0255392e-05
8.8256983e-05
0.00012227825
6.9146375e-05
3.5398525e-05
3.4073461e-05
8.0125942e-05
3.913738e-05
3.7409203e-05
0.00013124297
0.00011826782
0.0001061195
0.00012058109
9.8125289e-05
6.5675885e-05
4.1983023e-05
2.6634686e-05
2.783114e-05
7.0723433e-05
0.00011345373
0.00012689257
0.00011903363
3.6230497e-05
9.2614957e-05
9.3551966e-05
1.9439824e-05
5.1403398e-05
8.357469e-05
4.2873384e-05
9.9030693e-05
1.0296022e-05
7.4432428e-05
6.5539459e-05
0.00011962857
8.9670589e-05
0.00010917818
2.4145349e-05
6.6135653e-06
4.6548531e-05
3.4020967e-05
7.8166697e-05
4.1152245e-05
0.00013552706
8.6532367e-05
0.0001318897
0.00011211401
6.2415771e-05
3.1776795e-05
5.9104723e-05
8.2444796e-05
2.2206425e-05
3.2319609e-05
1.4161481e-05
2.0850895e-05
2.3246335e-05
0.0001227492
0.00013453908
0.00011311579
9.5589611e-05
4.3439413e-05
0.00010335256
0.0001150763
0.00013696141
7.5549718e-05
0.00010908983
0.00012282205
0.0001319945
6.5429185e-06
1.8126739e-05
2.5972659e-05
4.4050546e-05
3.8398522e-05
1.5697592e-05
1.3422914e-05
3.3496888e-05
4.6582184e-05
6.6867287e-05
1.6974104e-05
1.4608164e-05
7.2081618e-06
6.9921178e-06
2.7624332e-05
5.3710892e-05
6.5406296e-05
4.6034881e-05
7.0502464e-05
6.4134259e-05
2.8496129e-05
9.5778566e-05
4.2860924e-05
2.1181004e-05
1.1733335e-05
3.744731e-05
2.687822e-05
1.1050688e-05
9.9045517e-05
7.9678734e-05
7.1268457e-05
1.2048881e-05
0.00014836374
0.00012158568
1.2687555e-05
7.6269695e-05
0.00011805877
0.00011460585
0.00010875318
0.00015452249
7.324495e-05
0.00011518844
0.00011687273
4.4391886e-05
5.9893372e-05
9.6095609e-05
3.7598122e-05
2.4916779e-05
9.273059e-06
2.4066676e-05
0.00013178644
6.7288654e-05
1.420199e-05
9.2660025e-06
2.7337698e-05
2.0718341e-05
7.547329e-05
6.865576e-05
7.570083e-05
9.8770891e-06
5.2023407e-05
2.1727576e-05
5.7559326e-05
3.3912294e-05
7.2420052e-06
9.7763304e-06
2.625426e-05
6.1137225e-06
1.2381836e-05
0.00013734934
9.4636619e-05
0.00012363503
0.0001213207
0.0001362158
0.00012417404
0.00011880849
0.00013288405
0.00011166336
2.011132e-05
2.1743869e-05
2.4953553e-05
0.00013740929
0.00011792205
8.6920795e-05
0.00011632749
7.5664343e-05
0.00012192782
0.00013915209
0.0001285859
0.00012527835
4.2347375e-05
2.3776089e-05
8.3757106e-06
2.3986465e-05
2.2870719e-05
9.7293582e-05
8.1110377e-05
3.3993883e-05
2.1606319e-05
7.9444976e-05
2.9204701e-05
2.8714373e-05
1.7714773e-05
8.0378351e-05
7.2180144e-05
3.8516447e-05
1.0047178e-05
4.0192451e-05
2.5465025e-05
7.3542497e-05
1.014916e-05
6.9614594e-05
8.4050952e-05
0.00012810986
0.00010918494
6.491644e-05
1.9151901e-05
2.908476e-05
5.4313908e-05
8.8531605e-05
8.1560446e-05
0.00011441183
0.00011473293
2.9188229e-05
5.7821056e-05
1.9943603e-05
8.061951e-06
2.2275085e-05
8.2615814e-06
1.8812127e-05
2.1209329e-05
8.5871308e-06
1.6544034e-05
1.7768613e-05
6.886261e-06
6.6723179e-06
1.1355933e-05
2.3169543e-05
1.3590825e-05
0.00013516024
2.354817e-05
0.00013115433
0.00011747816
0.00013466804
3.0436329e-05
7.3714424e-06
1.4103101e-05
2.0339503e-05
3.1063191e-05
6.4712192e-05
8.08911e-05
2.4394972e-05
8.7472347e-05
8.7092783e-05
3.4403567e-05
2.7839009e-05
1.1425326e-05
7.9966544e-06
2.1841892e-05
1.9799159e-05
3.1748413e-05
2.8203092e-05
5.2441037e-05
8.2212093e-05
3.4727383e-05
7.1605369e-05
4.4517987e-05
1.3419585e-05
5.3000395e-05
1.4039627e-05
9.1929018e-05
9.6894986e-05
5.2381999e-05
8.4551935e-05
9.5501255e-05
0.00012236928
3.0485262e-05
1.0039388e-05
2.27348e-05
5.1000278e-05
4.4510878e-05
2.4278835e-05
2.931981e-05
9.9724152e-05
6.4537006e-05
9.3085652e-06
5.5440783e-05
2.423723e-05
1.9631818e-05
3.0812135e-05
2.1198973e-05
6.9622499e-05
5.780567e-05
2.2494695e-05
9.7968719e-06
2.2594547e-05
2.4995431e-05
6.7267042e-05
9.0927574e-06
7.7797651e-06
1.7240156e-05
5.8664998e-05
8.1921332e-06
9.0480224e-06
2.4315154e-05
3.61559e-05
5.1070806e-05
2.7121572e-05
0.00011532423
5.556544e-05
0.0001138444
6.633654e-05
0.000138357
0.000143817
0.00015318701
0.00012220591
0.00010525752
2.9959435e-05
5.0979358e-05
8.3612781e-05
0.00012649075
4.401235e-05
7.121152e-05
0.00011113626
9.15105e-05
0.00010447162
8.3145027e-05
0.00010447033
9.4737708e-06
1.8787875e-05
1.0697471e-05
2.9462261e-05
2.8379679e-05
4.5663622e-05
5.5922962e-05
8.1600471e-06
2.0348686e-05
2.5299402e-05
6.3426399e-05
6.6570546e-05
0.0001021098
3.0669471e-05
2.06897e-05
3.0720208e-05
7.7199221e-05
0.00010698756
4.2405122e-05
4.3589982e-05
6.3161935e-05
2.4633708e-05
1.6312059e-05
7.6382061e-06
2.4151083e-05
8.1355291e-06
5.4752253e-05
8.673853e-06
2.1327116e-05
5.4356089e-05
2.3789392e-05
4.9197685e-05
2.7791735e-05
2.3864151e-05
3.5271936e-05
3.6934441e-05
1.5253582e-05
7.6518157e-06
2.3508261e-05
9.2006869e-06
7.6017663e-06
2.9552023e-05
7.2422369e-06
1.4544252e-05
1.8684146e-05
6.2061081e-05
0.00013679918
0.00012810244
9.8988151e-05
9.8338184e-05
3.6333847e-05
0.00013677604
0.00012240179
9.4788285e-05
9.8184367e-05
3.6964911e-05
2.650387e-05
5.5832483e-05
6.5182113e-05
0.00013998475
0.00010368648
6.6652869e-05
5.9655473e-05
0.00013582297
0.00013516478
9.9568231e-05
0.00010471045
1.8148022e-05
3.2757677e-05
9.2190798e-06
0.00013420405
0.00013283294
9.0135756e-05
9.9679547e-05
3.7052488e-05
7.2756811e-06
1.7801749e-05
1.8915097e-05
4.3170232e-05
5.0536469e-05
1.5736445e-05
4.4003727e-05
1.1620643e-05
2.3587773e-05
7.7449669e-05
1.1402066e-05
4.245247e-05
0.00010912735
7.1338016e-05
7.0005337e-05
1.9136093e-05
1.3494162e-05
3.7873237e-05
6.6485882e-05
5.2407431e-05
1.623536e-05
1.8876699e-05
2.8477212e-05
8.2774492e-05
4.4596579e-05
5.0640319e-05
2.9347966e-05
0.00011302891
9.2603997e-05
8.1493616e-05
5.9300403e-05
3.6492617e-05
6.228458e-05
4.5311391e-05
2.4365088e-05
2.1771132e-05
7.1472809e-05
9.9196202e-06
8.1689244e-06
5.7701682e-05
5.47733e-05
8.6945546e-05
9.4967541e-05
8.2422678e-06
3.0380079e-05
1.0914742e-05
2.2343017e-05
7.4940764e-05
2.5328239e-05
8.3589181e-06
2.8188891e-05
1.7075022e-05
1.7810352e-05
4.4889191e-05
2.1543525e-05
4.5235674e-05
7.1418346e-05
4.9179967e-05
8.7233338e-06
4.3973205e-05
6.9501136e-05
8.1004743e-05
8.0286511e-05
3.2994065e-05
7.8590407e-05
2.1244861e-05
7.6504258e-05
5.6395838e-05
8.5648037e-06
1.970939e-05
1.7199499e-05
2.1810029e-05
5.3492455e-05
6.1475531e-06
2.3230575e-05
1.0010391e-05
7.9233689e-06
1.8612602e-05
2.4923367e-05
8.277986e-06
2.3891492e-05
4.6194381e-05
2.2435195e-05
2.3541657e-05
4.6968656e-05
2.3182299e-05
2.0300395e-05
2.4432203e-05
5.9756788e-05
1.0028499e-05
6.9639301e-06
1.6987146e-05
5.5612455e-05
0.00010763919
8.7660072e-05
9.5961941e-05
1.4789414e-05
3.1124454e-05
6.0298005e-05
1.2034716e-05
2.2672546e-05
7.1773346e-05
2.3970923e-05
6.4950001e-05
9.5552618e-06
8.2450673e-06
3.6082906e-05
0.00011957165
0.0001027025
8.5422106e-05
0.00012384553
1.5846223e-05
6.6180969e-06
0.00012067827
0.00010745714
0.00011871943
9.3756472e-05
0.00012630842
8.3587606e-05
0.00010694482
0.00011582681
8.4035924e-05
0.00010654657
8.9788266e-05
0.00011252388
6.8691603e-06
7.5998772e-06
8.7396351e-06
2.0043388e-05
2.6549431e-05
2.1399781e-05
2.2182505e-05
6.3487565e-05
7.6177276e-05
6.9620892e-05
6.424896e-05
5.443878e-05
8.751012e-05
8.400811e-06
2.2355757e-05
2.0577321e-05
6.0146899e-05
2.8168879e-05
2.4812992e-05
7.1957565e-05
3.1277324e-05
9.3455304e-06
6.9786275e-06
6.0260637e-05
4.679116e-05
8.04006e-05
2.492673e-05
6.9517518e-06
3.4510829e-05
1.9352054e-05
8.6177987e-06
5.5192134e-05
1.3577115e-05
1.3715817e-05
3.0390402e-05
8.3416725e-05
2.3016832e-05
6.4283059e-05
1.9730087e-05
1.8170962e-05
4.9187177e-05
7.436706e-06
2.4511975e-05
0.00010577419
0.00010707898
8.6280636e-05
6.7799152e-05
2.0159815e-05
5.730103e-05
1.0743681e-05
8.1679029e-05
5.5623656e-05
2.5396322e-05
9.5160207e-05
3.0121066e-05
8.2857815e-05
2.3010032e-05
6.4531006e-05
4.9454007e-05
2.5318833e-05
0.00012015137
7.1153332e-06
1.4205787e-05
7.0904533e-06
7.8030455e-05
8.5678635e-05
2.7364057e-05
4.2272219e-05
1.4430486e-05
2.8247219e-05
9.5417445e-05
8.7787079e-05
2.8558228e-05
8.5055088e-06
5.7074829e-05
1.4216031e-05
3.2556562e-05
1.2546106e-05
6.4046462e-05
1.8300058e-05
2.4250423e-05
5.3494997e-05
7.8463481e-05
5.3928713e-05
1.0246822e-05
7.2764721e-05
8.5806363e-05
0.00010982665
2.4063779e-05
2.4513254e-05
1.3115652e-05
1.1773463e-05
2.8786437e-05
5.2559276e-05
1.055641e-05
2.6394657e-05
5.3427089e-05
3.3967173e-05
1.2844524e-05
6.899997e-05
1.0286921e-05
4.4328764e-05
2.4521233e-05
8.6954707e-05
3.8228499e-05
5.9072578e-05
6.970008e-05
9.3734285e-05
8.7955685e-05
8.1414962e-05
8.3222721e-05
0.00010501142
7.7095982e-05
9.4550507e-05
0.00010349419
4.9138749e-05
1.3070201e-05
1.3014062e-05
8.5253608e-05
8.1923812e-05
9.6734693e-05
4.8027733e-05
1.1093755e-05
2.8963926e-05
4.3875704e-05
7.7517102e-05
1.1221186e-05
1.3003098e-05
9.5176394e-06
4.224032e-05
2.2013471e-05
1.5120198e-05
1.994918e-05
7.2879499e-05
2.4341042e-05
6.3985942e-05
3.4150831e-05
7.9338491e-05
1.1610684e-05
4.0553109e-05
4.2121591e-05
1.3451261e-05
3.3795698e-05
1.6981622e-05
6.9881095e-06
6.2168807e-06
1.3259462e-05
1.750688e-05
1.1963462e-05
2.1165318e-05
0.00012707181
0.00014554401
0.00014038346
8.6866617e-05
0.00013683416
0.00012780022
9.7462005e-06
6.2848087e-05
4.1407095e-05
1.1382548e-05
1.1757448e-05
3.0383098e-05
1.1137126e-05
5.952715e-05
1.8529679e-05
6.8490307e-05
2.0010868e-05
2.7818628e-05
8.6360284e-05
3.3753123e-05
2.0115586e-05
4.7579844e-05
6.6219508e-06
3.0768565e-05
1.5159738e-05
6.2931402e-06
1.3526286e-05
5.5935893e-05
9.3233456e-05
6.5666801e-05
8.319367e-06
2.6081781e-05
0.00010351511
1.8644458e-05
1.8837873e-05
3.1455012e-05
2.4609723e-05
1.0594673e-05
1.3276818e-05
4.6585089e-05
2.7683567e-05
5.6703294e-05
1.8802624e-05
1.5788477e-05
1.2847702e-05
6.0936306e-06
2.8882069e-05
9.0759125e-05
8.0328617e-05
5.7246333e-05
0.00013004783
9.6605581e-05
1.1835874e-05
1.4118851e-05
4.9722639e-05
0.00011356806
0.00013465591
0.00011646715
2.390813e-05
7.6260747e-05
3.0226452e-05
8.4385716e-05
2.6407706e-05
3.1283748e-05
6.7540717e-06
3.9506266e-05
2.189292e-05
1.6310647e-05
3.3556089e-05
8.3399239e-06
5.9746468e-05
0.00010384336
2.1765181e-05
1.9384666e-05
0.00012019
5.0225268e-05
5.5271578e-05
1.2371503e-05
8.3579781e-05
0.0001089604
9.7144956e-05
0.00012159159
8.8348239e-05
0.0001050378
0.00010009844
0.00011005395
3.2209295e-05
2.1436718e-05
6.0692971e-05
1.1884892e-05
6.6975276e-06
9.7105494e-06
2.6418541e-05
4.5454952e-05
7.3969118e-05
2.3268903e-05
8.5489689e-05
4.7613336e-05
8.9083988e-05
3.8629861e-05
1.442849e-05
7.730962e-06
1.9105857e-05
6.0135957e-05
3.0378208e-05
6.3538282e-06
2.0853849e-05
1.5445447e-05
1.8063182e-05
6.7303074e-05
3.2673639e-05
7.6710982e-05
2.8068577e-05
3.7726078e-05
2.0616215e-05
7.2337062e-06
7.2371827e-06
4.6005344e-05
8.3828785e-05
6.3234008e-05
0.00013476309
0.00013382815
0.00012663947
0.00012809357
0.00013204317
0.00011603802
7.0091852e-05
0.00010482883
7.5251164e-05
2.5668103e-05
4.1397547e-05
7.2837685e-05
1.0500193e-05
2.8543329e-05
4.9844818e-05
4.9265506e-05
2.2376214e-05
1.1081908e-05
2.3541765e-05
2.4518831e-05
1.7310654e-05
1.8487392e-05
7.1556321e-06
1.0033102e-05
1.8999035e-05
8.2047775e-06
4.7392052e-05
2.3233337e-05
2.0106355e-05
7.6345138e-06
3.4180081e-05
1.0258313e-05
1.3213908e-05
8.2955332e-06
9.3806212e-06
2.3877033e-05
2.6054763e-05
2.2548532e-05
2.1059449e-05
2.1103134e-05
8.0171536e-06
5.4522153e-05
3.3376123e-05
9.4008017e-06
6.4077295e-05
1.3321383e-05
8.6653269e-05
8.1667407e-05
2.3370688e-05
2.620803e-05
9.1551064e-06
2.4669643e-05
3.4268897e-05
2.7953381e-05
4.1467791e-05
1.1871758e-05
1.6037574e-05
1.6083297e-05
3.6906334e-05
3.8162702e-05
2.1742762e-05
2.5680703e-05
3.5121663e-05
8.5153069e-05
7.4239136e-05
0.00013112971
8.4462067e-05
8.6273299e-05
6.0080597e-05
0.00013124378
0.00011774884
7.0775092e-05
3.5215137e-05
0.00012562764
9.6197434e-05
0.00015362347
1.3941153e-05
6.2839208e-05
9.4951597e-05
1.1198468e-05
4.7023931e-05
7.6363725e-05
9.797468e-05
6.6254755e-05
4.5686519e-05
2.8866412e-05
3.1486811e-05
7.9849851e-05
0.00010367606
2.6734475e-05
1.2104494e-05
1.1993366e-05
4.7946992e-05
8.0918426e-06
3.5319888e-05
8.5892149e-06
4.0170915e-05
7.5778528e-06
6.3116652e-05
2.5991748e-05
1.4599871e-05
6.090095e-05
2.0287371e-05
2.3274834e-05
5.5696816e-05
4.2360548e-05
6.7793279e-06
1.4357181e-05
1.7772425e-05
7.6350858e-05
7.997901e-05
1.0495254e-05
3.9461611e-05
9.4476194e-05
2.0568023e-05
5.6992079e-05
9.0462734e-06
7.0428526e-05
2.0024528e-05
3.7011651e-05
9.232634e-06
1.1786223e-05
1.8428024e-05
4.4661596e-05
4.0030568e-05
4.3648332e-05
3.7087601e-05
8.1252073e-05
2.6557369e-05
1.2987111e-05
0.0001078455
0.00010769598
1.6466645e-05
6.3461424e-05
6.5860476e-06
2.972691e-05
4.284738e-05
5.4280204e-05
2.3360459e-05
1.1707633e-05
1.1605962e-05
7.2554677e-06
2.1237453e-05
2.272357e-05
2.0435775e-05
6.4332618e-06
6.5165931e-06
8.4402849e-06
2.0553576e-05
7.8605745e-05
5.7394193e-05
9.4971139e-06
1.652636e-05
8.2488806e-06
5.186801e-05
1.3465085e-05
8.3536071e-06
6.1270761e-05
2.3008076e-05
5.0071335e-05
6.5888103e-05
3.0591057e-05
8.2974807e-05
7.2108537e-05
7.436566e-06
1.1017023e-05
3.9489902e-05
0.00010391875
8.7409345e-05
9.8635176e-05
0.00011277073
0.00011793375
1.2590486e-05
2.7059948e-05
1.2731972e-05
1.3727127e-05
6.4451058e-06
3.5086344e-05
3.3634765e-05
4.7730406e-05
2.2654364e-05
1.2283713e-05
2.6677858e-05
5.4366011e-05
3.6776469e-05
5.1521359e-05
0.00012790123
0.00014188032
0.00013514089
0.000134588
0.00011220252
9.3767344e-05
0.00011991587
8.2615831e-05
2.2266882e-05
8.0558491e-06
1.0728496e-05
2.5259597e-05
5.0212453e-05
8.3691259e-06
5.4717155e-05
4.0198725e-05
1.6254863e-05
6.6536269e-06
2.7127888e-05
1.317022e-05
1.3125375e-05
5.0973431e-05
9.2079977e-05
4.1550607e-05
1.2124305e-05
2.0576646e-05
2.4283151e-05
2.0384693e-05
6.427025e-06
6.4717483e-06
3.6830304e-05
5.6804675e-05
9.456855e-05
9.691352e-05
6.7146263e-05
8.4732875e-05
9.0040519e-05
2.941312e-05
6.9370496e-05
4.389506e-05
1.1513673e-05
9.1554138e-06
8.2774797e-06
3.5139853e-05
2.618265e-05
8.306717e-06
6.0448682e-06
7.2917149e-05
2.667225e-05
1.6317564e-05
5.824543e-05
9.0217508e-06
4.6335847e-05
5.353477e-05
1.7733785e-05
7.0882555e-05
2.114746e-05
8.0416044e-06
3.4274687e-05
8.2488803e-06
1.0532515e-05
1.6772744e-05
4.2433168e-05
7.0652905e-06
2.6220872e-05
8.2329997e-06
2.4946471e-05
2.6685888e-05
2.3262716e-05
3.0398054e-05
2.279705e-05
1.3796534e-05
6.9285579e-06
1.1001418e-05
3.9345444e-05
4.7934915e-05
2.0576465e-05
5.4080622e-05
4.8409631e-05
2.0603524e-05
1.8110492e-05
6.7505757e-06
1.3953801e-05
2.33624e-05
3.0142802e-05
4.4301863e-05
7.8637769e-05
4.9890454e-05
7.7529618e-06
6.5930531e-05
2.7664576e-05
2.9917423e-05
3.3533223e-05
8.5301147e-06
5.5917048e-06
3.5807828e-05
1.3667295e-05
1.8699258e-05
6.5801588e-06
1.8308635e-05
2.6172586e-05
1.1436571e-05
9.9889197e-05
8.291184e-05
0.00010007188
3.5198242e-05
6.8271646e-05
4.1996435e-05
1.3631141e-05
7.532796e-06
4.3576348e-05
7.8888165e-06
1.7594048e-05
1.9129294e-05
2.6409822e-05
8.6666534e-05
4.0061406e-05
5.1680039e-05
2.6385034e-05
7.4170872e-06
1.5128946e-05
5.8683167e-05
8.5501977e-05
2.2751489e-05
2.0449813e-05
1.3345625e-05
0.00010565584
0.00015510915
4.2424228e-05
8.707919e-06
3.4606712e-05
8.6975826e-05
6.9901546e-05
2.7250806e-05
0.00014666621
0.00012747884
0.00011319753
9.9058049e-05
0.00013211849
9.4844296e-05
3.0483416e-05
5.3930145e-05
8.6199338e-06
1.421318e-05
4.2512871e-05
6.1752329e-06
1.382671e-05
5.4069035e-05
2.2152587e-05
6.3430384e-05
7.2190236e-06
9.0005565e-05
1.2837377e-05
2.9857808e-05
4.4946957e-05
4.0498196e-05
6.761207e-06
1.9283002e-05
1.2401083e-05
7.6763809e-06
4.525994e-05
3.1232652e-05
0.00012807295
0.00014291026
0.00015011999
0.00011477088
9.4756682e-05
2.4539458e-05
3.372552e-05
3.4299313e-05
9.4844007e-05
8.4425651e-05
1.1796935e-05
5.8946468e-05
2.8432321e-05
9.5362304e-06
2.7800361e-05
4.8652292e-05
7.0974212e-05
0.00010402256
9.2640405e-05
2.1154997e-05
2.3233639e-05
6.9062588e-05
0.0001074966
7.2633149e-05
0.00010076774
1.0125067e-05
4.3705909e-05
4.6214123e-05
1.2529907e-05
8.1179471e-05
2.3355346e-05
2.4282265e-05
1.492537e-05
7.1948143e-05
4.1868801e-05
2.26255e-05
8.5883263e-06
7.2369194e-05
8.2555395e-06
1.5526556e-05
3.1154366e-05
6.737386e-06
6.6577382e-06
6.5078324e-06
1.6001105e-05
5.0672216e-05
3.913306e-05
3.9591891e-05
7.4756383e-06
1.6126502e-05
1.3748922e-05
6.2732834e-06
9.0849854e-06
2.1386624e-05
8.0263845e-06
1.6884694e-05
0.000119123
6.77233e-05
9.2004571e-05
8.8623976e-05
7.6440868e-05
2.2380546e-05
2.9775695e-05
5.7719178e-05
0.00011666603
6.574357e-05
8.8420218e-05
9.1653645e-05
9.7972637e-06
6.8219033e-05
9.980578e-05
8.410833e-06
2.1644277e-05
4.020113e-05
7.4397036e-05
2.7103762e-05
0.00010052565
8.4838048e-05
8.1261775e-05
3.1763055e-05
3.1223638e-05
6.5877353e-05
7.3258181e-05
5.3302838e-05
7.4914535e-06
2.7234603e-05
2.030636e-05
9.2597227e-05
9.2936802e-05
6.909191e-05
9.7949963e-06
4.9713592e-05
2.6714897e-05
4.9136802e-05
2.6510793e-05
7.3265636e-05
7.0371277e-05
4.2050757e-05
2.6169081e-05
1.0867589e-05
2.4761661e-05
1.0341964e-05
1.9252967e-05
1.9644591e-05
4.4956508e-05
6.917151e-06
1.8322275e-05
6.0745368e-05
2.2824455e-05
2.4003153e-05
1.5119412e-05
6.6592665e-06
9.5391604e-06
2.5697299e-05
9.8769361e-06
4.0846992e-05
1.9941653e-05
7.3435843e-06
5.1839917e-05
2.1559922e-05
1.902657e-05
2.5404326e-05
2.1200203e-05
3.1823303e-05
2.2715982e-05
6.7177554e-05
7.7952803e-05
5.7080189e-05
8.3939454e-06
5.2847696e-05
1.9374331e-05
1.9165216e-05
8.2096891e-06
5.1161447e-05
2.1801115e-05
8.0108877e-06
8.9693915e-06
3.454115e-05
8.1118674e-05
9.5418701e-05
8.5447605e-05
1.6133697e-05
3.9793624e-05
5.2778007e-05
2.106805e-05
6.4363735e-05
6.1068487e-05
4.963466e-05
5.6800626e-05
1.3963154e-05
1.2587375e-05
2.9084869e-05
7.5683326e-05
5.5471517e-05
2.906792e-05
4.1205706e-05
1.1380196e-05
1.329777e-05
7.1083085e-05
4.7454182e-05
8.5569112e-05
6.9031491e-05
7.5994665e-05
9.6164972e-05
2.8083134e-05
4.6975905e-05
7.6045294e-05
7.0046019e-06
1.7505568e-05
1.3369924e-05
6.3653221e-06
3.4475167e-05
2.9207644e-05
6.9488965e-05
3.491038e-05
8.9490087e-06
2.3336292e-05
2.7765533e-05
4.5688369e-05
9.9586099e-06
1.3767729e-05
7.8603777e-05
9.0095262e-05
3.8642346e-05
3.0311052e-05
7.6920417e-06
4.1895947e-05
8.0766662e-06
1.9374655e-05
2.1237202e-05
7.0263724e-05
5.1704291e-05
3.5081176e-05
3.5344728e-05
0.00010275053
8.7057452e-05
8.9348289e-05
7.8659025e-05
3.3920107e-05
3.220827e-05
8.3374494e-05
8.0031944e-05
6.5129436e-06
6.3397563e-06
1.3377883e-05
6.8250241e-06
2.8663768e-05
3.2342713e-05
1.6723669e-05
1.2756887e-05
6.4171308e-06
1.5317145e-05
3.3986455e-05
1.5221332e-05
1.5619044e-05
8.1897994e-06
6.6489227e-06
5.4141025e-05
0.00010604505
0.00010871288
2.5268864e-05
0.00011045365
8.8969143e-05
1.3941846e-05
7.2929235e-06
5.2194822e-05
0.00015519617
0.00015501923
0.0001554984
0.00015705758
0.00013955288
3.973653e-05
9.5187371e-05
0.00010732474
0.00012828288
0.0001101797
0.000146136
0.00011605488
4.8508897e-05
0.00014413834
0.0001256919
0.00014795821
0.00014071339
0.00015384969
0.00012455686
2.1024743e-05
3.2960221e-05
3.4437079e-05
2.0069435e-05
7.4144689e-05
0.00011813873
0.00011377954
1.1373495e-05
9.4482168e-06
4.1302986e-05
4.3871087e-05
3.1113091e-05
0.00011404152
7.3460527e-05
8.0368044e-05
2.0163264e-05
2.3604512e-05
1.8254254e-05
7.0375719e-06
1.46541e-05
3.3160222e-05
0.00010228301
8.9574719e-06
1.4145222e-05
2.9059233e-05
1.4405133e-05
7.2194055e-05
8.6965299e-05
2.7737311e-05
1.7147603e-05
6.2793664e-05
2.263322e-05
2.1622521e-05
9.1338411e-05
3.0703581e-05
2.9399352e-05
2.2548744e-05
2.235081e-05
8.6995244e-06
1.0376149e-05
1.1487534e-05
8.1035874e-05
0.00013553398
0.0001200721
9.9377318e-05
4.8208306e-05
4.6143879e-05
1.3268159e-05
9.0620688e-05
1.0461314e-05
3.6889424e-05
3.9241096e-05
0.00014428783
0.00012262458
0.00011366219
8.2954908e-05
5.9574775e-05
1.2376209e-05
0.00011774264
0.00011623694
8.8883128e-05
7.0099108e-06
7.9192139e-05
4.7720733e-05
9.8534778e-05
1.4455802e-05
4.7935327e-05
6.4198083e-05
6.0162526e-05
1.8566143e-05
5.2641611e-05
2.0223243e-05
9.2591323e-06
3.1962177e-05
7.8169363e-05
2.661097e-05
8.9098615e-05
3.0840569e-05
6.7714458e-05
8.5887791e-05
2.3800946e-05
0.00011237637
4.4503132e-05
7.6644166e-05
1.0570167e-05
2.6629942e-05
9.6348437e-05
9.434592e-05
5.2881655e-05
0.00012505122
4.829263e-05
1.1059992e-05
1.3843599e-05
0.00014909619
0.00011932103
0.0001288881
0.00014236828
2.7204951e-05
9.3715748e-06
8.7862476e-05
0.00010754111
0.00012783449
7.6594105e-05
2.8813604e-05
2.6836343e-05
3.2603562e-05
6.8600704e-06
1.7695283e-05
4.9036345e-05
2.1961725e-05
7.264e-06
6.7772152e-05
6.0020752e-05
2.0958305e-05
3.0055034e-05
9.5656079e-06
8.4191273e-06
2.3412477e-05
7.4143458e-05
5.3314753e-05
5.7419261e-05
9.4369952e-06
2.5828488e-05
3.5959257e-05
3.8345983e-05
3.5052786e-05
3.7778492e-05
2.974818e-05
5.9842867e-05
5.2933276e-05
3.0079571e-05
6.5116787e-05
3.0094687e-05
3.0058565e-05
2.0843903e-05
5.6740461e-05
4.5744736e-05
1.3519394e-05
1.8076644e-05
2.1753403e-05
4.1064885e-05
6.0893705e-05
4.7313583e-05
5.5073643e-05
2.5620225e-05
2.5058697e-05
5.9486877e-05
8.2128792e-05
0.00010720567
6.056214e-05
5.1927626e-05
0.00010160091
2.553176e-05
3.8958426e-05
9.2922528e-06
9.970004e-06
7.228549e-05
8.7749274e-05
7.3074259e-05
0.00010290442
6.0117886e-05
7.2133171e-05
0.00010327295
4.0985317e-05
0.0001200713
8.7358506e-05
3.5147481e-05
8.2009635e-05
8.0693538e-05
2.236634e-05
0.00011276069
9.3643675e-05
0.00011192047
6.5495789e-05
8.3880005e-06
3.2178755e-05
3.3971565e-05
1.421787e-05
8.6279046e-05
2.8029402e-05
2.2153815e-05
8.7514882e-06
2.6991611e-05
2.175034e-05
6.3910068e-05
7.0812719e-05
1.9372339e-05
2.9480935e-05
2.9007402e-05
7.6629415e-05
5.5089868e-05
4.3034444e-05
6.9227422e-05
2.3748976e-05
0.00012366704
8.3683605e-05
8.3592905e-05
7.9617684e-05
6.1412782e-05
3.2365621e-05
9.046826e-05
4.9884188e-05
2.7711072e-05
1.4591339e-05
4.3372847e-05
1.127595e-05
5.6882109e-05
0.00015014556
0.00011665972
0.00014625345
0.00014444609
0.00010951958
0.00014361405
0.00011264568
0.00014525032
0.00014157774
2.73191e-05
5.9384808e-05
1.1512055e-05
4.2771635e-05
1.3555351e-05
1.5405392e-05
1.7976677e-05
2.5273994e-05
6.0045844e-05
1.012026e-05
2.9810418e-05
0.00015193215
0.00013366031
0.00014873843
1.3691326e-05
3.0991029e-05
3.3315335e-05
9.656732e-05
3.553376e-05
3.5805289e-05
9.6141746e-05
3.6070697e-05
2.0867058e-05
2.6968122e-05
1.3510182e-05
6.9882119e-06
1.6250537e-05
3.4944678e-05
3.8644071e-05
1.6286366e-05
7.445087e-06
4.8732386e-05
3.4794339e-05
3.6763612e-05
3.7079309e-05
0.00010844462
4.1399773e-05
6.8014712e-05
0.00010139892
9.793539e-05
3.3774153e-05
9.1770607e-05
3.8703921e-05
0.00012058333
0.00013374081
0.00012588221
0.00011026553
0.00010599863
9.4307072e-05
0.0001172393
6.1472246e-05
6.7651814e-06
1.4576637e-05
3.7670757e-05
9.8382031e-06
2.8406188e-05
1.4454656e-05
1.3215765e-05
5.2955991e-05
4.8419715e-05
0.00012247949
9.6364667e-05
8.2878737e-05
0.00011616291
4.1738111e-05
0.00010406773
6.9743197e-05
3.0183793e-05
1.3577376e-05
3.3661396e-05
6.7718584e-06
0.0001294215
0.00010979988
0.0001254666
0.0001085864
4.697464e-05
1.4471509e-05
9.9077267e-06
6.6591294e-05
5.4800646e-05
1.9928403e-05
8.0235563e-05
2.5869881e-05
2.9874423e-05
7.301895e-05
8.052454e-05
2.5392459e-05
3.0694287e-05
6.8818596e-05
6.3746049e-05
9.409601e-06
2.4123968e-05
2.4742574e-05
4.4741911e-05
1.5570091e-05
1.6437082e-05
1.0614143e-05
1.0709825e-05
4.2401005e-05
6.0907281e-06
1.0031144e-05
2.7916137e-05
5.9729132e-05
3.7322418e-05
6.415632e-05
7.921528e-05
7.7801202e-05
1.6418451e-05
8.0899201e-06
3.3658567e-05
8.3285309e-06
5.7835862e-05
4.1304837e-05
1.3047667e-05
7.0324251e-06
2.8682659e-05
8.806294e-05
8.0584537e-05
3.4511722e-05
3.6976692e-05
4.1035735e-05
0.0001194706
0.00010036478
7.3625118e-05
4.7769933e-05
9.5340517e-05
2.4176827e-05
3.6069924e-05
0.00013405577
0.00014346822
0.00013860764
0.00013618498
9.6427839e-05
3.2274738e-05
8.5142252e-05
3.6505471e-05
0.00012736044
0.00010799165
0.00012726321
0.00011143186
0.00010024128
3.8851991e-05
0.00010219676
3.7736609e-05
7.3509297e-05
0.00013152452
0.00011073751
0.00011206407
0.00011744118
1.7146578e-05
8.2823714e-06
9.0041741e-06
3.7224575e-05
7.681925e-05
9.7049715e-05
2.739194e-05
0.00012654483
0.00013629639
0.00011564684
0.00013342131
0.00011143377
0.00010260383
0.00011023283
7.1197737e-05
0.00011731347
6.7021112e-05
9.7784263e-05
9.2118014e-05
0.00010350963
3.906165e-05
0.00010190546
4.1452084e-05
2.9012395e-05
8.1270857e-05
3.2832766e-05
6.4728738e-05
0.00010094939
0.00014454452
3.0164523e-05
3.3350457e-05
9.6088988e-05
2.2677728e-05
5.3025655e-05
2.7293513e-05
0.00010114045
3.6480955e-05
0.00010116603
3.9059809e-05
6.7812559e-05
3.3297771e-05
2.6011614e-05
0.00012877452
0.00013843612
0.00015261496
7.9441858e-05
1.1648475e-05
2.8805955e-05
9.6907187e-05
8.7290657e-05
1.0810174e-05
2.5298502e-05
0.00011716927
3.8144147e-05
2.8957401e-05
7.3391968e-05
7.9024419e-05
2.5752237e-05
2.5612676e-05
8.5412962e-06
4.3020411e-05
1.0941639e-05
1.0657067e-05
7.3258397e-06
4.6082108e-05
8.3613169e-05
8.5852102e-05
1.4840327e-05
7.6678376e-06
4.7375765e-05
2.133477e-05
3.1856195e-05
7.2581429e-06
6.2144529e-05
9.8025432e-05
2.2527066e-05
1.0612408e-05
7.7549797e-05
1.2370913e-05
1.6408072e-05
6.3137117e-06
3.0375109e-05
7.6854955e-05
4.301348e-05
1.0483612e-05
2.0832212e-05
1.9318205e-05
7.6409593e-05
5.8541405e-05
2.4669709e-05
6.8185745e-06
1.6642567e-05
5.4221573e-05
7.9229448e-05
7.3083721e-05
0.00010428353
2.8903476e-05
8.7388265e-05
2.9839668e-05
2.7349181e-05
1.2875318e-05
2.1626738e-05
6.6046184e-05
6.4487993e-06
8.5715542e-06
6.2091983e-05
6.7149932e-05
7.1432262e-05
4.6685419e-05
3.7445883e-05
1.6257739e-05
1.5840991e-05
0.00011985377
9.9870926e-05
8.8578571e-05
8.6803724e-06
2.3258202e-05
3.8679669e-05
3.3169197e-05
1.2801731e-05
6.4032625e-06
2.1825129e-05
2.1842951e-05
9.7526325e-06
1.0299945e-05
2.2291982e-05
5.6038628e-05
4.2173311e-05
6.502405e-05
5.6919699e-05
6.5313638e-05
8.0586316e-06
5.700507e-05
2.2156072e-05
2.0479431e-05
1.2136565e-05
1.0539279e-05
3.2430722e-05
6.6291431e-06
1.553403e-05
1.9495221e-05
3.7751862e-05
4.6634169e-05
7.8045602e-06
3.1929385e-05
6.5449552e-06
9.8164403e-06
1.0285502e-05
9.8380811e-05
5.8025351e-05
8.1879965e-05
4.5084373e-05
9.7657673e-06
4.2230238e-05
8.2218004e-05
1.2756116e-05
1.0468935e-05
4.4649121e-05
1.3319657e-05
6.5882215e-06
1.317808e-05
6.4466446e-06
2.2305521e-05
7.9869283e-06
2.7359609e-05
2.7592993e-05
2.0781162e-05
2.0656762e-05
1.4093738e-05
9.4044892e-05
3.300438e-05
1.0250158e-05
7.149418e-05
9.1489306e-06
3.3414475e-05
7.2093685e-06
2.1346557e-05
7.6805897e-05
3.2099214e-05
9.0612228e-05
0.00010833159
3.2074813e-05
1.2618457e-05
6.0267968e-06
1.4171815e-05
1.280824e-05
9.2448126e-06
1.2900294e-05
2.7466973e-05
0.00010634464
6.9957237e-05
3.2399344e-05
1.2954225e-05
1.0981735e-05
7.6290798e-05
8.6840405e-05
9.3875282e-05
0.00011600174
3.5572573e-05
2.7379236e-05
7.0044319e-06
8.7897891e-05
8.9822237e-05
3.8554405e-05
5.2492667e-05
8.534094e-06
9.8338147e-06
2.2978761e-05
3.5068482e-05
2.4474043e-05
2.8266997e-05
0.00010631908
6.9419186e-05
2.0367959e-05
5.376333e-05
7.5305955e-06
3.415218e-05
1.3914207e-05
3.2980029e-05
7.8963146e-06
5.9912436e-05
8.1854758e-05
1.2552957e-05
7.0658665e-05
3.9923362e-05
9.0822235e-06
3.912636e-05
7.1135885e-05
5.42487e-05
3.0904745e-05
8.684125e-05
5.4506887e-05
3.8725038e-05
3.3706389e-05
2.0934511e-05
9.6060363e-06
8.2621687e-06
1.3387984e-05
2.5060223e-05
3.3543422e-05
0.00011154245
7.027698e-05
7.8435331e-06
8.4537933e-05
1.2240499e-05
3.4889908e-05
8.8100786e-05
3.6129724e-05
1.1317188e-05
2.5336521e-05
9.9852103e-06
7.1621634e-05
2.4617692e-05
8.3309141e-05
2.5601586e-05
2.9818903e-05
2.4164892e-05
8.3262948e-06
1.0910251e-05
7.4759865e-05
0.0001051072
0.00011689807
0.00013276357
0.00013150722
0.00013682853
5.7088038e-05
0.00010249432
0.00011225728
0.00011935719
0.00012630414
0.00013497601
2.0609755e-05
6.7444739e-06
0.00010969228
9.3244393e-05
3.7066449e-05
1.0526324e-05
1.0415164e-05
6.3972872e-06
9.6536188e-05
3.6520163e-05
3.5777996e-05
2.6060044e-05
9.0730948e-05
3.3099716e-05
9.5896896e-06
1.4238425e-05
7.6364498e-05
8.252046e-05
6.6176424e-06
5.2131484e-05
3.2206289e-05
7.371829e-06
2.6970029e-05
1.4538358e-05
1.3673473e-05
2.1105932e-05
7.7508906e-06
3.7457279e-05
6.6850432e-06
2.3451109e-05
1.6201703e-05
3.6656416e-05
3.738425e-05
1.3046597e-05
1.462527e-05
4.8562785e-05
6.9164263e-06
4.3492505e-05
1.9013117e-05
4.830724e-05
5.0679313e-05
2.8314501e-05
6.4348992e-05
2.2383069e-05
6.871795e-05
9.2802642e-05
1.6168002e-05
5.1093492e-05
1.8201917e-05
8.4365231e-05
3.6072476e-05
3.2058021e-05
6.1896225e-06
2.5724792e-05
7.6123144e-05
6.0909375e-05
1.2290018e-05
3.1013967e-05
1.3418495e-05
2.1054667e-05
6.4109495e-05
4.8482066e-05
9.4977519e-05
1.2798486e-05
2.6998704e-05
1.3737752e-05
2.6265044e-05
6.5696967e-05
9.4445433e-06
6.1713654e-05
1.0712016e-05
2.7406969e-05
3.4543564e-05
7.7904969e-05
6.2823037e-05
9.2533576e-05
8.6812833e-05
8.2113512e-06
6.467983e-06
8.6271721e-06
5.7821973e-05
2.0898042e-05
2.740478e-05
4.356325e-05
5.492192e-05
8.583844e-06
2.0021682e-05
3.2723471e-05
2.3441615e-05
7.7639059e-05
0.00011250515
7.8787952e-05
4.5543178e-05
2.1130617e-05
7.5438633e-05
7.0573924e-05
3.5749477e-05
5.5456311e-05
3.6480743e-05
1.1336916e-05
2.7682017e-05
1.2896217e-05
1.3710678e-05
6.5584138e-06
3.2941658e-05
8.9967627e-05
3.7202447e-05
9.1374196e-06
8.171449e-05
9.2744934e-05
2.8632328e-05
4.8929625e-05
0.00011362594
8.7694008e-05
9.2433076e-05
1.9612767e-05
7.9517735e-05
1.0993494e-05
5.2717277e-05
6.527766e-05
6.6764418e-05
0.00012487521
5.3776796e-05
9.6334265e-05
0.00012381231
5.3069765e-05
9.6762928e-05
1.3774698e-05
1.4118815e-05
5.3090831e-05
0.00012677237
0.00013749223
0.00013215855
3.79871e-05
9.3556387e-05
3.751248e-05
9.9691764e-05
0.00012914918
0.00012945492
1.1429997e-05
1.3719985e-05
3.7562963e-05
0.00010307537
8.4397543e-05
0.00011272904
0.00012905569
8.5277216e-06
5.784219e-05
7.1481316e-05
9.3564653e-05
2.6619545e-05
3.4309206e-05
7.7284791e-05
9.0036373e-05
2.6854606e-05
8.4712751e-06
1.8544421e-05
0.00010585585
3.5526107e-05
1.3556196e-05
1.7905391e-05
1.1131326e-05
3.684514e-05
9.2825434e-05
3.2016173e-05
2.9261649e-05
1.9842097e-05
2.3559037e-05
1.0286438e-05
1.9991235e-05
3.7874534e-05
5.9472322e-05
8.91152e-06
7.575099e-06
6.9098869e-05
3.9240829e-05
2.4812133e-05
3.2095034e-05
2.0503359e-05
5.9573414e-05
1.4177035e-05
1.0453123e-05
7.6484827e-06
0.00011390746
4.2292734e-05
1.1605237e-05
2.4817334e-05
2.759968e-05
2.4174252e-05
4.8226265e-05
3.1536644e-05
4.9602448e-05
2.4072514e-05
2.3626865e-05
1.4848656e-05
1.6845122e-05
2.8071851e-05
2.2808689e-05
4.3816444e-05
2.3027835e-05
1.6790297e-05
1.5488139e-05
1.8250515e-05
9.3700908e-06
6.1345882e-05
3.6299592e-05
2.1608344e-05
8.5970555e-06
2.3438482e-05
7.2230729e-05
5.7976248e-05
2.9166507e-05
6.1344717e-06
8.3664546e-06
5.6677139e-05
2.0604708e-05
2.3033794e-05
1.117798e-05
2.5120206e-05
9.1041035e-05
0.00012396271
8.0515718e-05
1.1248888e-05
0.00010654656
2.9167741e-05
5.4442577e-05
5.9168219e-05
4.3300305e-05
8.7436341e-05
2.5982488e-05
3.1718219e-05
1.0963533e-05
1.0398206e-05
3.1906641e-05
8.8473561e-05
8.8504878e-05
3.2711091e-05
2.5362377e-05
4.5000386e-05
1.0189018e-05
7.4895887e-05
0.00011227817
4.529545e-05
1.2805534e-05
7.6515731e-05
8.2151455e-05
0.00013686049
0.00012138231
0.00012489951
0.00013171386
0.00012430126
3.1885863e-05
8.2289724e-05
9.4722094e-05
0.00011164992
1.6339204e-05
8.2494444e-06
2.6869371e-05
4.2728564e-05
1.4323883e-05
7.7686373e-06
6.5436369e-06
6.4902188e-06
6.9094455e-05
2.0896968e-05
1.6687037e-05
2.0621127e-05
1.7561574e-05
2.6260564e-05
9.3434458e-05
7.2327027e-05
0.00011850455
8.3506591e-05
9.5636548e-05
6.7653548e-06
1.8195648e-05
2.3552715e-05
2.5030442e-05
6.5552458e-06
4.2138739e-05
1.4216922e-05
4.3412395e-05
7.4515668e-06
7.7913792e-05
6.8606984e-05
9.1973623e-05
5.711903e-05
8.2520746e-05
6.5948056e-05
6.5494901e-05
9.1222421e-05
9.9525664e-06
2.7157991e-05
5.4995662e-05
7.2183752e-05
2.4139137e-05
3.986758e-05
6.7527983e-05
1.0218951e-05
8.9234385e-06
2.5460441e-05
2.1261525e-05
8.4340445e-06
6.9380026e-05
5.5524244e-05
2.24405e-05
2.3858946e-05
9.0600772e-06
3.0892525e-05
0.0001132249
3.6599929e-05
3.5256399e-05
3.0512576e-05
7.6641656e-05
4.5561425e-05
2.4937257e-05
2.4112738e-05
2.9868773e-05
6.6226126e-05
2.313414e-05
2.6368059e-05
8.9970878e-06
1.6973867e-05
2.8432497e-05
7.3485812e-05
2.5252903e-05
4.4284031e-05
1.0604001e-05
0.00014625397
0.00010543149
0.00013552637
0.00013540952
0.00011114214
0.00013523777
6.4936487e-05
8.249509e-05
0.00011237094
2.8405979e-05
5.9590935e-05
4.1850783e-05
3.0344167e-05
7.2492894e-05
2.4682855e-05
4.1368314e-05
1.0070409e-05
4.8827578e-05
0.00012085356
9.824697e-05
1.6755171e-05
2.6847355e-05
5.4572492e-05
3.9673397e-05
8.6450603e-06
9.3291328e-05
9.5617209e-05
7.6867943e-05
9.7121514e-05
0.00011903013
6.865181e-05
2.5306732e-05
8.4490174e-06
3.8421058e-05
3.6861768e-05
0.00014472341
0.00010903277
0.00012774332
9.5866122e-05
3.4310209e-05
9.4864151e-05
7.3834139e-05
3.2163477e-05
8.9466875e-05
8.8392852e-05
2.4422093e-05
2.3519115e-05
9.4417453e-05
5.972897e-05
2.7795402e-05
2.9556637e-05
3.2375338e-05
2.1999709e-05
2.2656344e-05
6.9336436e-06
2.1541361e-05
4.5265679e-05
4.060113e-05
6.2113387e-05
1.5291731e-05
5.854892e-05
0.00013025623
8.1935327e-05
2.6821335e-05
2.0408786e-05
1.1045966e-05
1.9119309e-05
8.0841247e-06
7.0090324e-06
1.6197338e-05
3.5504571e-05
1.0277311e-05
2.651439e-05
1.4179278e-05
6.8959093e-06
1.5973413e-05
2.5535526e-05
3.189095e-05
3.0708153e-05
4.3399109e-05
1.1475315e-05
8.100606e-05
2.9655731e-05
3.7536192e-05
9.3470235e-05
6.8583281e-05
0.00012381592
0.00011220513
0.00010824372
0.00011591169
7.3978203e-05
8.659112e-05
0.00010849274
3.6139034e-05
2.1357853e-05
8.1503964e-06
5.5356067e-05
1.833153e-05
2.4291768e-05
4.299233e-05
7.2503695e-06
6.4005872e-06
7.1844411e-06
2.0479793e-05
1.3372366e-05
7.1635256e-06
1.5733804e-05
2.2078265e-05
5.4922461e-05
7.5795868e-05
7.5547257e-05
3.0057414e-05
4.7748547e-05
1.5052841e-05
6.6012575e-06
1.0234239e-05
1.5004573e-05
3.376197e-05
6.191541e-06
2.9634227e-05
2.2266899e-05
2.002706e-05
1.9976348e-05
6.0876715e-05
9.62784e-05
8.8790409e-05
1.229679e-05
3.5359785e-05
1.0243194e-05
2.5304161e-05
4.9159374e-05
2.0775142e-05
1.1198022e-05
2.1808672e-05
2.1949955e-05
5.8136659e-05
0.00010995238
0.00010616357
0.00010485939
2.8197798e-05
7.2524349e-05
7.6564995e-05
5.300437e-05
7.8172102e-05
2.8429442e-05
4.33528e-05
1.106546e-05
2.7365813e-05
7.0918772e-06
1.3880731e-05
1.9703884e-05
9.6932286e-05
2.3625162e-05
8.9569885e-06
9.7534872e-06
3.9258695e-05
2.0642408e-05
2.2369114e-05
9.8696454e-05
6.0605096e-05
6.5678216e-05
9.9888748e-06
3.055846e-05
6.5163667e-06
1.3879318e-05
8.0673434e-06
5.5173135e-05
2.0661333e-05
7.429308e-05
2.9283503e-05
4.3626961e-05
6.7157323e-05
2.0652988e-05
2.3456418e-05
7.0984166e-05
6.3826087e-05
1.6363798e-05
3.5404068e-05
5.1730743e-05
9.6453606e-06
8.2488708e-06
3.5602594e-05
8.7196737e-05
6.3365298e-05
8.0562136e-05
2.3459995e-05
8.0912007e-06
9.6305586e-06
2.317283e-05
8.0325836e-05
1.1727264e-05
2.8165388e-05
5.6046403e-05
0.00011634425
0.00010460458
0.00012024551
9.8993478e-05
9.0731486e-05
3.5100263e-05
3.3977165e-05
9.3584786e-05
0.00011262427
2.5552112e-05
8.024326e-06
2.4371041e-05
1.0973907e-05
2.761331e-05
9.4962294e-05
3.1858857e-05
6.2095145e-05
3.6116595e-05
9.7802906e-05
1.3792527e-05
7.5988632e-06
5.3470237e-05
9.7405865e-06
0.00010993283
3.5902432e-05
9.5847513e-05
1.6304593e-05
4.2843596e-05
3.9403554e-05
7.1861924e-06
1.1775798e-05
2.5689222e-05
2.7770852e-05
2.8818224e-05
5.253048e-05
7.4464873e-05
2.0526514e-05
1.9032106e-05
7.5055731e-06
1.6674601e-05
6.8266674e-06
3.0301211e-05
1.8135721e-05
5.387566e-05
8.0747174e-06
4.0777632e-05
8.4776686e-05
8.7887149e-06
1.1970825e-05
3.1233442e-05
0.00010519479
9.6036238e-05
6.3333335e-05
6.6947564e-05
2.6557124e-05
3.0599066e-05
5.3549226e-05
2.3579932e-05
1.3316106e-05
2.6524802e-05
6.6628235e-05
1.8219985e-05
1.9613466e-05
6.649826e-05
2.650809e-05
8.4043903e-06
5.143808e-05
8.1250209e-06
9.2658651e-06
6.7436948e-06
0.00011847943
9.5390733e-05
0.00010034648
5.2900008e-05
9.6218098e-05
8.6025695e-05
3.4547669e-05
6.2153198e-05
8.9321546e-05
2.2498753e-05
7.1031334e-05
2.5006853e-05
6.5585057e-06
1.3128346e-05
2.7965337e-05
1.3926546e-05
1.861132e-05
6.5698399e-06
6.7856888e-06
2.0029095e-05
6.3788567e-05
2.7544371e-05
7.3098573e-05
2.0800976e-05
2.2752033e-05
4.3544282e-05
7.6011039e-05
4.2378667e-05
9.6266926e-06
2.1484077e-05
8.9150521e-06
9.3314989e-06
2.4113759e-05
1.5466684e-05
8.3413885e-05
1.1891281e-05
9.5199227e-05
2.7528709e-05
2.7744944e-05
7.1309623e-06
1.3901112e-05
9.0087752e-06
0.00011509176
5.5461711e-05
0.00012804851
9.1103686e-06
8.7706839e-05
7.9727375e-05
0.00012049964
2.5329999e-05
2.1857247e-05
0.00014223166
0.00014190766
0.00014545683
0.00014885983
0.00014163845
1.3949055e-05
3.5581513e-05
6.2285712e-05
9.3193321e-05
9.1522132e-05
1.1867244e-05
2.1858059e-05
7.7038395e-06
0.00011148598
0.00011686182
6.0415609e-05
2.1228219e-05
8.014696e-05
6.8561678e-05
8.9044664e-05
9.5681669e-06
2.3738065e-05
3.6120354e-05
8.1172907e-06
0.00011575036
0.00012283927
0.00011631194
0.00011781506
8.3547864e-05
2.6652546e-05
2.9949865e-05
7.9742857e-05
8.1427543e-05
6.215875e-05
3.4071236e-05
1.55788e-05
9.6131569e-05
2.6751341e-05
4.7973176e-05
9.789516e-06
5.220095e-05
8.7177648e-05
0.0001089946
0.00010525318
2.9449428e-05
7.6264424e-05
1.4298076e-05
6.1243863e-05
3.199263e-05
9.1283129e-05
9.3725003e-06
2.5820012e-05
2.8856525e-05
9.4966801e-05
7.3471874e-06
2.7827636e-05
1.4041007e-05
1.4583458e-05
2.4973849e-05
1.0019701e-05
3.3400122e-05
0.00012218201
5.5394095e-05
0.00010562503
6.3944966e-05
7.7053448e-05
0.00012928968
0.00013264046
4.8515978e-05
0.00012173607
9.1541606e-05
8.3831638e-05
1.1641552e-05
3.0064e-05
0.00013315862
0.00014013227
0.0001513341
0.00011060887
5.3795313e-05
9.9535972e-05
5.9554019e-05
7.9423856e-05
1.1076428e-05
3.6861018e-05
0.00011763556
0.00013166042
6.5391681e-05
8.1305755e-05
0.00014369491
0.00012740618
0.00012074577
0.00013132632
5.231481e-05
2.5085672e-05
1.0884465e-05
2.7991754e-05
7.1839141e-06
1.4610077e-05
2.7765131e-05
2.7139521e-05
1.357245e-05
2.5687919e-05
8.8811163e-06
5.313348e-05
0.0001169853
7.7295416e-05
0.00010213104
1.5405213e-05
8.4682826e-06
5.0812537e-05
1.3147198e-05
0.00011362968
2.3255731e-05
9.2376384e-05
1.0845023e-05
2.24896e-05
4.7447325e-05
4.9486519e-05
3.8136169e-05
2.5941213e-05
7.2928497e-06
4.3498432e-05
2.5319747e-05
1.4708975e-05
9.5351778e-06
2.1261326e-05
1.0802519e-05
5.5042581e-05
2.5044993e-05
7.8718797e-05
7.7320972e-05
2.6522936e-05
6.1816724e-05
0.00010224535
2.312612e-05
7.9519714e-05
9.2680359e-06
1.8646711e-05
9.3594396e-05
9.3620514e-05
2.8721653e-05
3.3466441e-05
4.1552464e-05
1.6942022e-05
8.8717428e-05
2.2448092e-05
8.4255784e-06
3.9317396e-05
9.9912998e-06
1.7967837e-05
6.6231787e-05
2.230531e-05
8.9026239e-06
6.5351019e-05
2.505993e-05
8.447059e-05
0.00010140855
8.3863063e-05
1.007204e-05
8.0696839e-06
2.9739336e-05
0.00010741981
0.00013231924
0.00014066716
8.1595277e-05
1.2470692e-05
6.4285908e-05
1.1132532e-05
4.608645e-05
1.4435073e-05
9.122621e-05
1.4115625e-05
8.6897131e-06
1.1959438e-05
3.9999002e-05
2.5890951e-05
3.1890156e-05
1.3906034e-05
7.6822679e-06
2.1562233e-05
6.9820907e-06
2.0862055e-05
1.8402754e-05
1.9266281e-05
3.1848982e-05
2.6540969e-05
2.4271919e-05
2.568027e-05
8.1958279e-06
7.8391345e-05
0.00013623723
0.00011214375
0.0001357494
0.00013596283
6.7663647e-05
0.00011597227
0.00010999343
1.4629521e-05
6.7038656e-06
1.1492536e-05
8.1558072e-05
6.1388354e-05
8.6766506e-05
0.00010742931
0.00012888287
0.00011986353
9.2748205e-05
0.00011549251
2.4608126e-05
1.0762284e-05
4.6862718e-05
7.8937407e-05
2.7656833e-05
2.6602742e-05
2.3698993e-05
6.6660849e-06
5.5463354e-05
2.1342917e-05
4.2631228e-05
0.00011425483
5.6702915e-05
1.3726852e-05
4.4927889e-05
5.4696965e-05
7.4427196e-05
6.1259222e-05
0.00012251332
0.0001082295
5.7893197e-05
3.6050593e-05
2.4423707e-05
3.8931071e-05
1.6028312e-05
2.2574104e-05
0.00011133312
4.183991e-05
7.1490115e-05
1.0733433e-05
3.4237264e-05
3.3050687e-05
6.0798566e-06
2.0128708e-05
5.7780853e-05
4.1410401e-05
0.00010810488
1.2077574e-05
1.3628174e-05
0.00011594415
9.021174e-06
2.2738781e-05
1.5779186e-05
1.3621092e-05
6.4629948e-06
8.3438446e-05
6.4838814e-05
4.8880021e-05
4.5238951e-05
8.7777929e-06
3.8748045e-05
3.6134071e-05
6.0889596e-06
5.821694e-05
1.2796418e-05
8.9371143e-05
4.8672622e-05
7.5332761e-05
2.9082405e-05
3.9684989e-05
2.7059402e-05
0.00010351278
7.3772782e-05
6.9714413e-06
2.7335761e-05
3.2445235e-05
6.8427837e-06
9.0983085e-05
7.6876466e-05
0.00012033766
0.00011207365
7.9172484e-05
0.00010682963
9.2760473e-05
4.1879632e-05
6.7880599e-05
9.8501385e-06
3.6066559e-05
9.5915059e-05
2.4008681e-05
2.0006877e-05
6.7079063e-06
4.7188518e-05
9.1514651e-05
4.0713519e-05
6.806428e-05
1.6169554e-05
2.1971745e-05
1.5762164e-05
9.9388177e-06
4.5603761e-05
6.1151447e-05
4.4513467e-05
4.2047043e-05
1.9350153e-05
1.6059839e-05
3.267358e-05
2.9996659e-05
0.00010128901
1.9925208e-05
9.9854884e-05
0.00011478691
1.2562368e-05
6.2357352e-06
1.3734908e-05
1.2328773e-05
2.7638336e-05
1.0952703e-05
1.7955701e-05
1.9526695e-05
5.4796831e-05
2.6363969e-05
0.00010101845
7.8694865e-05
9.9258381e-05
7.4700934e-06
1.7526991e-05
9.3636517e-06
2.6191307e-05
1.204988e-05
7.8876611e-05
0.00010001223
8.2733168e-06
1.8698967e-05
1.7331015e-05
1.422409e-05
1.6907946e-05
7.9076956e-06
1.1154551e-05
6.8892098e-06
8.2473449e-06
0.00010164179
1.4926605e-05
5.0089099e-05
0.00010708201
8.7708503e-05
1.0509715e-05
8.1544901e-06
4.8833856e-05
8.9833752e-05
0.00012256623
0.00012386122
0.00011837732
0.000102718
4.4298572e-05
2.1261705e-05
9.616224e-06
6.4761386e-05
1.7859092e-05
2.166299e-05
9.3863032e-06
6.4524734e-05
2.0633683e-05
3.4265069e-05
2.4966074e-05
1.229175e-05
2.644993e-05
1.3874532e-05
5.2927315e-05
5.5520959e-05
0.00011336484
9.7979794e-05
1.4140524e-05
3.5646938e-05
9.7714631e-05
0.00011501778
8.3478122e-05
3.6731978e-05
5.8455695e-05
8.1104671e-05
2.2148063e-05
9.9578543e-05
1.1303267e-05
5.3863872e-05
1.1662797e-05
5.7328635e-05
9.8234647e-05
2.0558321e-05
2.3308583e-05
1.6284788e-05
1.412576e-05
5.6765889e-05
7.0264203e-05
6.556998e-05
4.7670455e-05
9.6907146e-05
3.5527095e-05
7.824171e-05
5.9830484e-05
1.1602311e-05
1.381494e-05
3.7714754e-05
5.1264571e-05
1.0219376e-05
9.4272377e-06
1.0484025e-05
4.5530745e-05
2.820536e-05
0.00011244514
7.6779874e-05
5.4085085e-05
2.2776123e-05
8.5547357e-06
2.6212571e-05
6.6211778e-05
4.1866212e-05
1.1089567e-05
1.138765e-05
4.3105567e-05
8.1250138e-05
8.5962198e-05
6.7243296e-05
5.6313243e-05
7.4138727e-05
3.0689685e-05
8.4239444e-05
6.5299528e-06
1.2738006e-05
5.0315104e-05
1.5878854e-05
1.8428332e-05
6.1702114e-05
4.5882068e-05
3.7127825e-05
4.5584257e-05
8.019271e-05
3.7659855e-05
2.7082588e-05
5.8460694e-05
7.131842e-06
1.3477778e-05
8.0693884e-06
2.0225845e-05
2.2904397e-05
1.9779507e-05
1.9537646e-05
3.6552999e-05
9.6980039e-06
2.2168719e-05
1.3358702e-05
6.6960061e-06
6.9564002e-05
2.8382838e-05
2.5384956e-05
5.0589036e-05
9.9894244e-05
6.2164458e-05
3.1277722e-05
2.2089013e-05
3.6490756e-05
4.0082402e-05
9.8568196e-05
9.5543804e-05
8.8790016e-05
9.220317e-05
5.8724914e-05
3.6445581e-05
1.4092783e-05
2.9263815e-05
3.527955e-05
8.4306136e-06
1.5418109e-05
1.8481419e-05
3.9468752e-05
6.2785079e-06
0.00011060827
0.00011231257
7.5353323e-05
7.1705938e-05
2.816863e-05
3.7529248e-05
8.8706298e-05
2.156362e-05
3.5215973e-05
9.4525898e-05
8.0166821e-06
6.8046517e-05
5.0207676e-05
8.6301682e-06
6.4700026e-05
3.0786258e-05
0.00010280819
3.7842439e-05
2.2410754e-05
6.14312e-05
3.5778415e-05
4.7136657e-05
7.1550216e-05
3.1684469e-05
2.6920732e-05
4.7364575e-05
8.2401139e-05
9.8962895e-06
1.7734701e-05
8.3859734e-06
2.2776965e-05
3.8853723e-05
9.5700799e-06
2.0745112e-05
2.8128564e-05
8.743753e-05
6.3416051e-05
4.0230641e-05
1.4198163e-05
5.4227018e-05
6.3779269e-05
0.0001295734
1.4439617e-05
2.1898365e-05
6.6608016e-06
3.1656548e-05
9.5649537e-05
3.3308908e-05
5.5996502e-05
8.3353946e-05
0.00011124652
7.8647327e-05
0.00013807128
0.0001463575
1.3687339e-05
9.2174846e-05
0.00011890373
8.228264e-05
0.00011898085
4.7801908e-05
9.3812341e-05
1.441426e-05
9.897861e-05
9.4234237e-05
0.00010441306
9.2877904e-05
3.209018e-05
3.966516e-05
7.7261797e-05
0.00010279873
4.3566332e-05
3.0555327e-05
5.7960503e-05
5.6319888e-05
3.3534697e-05
1.403879e-05
8.2609174e-06
2.6338466e-05
0.00013496029
0.00014065565
6.7432147e-06
3.7624456e-05
1.2583008e-05
8.5847829e-06
1.9132687e-05
1.1641108e-05
1.8309855e-05
5.4087984e-05
4.5652492e-05
1.5039392e-05
7.4465734e-06
0.0001328037
0.00011686177
3.6957895e-05
1.4345315e-05
6.197566e-06
1.8316241e-05
3.1360636e-05
3.7013486e-05
1.5763125e-05
6.2541726e-06
1.8697246e-05
3.1772936e-05
8.0278122e-06
1.6885341e-05
8.1567077e-06
3.8776694e-05
5.8032182e-05
3.142348e-05
6.4598572e-05
2.0733788e-05
9.2072555e-06
9.8530882e-06
9.6076775e-06
9.0403533e-06
7.1301134e-05
1.0829268e-05
4.7897881e-05
6.7091011e-05
3.068727e-05
0.00012410273
0.00013375868
0.00010853123
9.4340941e-05
4.0438146e-05
0.00013855307
9.6984789e-05
1.2768408e-05
2.5217364e-05
3.3728449e-05
1.3806406e-05
1.0093603e-05
2.2322714e-05
6.3874117e-05
8.2020964e-06
0.0001312629
2.0250982e-05
0.00013705899
6.5533773e-05
0.00013943076
0.00014794762
4.6632677e-05
4.9845231e-05
0.00012851019
2.6896405e-05
4.4257424e-05
1.299833e-05
1.3973721e-05
5.7817505e-05
4.315194e-05
9.8250192e-05
8.4812955e-05
7.4026464e-05
5.2656085e-05
5.2446043e-05
5.6062135e-05
1.9842433e-05
7.1283008e-06
2.475232e-05
1.6999202e-05
5.9245733e-05
5.8833489e-05
4.4670262e-05
4.5364049e-05
9.7466636e-05
0.0001111808
2.6985128e-05
6.8694307e-05
6.0177762e-05
7.1259927e-05
7.4640177e-05
7.7484045e-05
0.00013116685
6.8104828e-05
1.3117234e-05
8.7829943e-05
3.1856824e-05
0.00013576988
0.00013116562
0.00012635471
9.1416672e-05
9.965482e-05
3.2550329e-05
0.00010521241
9.3291987e-05
1.3478825e-05
2.8548526e-05
7.2358002e-05
3.5014534e-05
1.6207573e-05
7.3313799e-05
3.9070656e-05
8.3528523e-05
8.4493659e-05
3.4307641e-05
6.2959438e-06
7.1580976e-06
4.7756429e-05
6.168438e-05
3.5667653e-05
7.9627832e-06
5.6855117e-05
2.7629933e-05
7.6866646e-05
8.8556072e-05
0.00010427277
0.00011347384
1.0007181e-05
8.7049048e-05
2.8089396e-05
1.171408e-05
8.1382576e-05
7.2520481e-05
0.00013390844
0.00012799296
9.1436321e-05
0.00013266424
0.00011628643
5.8991669e-05
1.5208271e-05
8.7750024e-05
0.00010183187
0.00011916611
0.00010933017
0.00011170662
4.2170094e-05
1.1463086e-05
5.8342611e-05
1.74676e-05
9.6534633e-05
5.5482458e-05
9.1950764e-05
8.4686466e-05
3.1585618e-05
8.1855415e-05
1.6535945e-05
1.8354121e-05
6.760275e-06
4.8014077e-05
7.8467737e-05
4.7150113e-05
1.2715325e-05
1.9637795e-05
6.1482543e-06
4.6139795e-05
5.3061292e-05
0.00011631239
0.00010439136
7.0877261e-05
1.0172401e-05
7.1251329e-06
1.2380355e-05
4.9482806e-05
9.3950433e-05
1.3038714e-05
8.5362197e-05
0.00010695645
0.00010734346
6.6082091e-06
0.00013756034
0.00012056185
0.00013175674
0.00014592221
0.00013360675
0.00013072345
1.0244158e-05
4.6243626e-05
1.4216309e-05
8.4543235e-05
0.00013692866
0.00013762002
3.7191029e-05
0.00012269066
0.0001281467
1.0482776e-05
0.00014044448
0.00015739045
0.00013365678
2.380563e-05
1.7423566e-05
8.587906e-05
0.00013228574
0.0001324112
0.00012902834
0.00011129963
0.0001402319
8.5201417e-05
1.3904961e-05
6.5055788e-05
5.2893035e-05
2.4160668e-05
1.4481697e-05
4.8781929e-05
1.326302e-05
1.5556631e-05
9.1656494e-05
4.4690527e-05
8.5240779e-05
4.6717364e-05
7.6991111e-05
5.8463608e-05
3.9125895e-05
9.7861068e-06
3.8681794e-05
6.6308378e-05
0.00010149446
8.9779287e-05
2.9378748e-05
9.0825464e-05
1.3833209e-05
2.1525139e-05
4.8418145e-05
2.9788236e-05
2.4764054e-05
0.00013513229
0.00015075553
0.00015032664
7.4498866e-06
5.4612704e-05
7.2232633e-05
4.3094878e-05
9.6014142e-05
2.162297e-05
7.0047123e-05
3.0275421e-05
0.00011987306
0.00010067293
2.2178142e-05
3.0521763e-05
1.8751787e-05
6.3944453e-05
7.6735046e-05
5.3364707e-05
0.00014570634
0.00017341105
0.00017428275
0.00015872664
1.6079571e-05
7.5570402e-06
5.3510139e-05
4.6923562e-05
5.1826032e-05
9.0346911e-05
2.293092e-05
6.935727e-06
4.7975768e-05
2.8134198e-05
4.860168e-05
1.9963844e-05
1.9688252e-05
4.9300295e-05
8.9597548e-05
6.5141761e-05
0.00014708779
4.9340442e-05
0.00010827805
7.1999018e-05
0.00013737278
7.4559499e-05
0.00011456082
4.5124478e-05
9.25536e-06
2.9267319e-05
7.2225968e-05
4.818621e-05
6.244327e-05
0.00012488233
0.00013405165
0.00013483176
9.5962315e-05
8.6613869e-05
0.00012521821
7.0921783e-05
6.8152172e-05
1.2483941e-05
0.00013691278
0.00013014316
9.4256211e-05
6.5184433e-05
3.3990224e-05
2.0598771e-05
6.7757424e-05
2.4697733e-05
3.1108348e-05
1.9519693e-05
0.00013509629
0.00012741166
9.4607604e-05
4.9257747e-05
9.0219897e-05
6.4026914e-05
6.8516573e-05
2.6788144e-05
2.0558941e-05
0.00010662967
0.0001269338
8.8244721e-05
2.3305369e-05
9.4416519e-06
4.9918214e-05
3.07059e-05
2.08742e-05
3.0742081e-05
0.00014866728
0.00014678403
3.4903402e-05
2.408048e-05
9.7266162e-05
9.6190881e-05
9.0282114e-05
0.00011762748
0.00012021427
8.0336261e-05
5.1938029e-05
4.035132e-05
2.2793347e-05
4.788371e-05
8.5984978e-06
1.6387426e-05
4.6075828e-05
5.2793257e-05
5.8908071e-05
3.9049335e-05
2.6927037e-05
0.0001346937
0.00015137776
0.00015306018
0.00013535625
0.00012416113
0.00014384988
0.00013293968
0.00012549443
7.128666e-06
2.8205759e-05
3.7982606e-05
7.2665341e-06
1.9247799e-05
5.2889128e-05
3.4733088e-05
8.0001258e-06
9.0775648e-06
0.00014452101
6.9592307e-06
1.3020372e-05
8.7272758e-05
6.7715217e-05
7.4324853e-05
8.0584952e-05
8.4087712e-05
2.935787e-05
3.2600668e-05
7.5315729e-05
8.9211061e-05
2.9925159e-05
7.9138452e-05
3.3447578e-05
2.6822882e-05
0.00015516621
0.00015757481
0.00015670407
2.7511614e-05
9.7208701e-05
4.406628e-05
6.1818688e-05
0.00010838487
0.00013198839
0.00010206125
1.2106939e-05
4.7035697e-05
4.3133038e-05
1.6453163e-05
3.6537182e-05
1.9721103e-05
7.2354905e-05
8.6853211e-05
9.8242118e-05
6.19266e-05
2.1936037e-05
2.10003e-05
3.5767942e-05
3.0831952e-05
6.239618e-05
2.2912255e-05
4.2999848e-05
2.0087593e-05
1.0999031e-05
1.3260952e-05
1.404111e-05
2.4575678e-05
3.5783303e-05
2.5219707e-05
2.6761921e-05
1.2797373e-05
6.287066e-06
4.0584683e-05
1.4431769e-05
1.5883936e-05
0.00010336348
6.7214192e-06
1.6265896e-05
1.8524425e-05
6.6709545e-06
2.7465832e-05
3.3251477e-05
3.0680716e-05
8.5260375e-05
7.229247e-05
0.00012620783
9.2211547e-05
9.1264134e-05
0.00012360535
9.5917495e-06
0.00012682385
1.9857386e-05
8.2185237e-05
8.2933437e-05
0.00010654924
0.00012264058
9.4770334e-06
3.9308857e-05
0.00013783005
0.00013941135
1.9056442e-05
9.8610393e-05
6.4085738e-05
0.00010216391
2.5606132e-05
4.0289478e-05
2.2361224e-05
0.00010156521
9.1156548e-05
5.8847539e-05
0.00011593483
7.9436759e-05
8.1760486e-05
2.4645014e-05
4.681852e-05
8.0579189e-05
0.00010804384
9.6865634e-05
5.7730826e-05
3.763589e-05
2.4574192e-05
3.7086157e-05
2.5347981e-05
7.6083183e-05
7.2835998e-06
0.00014848656
7.6135424e-05
9.9103382e-05
6.0071012e-05
3.3360249e-05
7.7130513e-05
0.00010607226
7.1150259e-05
2.0488821e-05
8.9752366e-06
0.00010205525
6.2404363e-05
0.00013345547
0.0001486857
0.00013447005
0.00010186638
9.5072913e-05
2.7723528e-05
2.308028e-05
1.2026755e-05
5.196168e-05
0.0001136159
3.6470159e-05
8.0263724e-06
0.00014558971
0.00010658802
9.1429616e-05
6.8270042e-05
0.00010617115
2.74748e-05
7.7693821e-05
1.0402323e-05
0.00013551947
0.00013111375
4.5266602e-05
0.00012269067
0.00011135842
2.8418876e-05
9.2714504e-06
0.00013469383
0.00013991142
0.00014961213
2.178496e-05
2.1179203e-05
1.4510339e-05
2.9179527e-05
2.9465567e-05
6.909303e-06
0.00010896124
8.3258774e-05
2.9191538e-05
9.6934656e-05
7.5375957e-05
0.00010267526
7.0244587e-05
2.2012018e-05
2.6413808e-05
1.9531456e-05
9.2176984e-05
3.2825101e-05
3.5665072e-05
3.3806119e-05
1.518609e-05
1.5273397e-05
6.122073e-05
9.7955767e-05
0.00011226796
5.813694e-05
2.5703681e-05
9.5806853e-06
2.5308178e-05
1.3123172e-05
6.4405766e-06
3.9346326e-05
1.3420809e-05
2.0988669e-05
0.00011327124
5.8850733e-05
7.9105063e-06
0.00010009577
1.4006081e-05
2.9030158e-05
9.8909845e-05
6.2519224e-05
6.4101102e-05
2.5999952e-05
1.4420659e-05
2.0971246e-05
7.0408763e-05
5.6346828e-05
2.6310416e-05
4.6119176e-05
5.0684314e-05
1.3002889e-05
9.1523826e-05
9.717225e-05
9.0119474e-05
8.7027062e-05
5.8838262e-05
3.9851819e-05
1.512137e-05
2.5229148e-05
5.7530824e-05
0.00013221358
0.00014573844
0.00014523897
8.3174073e-06
7.5726393e-05
4.1268265e-05
6.91104e-05
0.00011290403
8.5323048e-06
2.1076331e-05
0.00010452355
7.9814922e-05
8.0981233e-05
6.8950177e-05
9.8253091e-05
1.4020836e-05
8.5308961e-06
4.1539582e-05
7.8047556e-06
8.2437832e-05
3.4098472e-05
0.00011264585
7.3472585e-05
8.9412277e-06
5.5822431e-05
2.1083073e-05
1.9084439e-05
7.8608736e-05
0.00011555568
4.4502255e-05
6.8400836e-05
6.5216029e-06
8.8284388e-05
2.9041945e-05
1.4056097e-05
3.8945505e-05
3.844847e-05
0.00010316584
0.00010307307
0.00011030142
0.00010788288
0.00010761853
2.9545233e-05
8.3991432e-05
3.274747e-05
9.9307392e-05
8.3873149e-05
8.2347579e-05
0.00010344705
2.2238228e-05
0.00012245607
0.0001465304
0.00012362246
9.4353053e-05
9.9052603e-05
0.00010397504
0.00013603319
0.00013028143
7.8775484e-05
3.0970879e-05
0.00010193217
7.7288949e-05
0.00011325653
0.00012397938
3.7326545e-05
9.1018287e-05
9.7377865e-05
2.8968645e-05
5.7079971e-05
8.4302163e-05
0.00010022064
4.8458701e-05
1.5963602e-05
6.5270775e-06
2.5627297e-05
8.5468872e-05
3.0441841e-05
0.00013677517
0.00012314677
0.00015044378
0.00015462487
1.4642668e-05
1.465765e-05
0.00015347261
1.454003e-05
4.3385767e-05
6.950499e-06
1.6825972e-05
6.8464748e-06
1.0259478e-05
1.7120999e-05
3.2109213e-05
4.5254641e-05
9.475983e-06
3.452146e-05
1.0562235e-05
2.9208275e-05
0.00010011907
5.2798554e-05
7.8503031e-05
7.8331144e-05
7.7755186e-05
8.6392263e-05
7.3376518e-05
9.2976974e-05
6.5165562e-06
1.5507177e-05
1.4311831e-05
6.2278027e-06
5.859076e-05
0.00013003806
0.000112476
8.9007581e-05
1.0322338e-05
2.7084721e-05
1.4854236e-05
1.0682326e-05
9.8250068e-05
3.4071482e-05
1.4603116e-05
2.3638041e-05
1.4031539e-05
7.5966663e-05
2.7374322e-05
1.1493457e-05
1.4132072e-05
2.8501459e-05
1.3658933e-05
1.4369387e-05
2.8969937e-05
7.1917839e-05
9.3435097e-06
1.2906626e-05
6.440467e-06
8.3809565e-05
9.1377515e-05
0.00010266912
0.00011562396
9.2344267e-05
0.00010328905
9.6333726e-05
0.00010382367
9.2566951e-05
6.4630341e-06
8.964688e-05
0.00011672341
1.6877531e-05
0.00013149588
0.00010833255
9.2385475e-05
1.6329102e-05
0.00012007199
9.1134101e-05
0.00010194658
9.6183302e-05
6.0708103e-05
1.0790999e-05
3.2286504e-05
4.1939218e-05
7.4378608e-05
1.9176629e-05
5.5482941e-05
1.3471939e-05
3.6463141e-05
6.2442813e-05
2.802236e-05
1.4020076e-05
1.6107423e-05
1.2547355e-05
4.7998154e-05
1.2504599e-05
9.7739342e-05
8.8892309e-05
7.4520342e-05
2.9093636e-05
1.6491678e-05
8.7922529e-05
0.00010892363
0.00011203144
3.4700219e-05
3.3615515e-05
8.3796964e-05
1.1701942e-05
3.4422467e-05
0.00013612013
0.00012612398
8.6883406e-05
0.00014431379
0.00013386893
0.00010295619
0.00013271152
0.00011773896
7.2154425e-05
8.2759255e-05
6.2559325e-05
3.8974868e-05
9.3787496e-06
1.9738264e-05
1.0960471e-05
3.5642903e-05
8.8401683e-05
2.5575761e-05
8.739204e-05
8.9983291e-05
7.0773462e-05
2.6332617e-05
9.3161944e-05
2.3870071e-05
2.854083e-05
3.0597603e-05
7.4540805e-05
6.1518121e-05
2.7083333e-05
8.8297509e-06
0.00012307933
0.00011269557
8.4998874e-05
3.3078387e-05
4.1299248e-05
0.00014880018
0.00012398162
0.00013034128
5.6943102e-05
0.00013048492
0.00010389127
8.2532182e-06
2.1195949e-05
7.7187715e-06
1.4658404e-05
5.0192634e-05
6.3937295e-05
6.9396328e-06
1.1993302e-05
0.00012750328
4.4680336e-05
3.1127511e-05
0.00015004124
0.0001526602
0.00013744295
0.00014942638
0.00010693295
0.00012899167
5.6939068e-05
3.1776879e-05
0.00013416404
6.5749153e-05
0.00014091953
8.0029319e-05
0.00014148874
3.2925926e-05
9.289945e-05
0.00012591731
9.1947611e-05
3.5130858e-05
0.00010762478
2.4302607e-05
5.2107029e-05
0.0001376982
0.00011907617
0.00011098874
8.5583958e-05
3.414873e-05
8.9195238e-05
6.8756099e-05
3.3870716e-05
0.00015218155
0.00014940813
0.00013945382
0.00015621722
0.00012909611
0.00015084455
1.4496385e-05
9.3338593e-05
7.9333215e-05
1.5666436e-05
5.9861942e-05
9.7112127e-05
2.9302339e-05
3.723528e-05
8.3514575e-05
6.7079843e-05
5.7551256e-05
3.1992711e-05
7.8254242e-05
3.7133758e-05
8.0873511e-05
4.1670959e-05
3.8281516e-05
2.4958874e-05
5.6361512e-05
2.1821301e-05
7.9164846e-06
1.8599817e-05
0.00012163143
0.00013591125
0.00012109531
0.00012798415
2.5725575e-05
9.6814946e-05
1.8272047e-05
7.0566554e-05
5.0619621e-05
0.00010410273
5.9663566e-05
2.6473766e-05
6.0294054e-05
7.817851e-06
8.2256229e-05
2.9656178e-05
8.7474195e-05
9.6612726e-05
4.0970365e-05
9.7428368e-05
6.1116502e-05
3.5233802e-05
9.3986668e-05
3.5063558e-05
1.1960504e-05
5.2211711e-05
6.5585094e-06
7.4758963e-06
7.1111375e-05
1.0761229e-05
7.4242881e-05
0.00012642805
0.00012333367
0.00014373384
4.7544011e-05
6.7106618e-05
6.2287112e-05
3.5795554e-05
2.7603602e-05
2.6358101e-05
7.6997893e-06
3.9825415e-05
8.1823138e-06
4.4777889e-05
2.0544606e-05
0.00014621097
5.4509409e-05
5.9888597e-05
2.144378e-05
4.4986379e-05
6.2030117e-05
6.6456442e-06
1.293271e-05
1.9189621e-05
3.6405268e-05
5.4850455e-05
0.00011997813
9.3430367e-05
9.0407535e-05
8.8880697e-05
0.0001298264
0.00014711235
0.00014074169
0.00013740066
1.0152204e-05
6.8143447e-05
2.2853818e-05
1.2701614e-05
0.00011610833
6.3898471e-05
9.1885354e-05
6.7851772e-05
5.1021958e-05
4.908607e-05
4.8668027e-05
4.5560595e-05
8.6579491e-05
8.9686479e-05
3.5711877e-05
9.6033524e-05
9.7632061e-05
0.00011043719
0.00012328707
6.1465789e-05
0.0001317246
2.378721e-05
3.552052e-05
2.331202e-05
8.6555143e-06
3.6364424e-05
1.986345e-05
6.9136983e-05
3.806071e-05
6.9065786e-06
0.00012899628
0.00013810707
0.00013259975
0.0001531717
9.0500928e-05
0.00012003857
0.00015341553
0.00013314171
0.00012718147
6.4079948e-05
0.00010217874
8.9874614e-05
2.6600888e-05
6.8164135e-06
6.8685527e-06
2.4806375e-05
0.00012027975
0.00011120302
9.0100169e-05
7.0263795e-05
3.2641415e-05
1.2858496e-05
6.1070492e-05
1.1344526e-05
0.00010028428
7.5746801e-05
2.9643376e-05
3.8699359e-05
3.0258487e-05
0.00010623582
6.5869177e-05
3.712663e-05
2.6097475e-05
9.1182034e-05
2.7564673e-05
5.4966673e-05
6.7749263e-05
2.1619079e-05
0.0001083552
0.00011476781
5.3589005e-05
1.350309e-05
6.6138805e-06
0.00012628268
1.5885378e-05
8.6241102e-05
7.3295978e-05
3.7298681e-05
0.00012359658
0.0001157213
9.5833826e-05
1.2952067e-05
4.541638e-05
4.7530944e-05
2.9067102e-05
3.2207403e-05
7.8451581e-05
8.7124941e-05
0.00012556423
3.4683868e-05
9.0208859e-05
0.00014603688
0.00014197759
0.00012608793
7.9743333e-06
9.8276184e-06
6.8633175e-05
1.5852686e-05
4.2376245e-05
7.0911885e-05
6.0279225e-05
1.8671221e-05
1.8536533e-05
7.2946817e-05
0.00011082973
8.1403511e-05
7.5779546e-05
6.7569664e-05
8.82058e-06
8.0314614e-05
6.2928032e-05
1.7077512e-05
0.00013357903
0.00011485381
4.1349807e-05
8.8676269e-05
1.217431e-05
1.0402001e-05
3.1573151e-05
7.4264695e-05
1.2312827e-05
7.156435e-05
9.9319698e-05
0.00012552758
0.00015951654
0.00016011343
0.00015763503
0.00013027969
0.00014561753
0.0001173351
0.00013393206
0.00015333305
2.5139423e-05
7.5453632e-06
0.0001237892
5.2151758e-05
9.5384826e-05
1.3380355e-05
5.8733092e-05
0.00010079022
4.3691768e-05
9.6872402e-05
8.4496094e-06
5.8370669e-05
2.1751482e-05
2.2852422e-05
8.3968907e-06
2.2323348e-05
1.9380976e-05
2.1442049e-05
6.2681133e-06
1.3938733e-05
6.5513486e-06
6.8590295e-06
2.9144068e-05
1.3237078e-05
1.5378635e-05
4.8422953e-05
3.372326e-05
0.00010410772
8.9259948e-05
8.4743768e-05
1.8542236e-05
2.8621364e-05
7.9042181e-06
2.4471015e-05
6.5698545e-05
0.00010080229
5.9035983e-05
6.4663351e-05
9.7961594e-05
7.6421882e-05
1.1372504e-05
3.89199e-05
0.00011391675
9.3390627e-06
2.4351056e-05
0.00012290661
0.00011942544
8.2972184e-06
5.897584e-05
1.3335389e-05
3.6482862e-05
3.6333674e-05
0.00012711789
0.00012216183
0.00011033188
0.00011421805
2.4356943e-05
0.00013213868
0.0001041807
6.8250619e-05
0.00010462329
5.71879e-05
9.1912626e-05
0.00010724293
5.3584239e-05
8.9313633e-05
0.00014063368
0.0001440087
0.00010037838
0.00015886833
9.1638252e-05
4.4179508e-05
3.8571463e-05
0.00011156988
6.0372788e-05
5.1326613e-05
2.2413185e-05
5.276525e-05
7.1638365e-06
9.2095338e-05
0.00010714671
0.00012210578
0.00010438004
8.1180105e-05
2.5563671e-05
1.6645444e-05
6.4254641e-05
4.3747475e-05
7.1984642e-05
0.00012033945
4.8242185e-05
6.0596899e-05
1.3303281e-05
6.8281631e-05
2.1873494e-05
5.4495532e-05
4.5050477e-05
0.00013808633
0.0001204634
0.00014281191
0.00014862116
0.00012727085
0.00014255637
3.7839535e-05
8.1374703e-05
2.9693912e-05
6.4009965e-05
9.7998705e-05
1.9703939e-05
5.6496016e-05
5.3384677e-05
6.6865973e-05
5.0714623e-05
6.1132096e-05
1.182936e-05
8.9751424e-05
0.00010211973
0.0001307093
7.0664478e-05
8.7371288e-05
1.027649e-05
1.9217718e-05
8.8192207e-05
6.3889102e-05
6.6007704e-05
3.9766209e-05
2.6953411e-05
9.3192732e-05
0.00014834575
0.00014728767
0.00014087217
0.00013613004
8.9182533e-06
7.8919295e-05
0.00011653387
7.7013887e-06
5.7681936e-05
3.6144016e-05
8.4467889e-05
2.3940787e-05
3.1722945e-05
0.00013494287
8.6726634e-05
0.00012768392
0.00012378157
6.544631e-05
0.00012382106
0.00011771329
0.0001087564
4.3983001e-05
0.00013942871
9.2559747e-05
0.00012804446
3.2902323e-05
1.5218624e-05
0.00010594641
0.0001425058
0.00011274715
0.0001281649
0.00012249501
9.848178e-05
6.0977132e-05
0.00011906704
0.00010858996
3.793399e-05
6.8055008e-05
5.6941363e-05
9.2705385e-05
6.8443978e-05
4.0624018e-05
4.0964706e-05
8.6664478e-05
1.8520252e-05
2.0552786e-05
2.9014409e-05
8.1782989e-05
1.2860339e-05
2.0493725e-05
5.6877347e-05
7.0236429e-06
0.00012155256
0.00010893689
8.010636e-05
8.5858987e-05
8.2585774e-05
8.9617604e-05
7.9477787e-05
9.4830322e-05
0.00010866712
0.00010741951
9.6792301e-05
3.6879652e-05
2.1720235e-05
1.6207804e-05
6.2926075e-06
1.453152e-05
2.3280706e-05
4.724005e-05
2.5048154e-05
4.1014154e-05
1.9848836e-05
7.6492329e-05
5.479673e-05
1.6544554e-05
2.9110555e-05
2.4127099e-05
7.5620216e-06
1.0899546e-05
7.4043813e-05
2.3725944e-05
1.7894254e-05
7.423099e-05
9.934993e-06
8.7616088e-05
0.00010864423
8.5166196e-05
2.4206379e-05
7.3341091e-05
1.6814303e-05
6.8142583e-05
5.2710602e-05
4.0241128e-05
7.6428645e-06
4.3345355e-05
1.0000724e-05
0.00011503753
3.9622737e-05
3.9711355e-05
5.5340672e-05
2.4409106e-05
1.2453243e-05
6.2442481e-05
3.4360523e-05
0.00013151717
0.00011607801
2.7978909e-05
1.5929418e-05
1.989493e-05
1.3629944e-05
1.7809644e-05
1.805313e-05
6.3629312e-05
2.6895389e-05
6.8373182e-05
2.450665e-05
3.6719344e-05
0.00011185871
6.7608737e-05
0.00010043641
3.9064248e-05
0.00012977871
1.524166e-05
8.6904512e-05
3.0537718e-05
9.2081843e-05
0.0001131644
1.4234986e-05
2.2730157e-05
9.7072182e-05
1.3013065e-05
8.4881767e-06
1.6721855e-05
1.0946715e-05
6.6311476e-05
3.852658e-05
4.4758658e-05
1.007277e-05
1.5632896e-05
1.794462e-05
2.1123252e-05
3.9551276e-05
6.6735126e-05
7.2129419e-05
2.3035091e-05
4.7091548e-05
8.0579964e-06
3.1594816e-05
7.0849961e-06
1.7941365e-05
1.4867772e-05
1.4581034e-05
0.00014380971
0.00015061667
0.00014372693
0.00015112219
6.6501287e-06
0.00010133978
0.00013632729
0.00015339351
0.00011216203
6.7621456e-05
0.00012579156
2.7632357e-05
5.0342095e-05
7.8537131e-05
1.2875848e-05
8.6446984e-05
5.4843842e-05
0.00014263791
0.00014445891
0.00015144259
1.4790998e-05
4.9018709e-05
7.7805475e-05
0.00010042798
7.391947e-05
7.5517519e-06
9.3839827e-05
5.0754417e-05
9.8987813e-05
2.9843331e-05
2.5787151e-05
9.8045827e-05
7.6097832e-05
0.00010330698
4.7213278e-05
2.6104194e-05
7.4805958e-05
7.595877e-05
1.0417339e-05
2.5821056e-05
4.4743004e-05
3.1840929e-05
2.7750121e-05
1.7277314e-05
8.7312544e-05
8.4303028e-05
0.00010880351
9.7262862e-05
1.4975014e-05
1.89035e-05
3.4168468e-05
4.7506829e-05
4.5102308e-05
0.00012816663
9.5653901e-05
2.824294e-05
0.00011447189
1.4299669e-05
6.9914582e-05
6.6646318e-05
9.0055693e-06
7.9494588e-05
9.5352631e-05
8.5393184e-05
0.00012090056
9.7607401e-05
7.2163204e-05
0.00011534523
7.8140583e-05
6.9386727e-05
7.2115699e-05
6.9665296e-05
1.0530277e-05
1.0447208e-05
8.7280333e-06
1.9137043e-05
2.2133477e-05
8.2600987e-06
1.7537933e-05
3.813411e-05
4.5263531e-05
7.5528837e-05
1.9446565e-05
3.6215163e-05
5.920394e-05
6.0796814e-06
2.0625397e-05
5.9173929e-05
2.1266402e-05
5.5434467e-05
7.4005349e-05
7.2355696e-05
7.8592916e-05
4.8053949e-05
2.5083559e-05
1.9997071e-05
7.1731984e-06
1.4207394e-05
0.00013899388
7.5134678e-06
0.0001495422
0.00014793382
6.4390478e-05
0.00013080249
2.3027198e-05
2.1284473e-05
2.3873348e-05
3.3211425e-05
5.5440035e-05
7.8050077e-06
3.8380882e-05
1.3664235e-05
6.6505244e-06
9.1198219e-06
6.9251166e-05
3.5120712e-05
5.076627e-05
2.04972e-05
5.9740854e-05
6.7041691e-05
1.1060896e-05
1.0519422e-05
8.7038369e-05
0.00011623247
0.00010885173
0.00013145431
9.9040027e-05
0.00010395314
0.00011752203
0.00010481356
0.00010594208
7.0474001e-05
2.3167812e-05
6.9425916e-05
2.3684406e-05
4.2917565e-05
0.00010954663
9.7978067e-05
7.0541282e-05
2.9264401e-05
1.4576764e-05
8.8650192e-06
1.2084603e-05
2.7367235e-05
1.4345237e-05
1.6335691e-05
8.7541055e-05
2.0129455e-05
0.00011564136
7.6414876e-05
6.5783261e-05
0.00010924363
3.0740762e-05
9.3401648e-05
4.1248815e-05
4.0168303e-05
6.2370022e-06
1.5498453e-05
1.4165956e-05
3.474977e-05
1.3099201e-05
3.2101046e-05
1.3478214e-05
6.0650868e-06
4.4228456e-05
1.2037306e-05
2.605672e-05
7.8275521e-06
3.0768695e-05
1.0080854e-05
3.8047875e-05
1.6931436e-05
5.9113874e-05
0.00011841015
5.4306701e-05
0.00010365274
8.13156e-05
1.074794e-05
5.924207e-05
3.2196245e-05
1.8535467e-05
4.8378674e-05
7.5252953e-05
6.2536309e-05
9.6845976e-05
8.7792667e-05
0.00010197066
2.0611069e-05
4.6080191e-05
2.1434072e-05
7.8613963e-05
6.3513918e-05
0.00013260781
0.00015117327
0.00011549256
0.00014523268
0.00014313553
0.0001497759
0.00015349381
7.7201586e-06
2.8216834e-05
9.3220304e-05
9.9964245e-05
7.7940675e-05
4.1573973e-05
2.2417262e-05
5.6355705e-05
6.2645655e-05
7.784714e-05
4.8536786e-05
3.8809236e-05
5.6269176e-05
2.7475698e-05
5.1607081e-05
7.7251819e-06
1.8394125e-05
2.0726057e-05
5.1961406e-05
8.0672445e-06
3.6628221e-05
1.606737e-05
6.3043018e-05
1.9900868e-05
7.1172599e-05
2.215908e-05
3.2346104e-05
0.0001241824
0.00014227096
0.00011072342
0.0001513739
0.00014095501
1.134343e-05
7.2523745e-05
2.1566704e-05
0.00013390317
9.6252451e-05
0.00012083662
0.00014065337
0.00013413172
0.00015004833
4.2279391e-05
7.1955185e-05
0.00012716335
2.5139803e-05
1.1857282e-05
8.339992e-05
0.00012818752
2.728724e-05
0.00012649922
0.0001420379
8.8668764e-06
7.6615134e-05
9.0905454e-05
3.1037491e-05
5.8541113e-05
0.00012880212
0.00012908803
1.700227e-05
5.377547e-05
2.5274891e-05
3.3525566e-05
7.7477021e-05
7.5783868e-05
4.8945458e-05
8.4354136e-05
2.4890859e-05
3.1041078e-05
7.7993999e-05
2.1645185e-05
5.6011685e-05
3.014305e-05
0.00010216054
6.8756963e-05
8.1714571e-05
8.9823963e-05
2.6068397e-05
5.6551098e-05
2.094514e-05
7.0426629e-05
2.1554316e-05
8.0210086e-06
6.382714e-05
2.4179771e-05
9.6133304e-06
8.1769647e-05
2.8363842e-05
3.1417998e-05
7.2801244e-05
0.00010712445
7.6913059e-05
9.7312748e-05
7.8197313e-05
1.8771872e-05
2.0155424e-05
7.4709379e-06
5.1449025e-05
3.736664e-05
3.3226153e-05
6.3678584e-05
5.3528138e-05
1.9229607e-05
9.2544697e-06
6.4668408e-06
3.4152157e-05
6.7057053e-06
6.9933912e-05
6.8746518e-05
3.6367042e-05
7.8070952e-05
3.4786138e-05
7.2719596e-06
1.854978e-05
1.4089818e-05
1.5745871e-05
5.6115e-05
4.5927419e-05
2.3094e-05
7.4861172e-05
0.00013400777
0.00012970425
0.00012518079
0.00013993671
4.0065121e-05
6.2612209e-05
5.3541749e-05
6.8783227e-05
6.0054159e-05
9.1825107e-05
0.0001091236
9.4010168e-05
9.586511e-05
3.6146374e-05
0.00015622352
0.00015631451
0.00015619038
3.2186314e-05
0.00010877589
0.00013479962
1.6485657e-05
2.1421271e-05
3.3390279e-05
4.4032305e-05
1.0090255e-05
1.9205025e-05
1.2797383e-05
4.6548999e-05
8.985458e-05
0.0001231627
2.4363682e-05
3.6772028e-05
1.3398114e-05
0.00010529657
4.6815583e-05
8.662957e-05
6.9363986e-05
3.8861858e-05
0.00012548854
4.84821e-05
0.00010556639
9.7779017e-05
9.031324e-05
5.0149846e-05
7.6841215e-05
0.00010697243
6.481054e-05
9.7817375e-05
4.5877817e-05
6.781419e-05
3.327318e-05
8.4445302e-05
0.0001511614
0.00013349569
0.00012129913
0.0001329876
0.00013796778
0.00012324545
0.00013811125
0.00014419557
0.00013816154
0.00015738897
0.00015184916
2.2416273e-05
2.7423567e-05
4.1884612e-05
5.970815e-05
0.00010643093
0.0001266229
5.1755169e-05
9.4608047e-05
4.9376451e-05
2.3308216e-05
4.221636e-05
3.4010258e-05
6.5425187e-05
0.00010783551
0.00013768596
2.4289193e-05
3.5311294e-05
3.3155162e-05
8.3101009e-05
7.5928278e-05
8.1095599e-05
3.8202178e-05
3.9099034e-05
6.805221e-06
1.3505327e-05
9.9398872e-06
0.00011808639
9.0668289e-05
8.7938204e-06
9.4543292e-05
0.00010585024
3.1929082e-05
6.3031952e-06
0.00010392322
6.2602777e-05
9.4207923e-05
0.00012706327
9.7447892e-05
9.2015325e-05
0.00010709717
0.00010734492
0.0001315028
0.00014292411
9.5785134e-05
9.0393542e-05
0.0001121527
9.5049658e-05
0.00010702882
0.00012848148
5.5652468e-05
8.0701759e-05
2.0343842e-05
6.925439e-05
4.5887033e-05
2.9378191e-05
7.1354801e-05
3.9147225e-05
6.4106474e-06
2.0014681e-05
5.9117125e-05
4.4287575e-05
4.5284815e-05
0.00011571415
4.7474095e-05
0.00010314825
1.0065202e-05
9.2444481e-06
1.0908134e-05
2.5024686e-05
6.0853347e-05
8.9340194e-05
7.2399173e-05
8.3431101e-05
8.5197543e-05
7.3178347e-05
2.2708344e-05
2.5329661e-05
3.4503217e-05
3.0667039e-05
2.0784836e-05
0.00011938514
0.00013417368
0.00012962781
8.2696086e-05
0.0001079423
0.00011739728
9.6330211e-06
2.9910865e-05
2.2355606e-05
2.0909081e-05
0.0001282786
0.00010446332
0.00012610939
9.5594444e-06
1.8941605e-05
6.218672e-06
2.350966e-05
5.4977868e-05
2.4101665e-05
3.7469467e-05
1.1588892e-05
3.2741152e-05
5.2263903e-05
5.4902949e-05
9.5646624e-05
1.8647508e-05
2.9000794e-05
3.4381937e-05
2.2254267e-05
7.6058983e-05
7.962474e-06
0.00010897478
6.9602757e-06
0.00010502778
1.4058151e-05
0.00013859602
0.0001062764
1.6133442e-05
0.00013612546
3.2863767e-05
2.2487429e-05
2.526156e-05
2.2928338e-05
4.9304207e-05
4.3301915e-05
0.00012118156
0.00010233785
0.00011433636
9.4361465e-05
8.7740464e-05
3.0417418e-05
7.9668148e-06
9.987285e-05
0.00013703637
3.8035987e-05
1.2066386e-05
0.00011316583
8.7430879e-05
9.662582e-05
0.00014143029
8.8691999e-05
0.00015235744
0.00012137096
9.128131e-05
0.00015312567
0.00012668367
3.2335727e-05
8.2104859e-05
3.5925811e-05
0.00012134805
0.00015820216
0.00015028047
0.00014434332
0.00014140526
0.00014560248
0.00015831986
0.00015097886
0.00010168003
0.00010620895
0.00012989421
0.00013159158
0.00012307023
9.5192146e-05
2.669316e-05
1.8711789e-05
3.9846476e-05
0.00011787152
9.9975735e-05
7.0648387e-05
6.7383629e-06
1.9429717e-05
6.4439912e-05
1.9092353e-05
3.8141506e-05
0.00012651616
0.00013945273
0.00015075737
0.00011181312
7.1172167e-06
1.7295538e-05
2.3401167e-05
0.00011514355
0.00012957117
6.3597274e-05
1.0057076e-05
0.00012462944
5.897281e-05
8.8486412e-05
7.5735672e-06
0.00013209738
0.00010408064
0.0001350273
0.00011456221
8.5446143e-05
0.00016356682
9.7350466e-05
6.4219432e-05
0.00017168668
0.00017786935
0.00019135805
0.00016984614
4.6991142e-05
0.00013903833
0.0001360705
7.4227988e-05
0.00013961566
0.00014702465
6.3606866e-05
2.5480035e-05
4.9654287e-05
0.000107991
3.9627055e-05
4.0738975e-05
8.6447243e-05
0.00012616016
0.00013732614
0.00014969405
3.264294e-05
2.2332488e-05
8.2145863e-05
2.999515e-05
0.00015087005
0.00014648429
0.00015009316
9.5405736e-05
0.0001156055
0.00013100605
0.00013536347
0.0001245502
0.00014313702
6.7862912e-06
6.7357601e-06
2.085649e-05
6.7321769e-06
3.7908095e-05
1.7768841e-05
9.6742693e-05
5.2471908e-05
5.4351164e-05
3.0007182e-05
1.7244197e-05
2.0094793e-05
6.5028014e-06
9.0972791e-05
8.136458e-05
0.00012397607
4.5161822e-05
1.0479331e-05
3.9107617e-05
8.4254161e-05
0.00013534107
0.00010258181
2.1236679e-05
1.489318e-05
1.1607517e-05
0.00012702177
9.6199438e-05
2.6071998e-05
7.8725363e-05
0.00011082629
4.6544186e-05
5.1355365e-05
0.00013557339
0.00015734213
0.00014650227
0.00013323171
0.00015747852
0.0001455535
6.0149643e-05
6.0330735e-05
0.00010035229
0.0001145397
0.00012377431
0.00011793266
8.4489272e-05
6.3184152e-06
1.3785063e-05
2.2651039e-05
0.00011600476
6.0289462e-05
1.173171e-05
1.1266418e-05
2.8142267e-05
1.826138e-05
6.0789274e-05
1.3458111e-05
4.3357368e-05
5.9092645e-05
4.8312101e-05
1.3736122e-05
1.2886589e-05
7.1700783e-06
1.3848282e-05
3.0178276e-05
1.9328088e-05
1.4312689e-05
6.6571718e-06
1.3943923e-05
6.3854676e-05
1.0932521e-05
4.3146778e-05
2.0044601e-05
2.5509942e-05
2.0977472e-05
0.00012801608
7.6380026e-05
0.00011927255
0.00013882608
0.00014101567
0.00013863358
6.363991e-05
3.6853598e-05
9.3600442e-05
3.0581945e-05
6.5139628e-06
1.3876914e-05
0.00014224321
7.3097606e-05
7.4832667e-05
0.00013392688
0.00012579868
6.2789563e-05
0.00012077044
4.7387763e-05
2.5124807e-05
8.7363685e-05
4.6453316e-05
2.1992747e-05
1.9552002e-05
1.056431e-05
2.6706505e-05
6.6967474e-05
7.8743212e-05
1.97186e-05
1.8306816e-05
0.00012416944
0.00013054139
0.00011366892
9.8065046e-05
1.4477507e-05
6.3351309e-05
2.3688309e-05
5.9206167e-05
2.8242899e-05
2.8800072e-05
2.4338322e-05
2.7271971e-05
8.1013544e-05
6.761322e-05
8.4861942e-05
5.3179853e-05
1.0654727e-05
2.3665219e-05
2.5001071e-05
2.9278716e-05
9.3950826e-05
0.00011373412
7.5864243e-05
9.5714427e-05
1.448876e-05
2.740149e-05
7.2827968e-06
2.5848695e-05
5.9452604e-05
1.9677268e-05
1.7408227e-05
2.8108308e-05
0.00010942888
7.3155297e-05
6.9049384e-05
2.4911013e-05
9.8414856e-06
8.9615081e-05
6.3327442e-05
9.7821612e-05
0.00011185766
3.062323e-05
2.1699152e-05
4.3973408e-05
1.0511926e-05
4.1994116e-05
2.8467509e-05
9.674981e-05
7.2074151e-05
5.2381619e-05
5.2506165e-05
9.2405743e-05
4.8932498e-05
3.9541032e-05
7.4003174e-05
2.6037235e-05
1.0809732e-05
2.8878115e-05
8.3010226e-05
7.4790934e-05
7.3805601e-05
3.9584044e-05
6.7412628e-05
6.314276e-05
8.1384019e-05
8.2611473e-05
7.4553399e-05
9.3803681e-05
6.4030442e-05
2.0209618e-05
3.0462029e-05
0.00010621542
6.8092091e-06
4.2544586e-05
1.2957463e-05
3.2332722e-05
2.6032913e-05
8.0597337e-05
6.0515239e-05
0.00011218311
6.5290632e-05
4.9122654e-05
6.0638006e-05
6.3745114e-05
8.3608893e-05
8.7395509e-06
1.2471689e-05
2.7065849e-05
2.8977565e-05
6.0965059e-06
0.00010572583
0.00010268497
1.9201407e-05
0.00010513988
0.00011712205
1.7898515e-05
2.9040324e-05
8.9832395e-05
2.3644275e-05
5.3166991e-05
3.2565736e-05
5.2788179e-05
4.614885e-05
4.9516637e-05
2.1906226e-05
3.7099922e-05
8.6707036e-06
1.691359e-05
4.8220139e-05
0.00012124055
0.00010854119
4.5376693e-05
8.0315886e-05
7.0436412e-05
7.8407245e-05
6.2271943e-05
8.8054607e-05
0.00010419825
9.2349936e-05
9.7870937e-05
7.4701533e-05
1.1613394e-05
2.7787788e-05
3.369348e-05
1.3379423e-05
7.2647636e-06
1.3958584e-05
0.00012458499
0.00014108205
0.000143106
0.00011743426
2.4503718e-05
7.6859596e-06
0.0001511278
0.00015216779
0.00015019288
0.00015677124
8.7679333e-05
0.00012165239
0.00010147568
3.2255177e-05
0.00014410693
4.269625e-05
0.00011220362
0.00010807808
1.37533e-05
5.9557777e-05
8.4107979e-05
7.189485e-05
9.7718575e-06
2.4216409e-05
2.5405369e-05
0.00012596918
0.00010774619
3.5939654e-05
0.00010652454
7.3726431e-05
2.2381912e-05
2.8417269e-05
7.9814621e-05
6.3643689e-05
3.0565749e-05
4.3694854e-05
9.1415802e-05
5.0470848e-05
1.1461118e-05
2.6567691e-05
5.860294e-05
8.8758727e-05
6.4587011e-05
9.0500956e-05
1.7622496e-05
7.2997891e-05
2.804194e-05
3.7500924e-05
0.00010325184
7.2255116e-05
3.4062237e-05
4.7652991e-05
1.1646878e-05
2.3547476e-05
0.00010287806
6.2916398e-06
3.4179755e-05
5.2979025e-05
1.6557259e-05
5.6322662e-05
8.6970618e-05
4.2098629e-05
0.0001385891
4.9924734e-05
0.00013752633
6.5402769e-05
0.00011808142
4.5132277e-05
1.2277337e-05
0.00010336535
3.5264667e-05
1.8799948e-05
4.2784076e-05
3.9999927e-05
9.9852668e-05
3.3699715e-05
0.00011435829
0.00013576433
0.00013015553
0.0001381775
0.00010940578
9.3586354e-05
0.00014524646
0.00012706378
2.2240054e-05
7.0791911e-05
2.8881209e-05
0.000108133
0.0001149371
0.00010083899
3.665062e-05
9.7437722e-05
0.00010548133
4.5214809e-05
5.7792418e-05
1.3250475e-05
6.3415605e-06
0.00012910661
0.00010054974
3.7650512e-05
3.7772755e-05
7.2664096e-05
0.00011657307
0.00012981048
0.00012224321
0.00010990388
1.5982912e-05
4.2912189e-05
9.8593732e-05
0.00012331147
6.7874516e-05
9.0169974e-05
1.9330768e-05
3.9918989e-05
1.6762747e-05
5.4174213e-05
1.5059642e-05
5.7046981e-05
4.5302331e-05
2.7467919e-05
7.5637025e-05
1.0815076e-05
6.3922838e-05
2.0255143e-05
1.3724275e-05
3.0923432e-05
7.7311831e-05
6.8774364e-06
6.2237662e-06
3.2251264e-05
8.2223071e-05
0.00011413826
0.00012193023
0.0001118805
0.00013867941
4.6886992e-05
2.9125902e-05
6.9578315e-06
6.2342353e-05
1.1782133e-05
7.3134076e-05
2.6939431e-05
1.3184217e-05
7.2750261e-05
9.1472649e-05
5.1326402e-05
6.5861645e-06
0.00010693568
0.00011189812
0.00012855361
9.4802898e-05
6.5792358e-05
0.00012330692
4.0271768e-05
4.3407663e-05
0.00010840027
9.3582464e-05
0.00011241071
0.00015986297
9.7835791e-05
0.00015708878
0.00012093438
7.6543475e-05
4.1491223e-05
0.00010450004
0.00012531732
0.0001060127
8.4153575e-05
4.5152073e-05
3.6183104e-05
6.857756e-05
3.3203026e-05
3.7224716e-05
6.9555797e-05
2.1058097e-05
5.5226078e-05
2.8637157e-05
8.1498223e-05
5.9511266e-05
2.1372076e-05
2.630811e-05
5.6293053e-05
1.9745991e-05
6.5800701e-05
3.8938817e-05
1.1178021e-05
1.1432884e-05
3.1298692e-05
7.6956328e-05
2.6468314e-05
0.00013807589
0.00012479901
0.00014052999
0.00014716937
6.7942552e-05
9.4790803e-05
7.1722133e-05
3.6343826e-05
6.9802327e-06
2.9840714e-05
6.8526638e-05
3.5016e-05
2.1499413e-05
0.00014768443
7.6863716e-05
6.3367684e-05
2.5450486e-05
4.9916907e-05
3.9521587e-05
0.00010056407
9.7827936e-05
0.00012375329
0.00010297843
8.7008543e-05
0.00010968087
4.221261e-05
3.038977e-05
0.00014227548
0.00013749678
1.0501854e-05
8.9846331e-05
0.00011866852
1.9950213e-05
0.00014506719
7.1574337e-05
0.0001512422
0.00010395399
0.00010221912
2.3877454e-05
3.354729e-05
0.00014987986
1.8522912e-05
4.5351528e-05
6.408995e-06
0.00011318799
3.6968393e-05
7.6188004e-05
4.768221e-05
0.00012556291
6.7952756e-05
8.5786892e-05
8.210115e-06
2.4044446e-05
1.6657113e-05
7.3957467e-05
5.2913434e-05
3.0825034e-05
1.6459935e-05
1.0387734e-05
2.6422411e-05
5.7019653e-05
1.2784214e-05
2.9143271e-05
5.1428245e-05
5.8686739e-05
9.6858165e-05
5.3022308e-05
7.4802851e-05
6.0709527e-05
8.7924708e-05
9.4872e-05
9.950756e-05
4.9420897e-05
8.5134157e-05
5.5887108e-05
6.4737258e-05
2.6603623e-05
4.8071264e-05
1.5684649e-05
7.9808093e-06
4.2745757e-05
8.7391473e-06
0.00011758198
0.00011867479
2.1189616e-05
6.7687359e-05
4.9311553e-05
7.2067923e-06
1.7890125e-05
0.00015354629
0.00014392074
0.00015051515
0.00011157933
0.00011815521
0.00010139141
0.00014021055
2.867948e-05
0.00015796194
4.015367e-05
6.5704905e-05
9.3517377e-05
2.7050729e-05
9.1147709e-06
8.0738572e-05
6.0194236e-05
2.1057658e-05
1.3414193e-05
9.0510611e-05
0.00014782352
0.00014573005
0.00013991532
4.8531603e-05
0.00011260378
0.00010943934
3.5867629e-05
0.00010210154
4.0594339e-05
1.0059595e-05
8.5667041e-05
1.1836317e-05
9.7077196e-06
3.6622416e-05
2.0426434e-05
8.819676e-06
0.00011302119
4.2121389e-05
0.0001119618
0.0001553782
0.00012792539
0.00013670733
0.00014614762
0.00015957143
5.2798459e-05
6.2827487e-06
7.6914992e-05
1.8823404e-05
4.3165272e-05
3.9754595e-05
3.1427599e-05
0.00012495385
0.00011885082
5.508762e-05
5.6112481e-05
7.1988637e-05
1.3821673e-05
4.9028683e-05
0.00013129817
9.3499116e-05
0.00012157713
7.6143388e-05
7.1462425e-05
2.9537581e-05
1.3234862e-05
2.7959951e-05
6.2060686e-05
5.1519175e-05
3.1608458e-05
9.6600588e-06
1.3515811e-05
7.2423406e-05
7.2350079e-05
3.1405848e-05
0.00010117869
0.00010086274
0.00015488409
0.00015474278
0.00012869371
9.1166166e-06
7.811814e-05
0.00013727907
0.00013476431
0.00014378366
2.1351403e-05
4.7159259e-05
6.4949724e-06
1.3189443e-05
6.0607767e-06
4.2117412e-05
2.7911107e-05
6.4396394e-05
1.3550693e-05
2.8232202e-05
3.3322624e-05
0.00014955328
0.00015022071
0.00014177719
0.00015348369
0.00013558145
0.00015456441
0.00014598937
8.2900121e-05
2.8668966e-05
4.5531663e-05
0.00011131901
6.1403246e-05
0.00013508753
0.00014866244
0.00016541032
0.00011843295
0.00015267234
0.00016016526
9.2033178e-05
6.4064096e-05
0.00010608565
2.0294126e-05
4.5614974e-05
2.785563e-05
2.1819151e-05
1.1704484e-05
6.0898656e-05
0.00013270058
4.3039097e-05
5.7859602e-05
0.00011217629
0.00013120907
1.3962238e-05
6.5390065e-06
0.00015489632
0.00015802122
0.00014024718
0.00015510439
0.00011819181
0.00012630054
7.1864608e-05
3.1240529e-05
1.3250819e-05
2.4693096e-05
1.0486015e-05
0.00010730181
7.3850024e-05
0.00011498126
8.554087e-06
7.6973131e-06
1.4570032e-05
7.0407723e-05
1.0284605e-05
3.822609e-05
2.504501e-05
6.7331538e-05
3.5555612e-05
4.3983962e-05
6.7019855e-05
3.0268874e-05
1.3196327e-05
3.3936908e-05
6.6191401e-05
5.6388266e-05
4.2160186e-05
8.4083441e-05
7.7603393e-05
4.4655443e-05
8.9945665e-05
4.9413672e-05
5.3185629e-05
5.4918999e-05
9.4998245e-06
5.1440341e-05
6.0508496e-05
7.5897956e-05
3.9419208e-05
7.38597e-05
5.344063e-05
3.1518723e-05
0.00010356428
0.000111254
4.3765752e-05
6.1173093e-05
7.4740402e-05
0.00015400438
2.8461081e-05
9.9518927e-06
2.528748e-05
0.00012806803
0.00012404701
0.00014070535
8.3928083e-05
3.4221057e-05
9.7190464e-05
5.4419017e-05
2.5059375e-05
1.8212761e-05
1.2805657e-05
0.00013567188
5.411136e-06
6.5489841e-06
3.6329089e-05
1.5447434e-05
6.3617439e-05
6.6960611e-05
7.9552558e-05
6.2501569e-05
5.6624029e-05
1.863142e-05
4.6753357e-05
4.0457694e-05
3.5675543e-05
5.5701073e-05
6.4345758e-05
2.6309997e-05
8.8031243e-05
3.8160033e-05
1.0874259e-05
2.7375882e-05
4.0298013e-05
4.4319108e-05
7.3098375e-05
1.0906938e-05
6.432731e-05
9.3490832e-05
9.2169958e-06
2.5150934e-05
5.4328475e-05
1.269481e-05
3.7780791e-05
1.2819873e-05
9.8715878e-05
9.5211497e-05
2.7292419e-05
3.5052135e-05
3.6784403e-05
1.7351967e-05
7.7900883e-06
4.8540622e-05
5.277038e-05
2.1429488e-05
3.9168518e-05
6.930009e-06
2.6378406e-05
8.0897598e-06
1.064147e-05
3.4658363e-05
1.4218523e-05
9.0424889e-05
1.2706806e-05
2.0375419e-05
7.8716658e-06
1.4473335e-05
9.1508946e-06
2.400946e-05
7.6882658e-05
2.8979917e-05
9.3722633e-06
2.066081e-05
2.4248599e-05
3.1815677e-05
0.00013021755
0.00012567728
2.212608e-05
5.5365439e-05
4.1045991e-05
5.2285141e-05
6.0589036e-05
0.0001178399
2.2057819e-05
8.2028049e-06
9.499588e-06
1.189977e-05
9.6163021e-05
0.00010338732
2.029148e-05
2.5800275e-05
3.1641464e-05
2.7266114e-05
8.2444352e-05
0.00013316012
0.00013402004
3.3501257e-05
7.6452835e-05
5.5907496e-05
2.4110645e-05
3.1578328e-05
3.3505815e-05
0.00010411903
2.7198587e-05
7.4089624e-06
9.9084678e-06
8.3309071e-05
7.034196e-06
1.2064913e-05
6.5528592e-06
5.8596286e-05
3.1500461e-05
2.3230579e-05
1.9569191e-05
8.1018658e-06
3.2333638e-05
1.0020676e-05
1.3489358e-05
5.4330694e-05
3.8267104e-05
2.9008025e-05
2.1029724e-05
2.5155777e-05
2.2932802e-05
1.5098126e-05
5.1849015e-05
4.6032254e-05
2.1160441e-05
8.1562888e-05
8.9169972e-05
3.4591832e-05
1.3538218e-05
2.1428694e-05
3.2393861e-05
0.00012516746
0.00013942933
0.00010434323
3.2827011e-05
2.361187e-05
1.3539881e-05
5.077917e-05
6.7072113e-05
3.578432e-05
0.00010078921
3.4165246e-05
5.359205e-05
2.8468779e-05
4.362837e-05
3.6836544e-05
4.010418e-05
2.8129117e-05
2.467472e-05
1.1824328e-05
8.3020204e-06
0.00015830503
0.00016028527
1.6540008e-05
7.3907529e-06
1.0074514e-05
7.057295e-06
6.2186599e-06
)
;
    }
    inlet_BA
    {
        type            fixedValue;
        value           uniform 0;
    }
    inlet_R_ICA
    {
        type            fixedValue;
        value           uniform 0;
    }
    inlet_L_ICA
    {
        type            fixedValue;
        value           uniform 0;
    }
    outlet_R_PCA
    {
        type            fixedValue;
        value           uniform 0;
    }
    outlet_L_PCA
    {
        type            fixedValue;
        value           uniform 0;
    }
    outlet_L_MCA
    {
        type            fixedValue;
        value           uniform 0;
    }
    outlet_R_ACA
    {
        type            fixedValue;
        value           uniform 0;
    }
    outlet_L_ACA
    {
        type            fixedValue;
        value           uniform 0;
    }
}


// ************************************************************************* //
