/*--------------------------------*- C++ -*----------------------------------*\
  =========                 |
  \\      /  F ield         | OpenFOAM: The Open Source CFD Toolbox
   \\    /   O peration     | Website:  https://openfoam.org
    \\  /    A nd           | Version:  dev
     \\/     M anipulation  |
\*---------------------------------------------------------------------------*/
FoamFile
{
    format      ascii;
    class       volScalarField;
    location    "0";
    object      thicknessFraction;
}
// * * * * * * * * * * * * * * * * * * * * * * * * * * * * * * * * * * * * * //

dimensions      [];

internalField   uniform 0;

boundaryField
{
    domain_walls
    {
        type            fixedValue;
        value           uniform 0;
    }
    wall
    {
        type            fixedValue;
        value           nonuniform List<scalar> 
86136
(
0
0
0
0
0
0
0
0
0
0
0
0
0
0
0
0
0
0
0
0
0
0
0
0
0
0
0
0
0
0
0
0
0
0
0
0
0
0
0
0
0
0
0
0
0
0
0
0
0
0
0
0
0
0
0
0
0
0
0
0
0
0
0
0
0
0
0
0
0
0
0
0
0
0
0
0
0
0
0
0
0
0
0
0
0
0
0
0
0
0
0
0
0
0
0
0
0
0
0
0
0
0
0
0
0
0
0
0
0
0
0
0
0
0
0
0
0
0
0
0
0
0
0
0
0
0
0
0
0
0
0
0
0
0
0
0
0
0
0
0
0
0
0
0
0
0
0
0
0
0
0
0
0
0
0
0
0
0
0
0
0
0
0
0
0
0
0
0
0
0
0
0
0
0
0
0
0
0
0
0
0
0
0
0
0
0
0
0
0
0
0
0
0
0
0
0
0
0
0
0
0
0
0
0
0
0
0
0
0
0
0
0
0
0
0
0
0
0
0
0
0
0
0
0
0
0
0
0
0
0
0
0
0
0
0
0
0
0
0
0
0
0
0
0
0
0
0
0
0
0
0
0
0
0
0
0
0
0
0
0
0
0
0
0
0
0
0
0
0
0
0
0
0
0
0
0
0
0
0
0
0
0
0
0
0
0
0
0
0
0
0
0
0
0
0
0
0
0
0
0
0
0
0
0
0
0
0
0
0
0
0
0
0
0
0
0
0
0
0
0
0
0
0
0
0
0
0
0
0
0
0
0
0
0
0
0
0
0
0
0
0
0
0
0
0
0
0
0
0
0
0
0
0
0
0
0
0
0
0
0
0
0
0
0
0
0
0
0
0
0
0
0
0
0
0
0
0
0
0
0
0
0
0
0
0
0
0
0
0
0
0
0
0
0
0
0
0
0
0
0
0
0
0
0
0
0
0
0
0
0
0
0
0
0
0
0
0
0
0
0
0
0
0
0
0
0
0
0
0
0
0
0
0
0
0
0
0
0
0
0
0
0
0
0
0
0
0
0
0
0
0
0
0
0
0
0
0
0
0
0
0
0
0
0
0
0
0
0
0
0
0
0
0
0
0
0
0
0
0
0
0
0
0
0
0
0
0
0
0
0
0
0
0
0
0
0
0
0
0
0
0
0
0
0
0
0
0
0
0
0
0
0
0
0
0
0
0
0
0
0
0
0
0
0
0
0
0
0
0
0
0
0
0
0
0
0
0
0
0
0
0
0
0
0
0
0
0
0
0
0
0
0
0
0
0
0
0
0
0
0
0
0
0
0
0
0
0
0
0
0
0
0
0
0
0
0
0
0
0
0
0
0
0
0
0
0
0
0
0
0
0
0
0
0
0
0
0
0
0
0
0
0
0
0
0
0
0
0
0
0
0
0
0
0
0
0
0
0
0
0
0
0
0
0
0
0
0
0
0
0
0
0
0
0
0
0
0
0
0
0
0
0
0
0
0
0
0
0
0
0
0
0
0
0
0
0
0
0
0
0
0
0
0
0
0
0
0
0
0
0
0
0
0
0
0
0
0
0
0
0
0
0
0
0
0
0
0
0
0
0
0
0
0
0
0
0
0
0
0
0
0
0
0
0
0
0
0
0
0
0
0
0
0
0
0
0
0
0
0
0
0
0
0
0
0
0
0
0
0
0
0
0
0
0
0
0
0
0
0
0
0
0
0
0
0
0
0
0
0
0
0
0
0
0
0
0
0
0
0
0
0
0
0
0
0
0
0
0
0
0
0
0
0
0
0
0
0
0
0
0
0
0
0
0
0
0
0
0
0
0
0
0
0
0
0
0
0
0
0
0
0
0
0
0
0
0
0
0
0
0
0
0
0
0
0
0
0
0
0
0
0
0
0
0
0
0
0
0
0
0
0
0
0
0
0
0
0
0
0
0
0
0
0
0
0
0
0
0
0
0
0
0
0
0
0
0
0
0
0
0
0
0
0
0
0
0
0
0
0
0
0
0
0
0
0
0
0
0
0
0
0
0
0
0
0
0
0
0
0
0
0
0
0
0
0
0
0
0
0
0
0
0
0
0
0
0
0
0
0
0
0
0
0
0
0
0
0
0
0
0
0
0
0
0
0
0
0
0
0
0
0
0
0
0
0
0
0
0
0
0
0
0
0
0
0
0
0
0
0
0
0
0
0
0
0
0
0
0
0
0
0
0
0
0
0
0
0
0
0
0
0
0
0
0
0
0
0
0
0
0
0
0
0
0
0
0
0
0
0
0
0
0
0
0
0
0
0
0
0
0
0
0
0
0
0
0
0
0
0
0
0
0
0
0
0
0
0
0
0
0
0
0
0
0
0
0
0
0
0
0
0
0
0
0
0
0
0
0
0
0
0
0
0
0
0
0
0
0
0
0
0
0
0
0
0
0
0
0
0
0
0
0
0
0
0
0
0
0
0
0
0
0
0
0
0
0
0
0
0
0
0
0
0
0
0
0
0
0
0
0
0
0
0
0
0
0
0
0
0
0
0
0
0
0
0
0
0
0
0
0
0
0
0
0
0
0
0
0
0
0
0
0
0
0
0
0
0
0
0
0
0
0
0
0
0
0
0
0
0
0
0
0
0
0
0
0
0
0
0
0
0
0
0
0
0
0
0
0
0
0
0
0
0
0
0
0
0
0
0
0
0
0
0
0
0
0
0
0
0
0
0
0
0
0
0
0
0
0
0
0
0
0
0
0
0
0
0
0
0
0
0
0
0
0
0
0
0
0
0
0
0
0
0
0
0
0
0
0
0
0
0
0
0
0
0
0
0
0
0
0
0
0
0
0
0
0
0
0
0
0
0
0
0
0
0
0
0
0
0
0
0
0
0
0
0
0
0
0
0
0
0
0
0
0
0
0
0
0
0
0
0
0
0
0
0
0
0
0
0
0
0
0
0
0
0
0
0
0
0
0
0
0
0
0
0
0
0
0
0
0
0
0
0
0
0
0
0
0
0
0
0
0
0
0
0
0
0
0
0
0
0
0
0
0
0
0
0
0
0
0
0
0
0
0
0
0
0
0
0
0
0
0
0
0
0
0
0
0
0
0
0
0
0
0
0
0
0
0
0
0
0
0
0
0
0
0
0
0
0
0
0
0
0
0
0
0
0
0
0
0
0
0
0
0
0
0
0
0
0
0
0
0
0
0
0
0
0
0
0
0
0
0
0
0
0
0
0
0
0
0
0
0
0
0
0
0
0
0
0
0
0
0
0
0
0
0
0
0
0
0
0
0
0
0
0
0
0
0
0
0
0
0
0
0
0
0
0
0
0
0
0
0
0
0
0
0
0
0
0
0
0
0
0
0
0
0
0
0
0
0
0
0
0
0
0
0
0
0
0
0
0
0
0
0
0
0
0
0
0
0
0
0
0
0
0
0
0
0
0
0
0
0
0
0
0
0
0
0
0
0
0
0
0
0
0
0
0
0
0
0
0
0
0
0
0
0
0
0
0
0
0
0
0
0
0
0
0
0
0
0
0
0
0
0
0
0
0
0
0
0
0
0
0
0
0
0
0
0
0
0
0
0
0
0
0
0
0
0
0
0
0
0
0
0
0
0
0
0
0
0
0
0
0
0
0
0
0
0
0
0
0
0
0
0
0
0
0
0
0
0
0
0
0
0
0
0
0
0
0
0
0
0
0
0
0
0
0
0
0
0
0
0
0
0
0
0
0
0
0
0
0
0
0
0
0
0
0
0
0
0
0
0
0
0
0
0
0
0
0
0
0
0
0
0
0
0
0
0
0
0
0
0
0
0
0
0
0
0
0
0
0
0
0
0
0
0
0
0
0
0
0
0
0
0
0
0
0
0
0
0
0
0
0
0
0
0
0
0
0
0
0
0
0
0
0
0
0
0
0
0
0
0
0
0
0
0
0
0
0
0
0
0
0
0
0
0
0
0
0
0
0
0
0
0
0
0
0
0
0
0
0
0
0
0
0
0
0
0
0
0
0
0
0
0
0
0
0
0
0
0
0
0
0
0
0
0
0
0
0
0
0
0
0
0
0
0
0
0
0
0
0
0
0
0
0
0
0
0
0
0
0
0
0
0
0
0
0
0
0
0
0
0
0
0
0
0
0
0
0
0
0
0
0
0
0
0
0
0
0
0
0
0
0
0
0
0
0
0
0
0
0
0
0
0
0
0
0
0
0
0
0
0
0
0
0
0
0
0
0
0
0
0
0
0
0
0
0
0
0
0
0
0
0
0
0
0
0
0
0
0
0
0
0
0
0
0
0
0
0
0
0
0
0
0
0
0
0
0
0
0
0
0
0
0
0
0
0
0
0
0
0
0
0
0
0
0
0
0
0
0
0
0
0
0
0
0
0
0
0
0
0
0
0
0
0
0
0
0
0
0
0
0
0
0
0
0
0
0
0
0
0
0
0
0
0
0
0
0
0
0
0
0
0
0
0
0
0
0
0
0
0
0
0
0
0
0
0
0
0
0
0
0
0
0
0
0
0
0
0
0
0
0
0
0
0
0
0
0
0
0
0
0
0
0
0
0
0
0
0
0
0
0
0
0
0
0
0
0
0
0
0
0
0
0
0
0
0
0
0
0
0
0
0
0
0
0
0
0
0
0
0
0
0
0
0
0
0
0
0
0
0
0
0
0
0
0
0
0
0
0
0
0
0
0
0
0
0
0
0
0
0
0
0
0
0
0
0
0
0
0
0
0
0
0
0
0
0
0
0
0
0
0
0
0
0
0
0
0
0
0
0
0
0
0
0
0
0
0
0
0
0
0
0
0
0
0
0
0
0
0
0
0
0
0
0
0
0
0
0
0
0
0
0
0
0
0
0
0
0
0
0
0
0
0
0
0
0
0
0
0
0
0
0
0
0
0
0
0
0
0
0
0
0
0
0
0
0
0
0
0
0
0
0
0
0
0
0
0
0
0
0
0
0
0
0
0
0
0
0
0
0
0
0
0
0
0
0
0
0
0
0
0
0
0
0
0
0
0
0
0
0
0
0
0
0
0
0
0
0
0
0
0
0
0
0
0
0
0
0
0
0
0
0
0
0
0
0
0
0
0
0
0
0
0
0
0
0
0
0
0
0
0
0
0
0
0
0
0
0
0
0
0
0
0
0
0
0
0
0
0
0
0
0
0
0
0
0
0
0
0
0
0
0
0
0
0
0
0
0
0
0
0
0
0
0
0
0
0
0
0
0
0
0
0
0
0
0
0
0
0
0
0
0
0
0
0
0
0
0
0
0
0
0
0
0
0
0
0
0
0
0
0
0
0
0
0
0
0
0
0
0
0
0
0
0
0
0
0
0
0
0
0
0
0
0
0
0
0
0
0
0
0
0
0
0
0
0
0
0
0
0
0
0
0
0
0
0
0
0
0
0
0
0
0
0
0
0
0
0
0
0
0
0
0
0
0
0
0
0
0
0
0
0
0
0
0
0
0
0
0
0
0
0
0
0
0
0
0
0
0
0
0
0
0
0
0
0
0
0
0
0
0
0
0
0
0
0
0
0
0
0
0
0
0
0
0
0
0
0
0
0
0
0
0
0
0
0
0
0
0
0
0
0
0
0
0
0
0
0
0
0
0
0
0
0
0
0
0
0
0
0
0
0
0
0
0
0
0
0
0
0
0
0
0
0
0
0
0
0
0
0
0
0
0
0
0
0
0
0
0
0
0
0
0
0
0
0
0
0
0
0
0
0
0
0
0
0
0
0
0
0
0
0
0
0
0
0
0
0
0
0
0
0
0
0
0
0
0
0
0
0
0
0
0
0
0
0
0
0
0
0
0
0
0
0
0
0
0
0
0
0
0
0
0
0
0
0
0
0
0
0
0
0
0
0
0
0
0
0
0
0
0
0
0
0
0
0
0
0
0
0
0
0
0
0
0
0
0
0
0
0
0
0
0
0
0
0
0
0
0
0
0
0
0
0
0
0
0
0
0
0
0
0
0
0
0
0
0
0
0
0
0
0
0
0
0
0
0
0
0
0
0
0
0
0
0
0
0
0
0
0
0
0
0
0
0
0
0
0
0
0
0
0
0
0
0
0
0
0
0
0
0
0
0
0
0
0
0
0
0
0
0
0
0
0
0
0
0
0
0
0
0
0
0
0
0
0
0
0
0
0
0
0
0
0
0
0
0
0
0
0
0
0
0
0
0
0
0
0
0
0
0
0
0
0
0
0
0
0
0
0
0
0
0
0
0
0
0
0
0
0
0
0
0
0
0
0
0
0
0
0
0
0
0
0
0
0
0
0
0
0
0
0
0
0
0
0
0
0
0
0
0
0
0
0
0
0
0
0
0
0
0
0
0
0
0
0
0
0
0
0
0
0
0
0
0
0
0
0
0
0
0
0
0
0
0
0
0
0
0
0
0
0
0
0
0
0
0
0
0
0
0
0
0
0
0
0
0
0
0
0
0
0
0
0
0
0
0
0
0
0
0
0
0
0
0
0
0
0
0
0
0
0
0
0
0
0
0
0
0
0
0
0
0
0
0
0
0
0
0
0
0
0
0
0
0
0
0
0
0
0
0
0
0
0
0
0
0
0
0
0
0
0
0
0
0
0
0
0
0
0
0
0
0
0
0
0
0
0
0
0
0
0
0
0
0
0
0
0
0
0
0
0
0
0
0
0
0
0
0
0
0
0
0
0
0
0
0
0
0
0
0
0
0
0
0
0
0
0
0
0
0
0
0
0
0
0
0
0
0
0
0
0
0
0
0
0
0
0
0
0
0
0
0
0
0
0
0
0
0
0
0
0
0
0
0
0
0
0
0
0
0
0
0
0
0
0
0
0
0
0
0
0
0
0
0
0
0
0
0
0
0
0
0
0
0
0
0
0
0
0
0
0
0
0
0
0
0
0
0
0
0
0
0
0
0
0
0
0
0
0
0
0
0
0
0
0
0
0
0
0
0
0
0
0
0
0
0
0
0
0
0
0
0
0
0
0
0
0
0
0
0
0
0
0
0
0
0
0
0
0
0
0
0
0
0
0
0
0
0
0
0
0
0
0
0
0
0
0
0
0
0
0
0
0
0
0
0
0
0
0
0
0
0
0
0
0
0
0
0
0
0
0
0
0
0
0
0
0
0
0
0
0
0
0
0
0
0
0
0
0
0
0
0
0
0
0
0
0
0
0
0
0
0
0
0
0
0
0
0
0
0
0
0
0
0
0
0
0
0
0
0
0
0
0
0
0
0
0
0
0
0
0
0
0
0
0
0
0
0
0
0
0
0
0
0
0
0
0
0
0
0
0
0
0
0
0
0
0
0
0
0
0
0
0
0
0
0
0
0
0
0
0
0
0
0
0
0
0
0
0
0
0
0
0
0
0
0
0
0
0
0
0
0
0
0
0
0
0
0
0
0
0
0
0
0
0
0
0
0
0
0
0
0
0
0
0
0
0
0
0
0
0
0
0
0
0
0
0
0
0
0
0
0
0
0
0
0
0
0
0
0
0
0
0
0
0
0
0
0
0
0
0
0
0
0
0
0
0
0
0
0
0
0
0
0
0
0
0
0
0
0
0
0
0
0
0
0
0
0
0
0
0
0
0
0
0
0
0
0
0
0
0
0
0
0
0
0
0
0
0
0
0
0
0
0
0
0
0
0
0
0
0
0
0
0
0
0
0
0
0
0
0
0
0
0
0
0
0
0
0
0
0
0
0
0
0
0
0
0
0
0
0
0
0
0
0
0
0
0
0
0
0
0
0
0
0
0
0
0
0
0
0
0
0
0
0
0
0
0
0
0
0
0
0
0
0
0
0
0
0
0
0
0
0
0
0
0
0
0
0
0
0
0
0
0
0
0
0
0
0
0
0
0
0
0
0
0
0
0
0
0
0
0
0
0
0
0
0
0
0
0
0
0
0
0
0
0
0
0
0
0
0
0
0
0
0
0
0
0
0
0
0
0
0
0
0
0
0
0
0
0
0
0
0
0
0
0
0
0
0
0
0
0
0
0
0
0
0
0
0
0
0
0
0
0
0
0
0
0
0
0
0
0
0
0
0
0
0
0
0
0
0
0
0
0
0
0
0
0
0
0
0
0
0
0
0
0
0
0
0
0
0
0
0
0
0
0
0
0
0
0
0
0
0
0
0
0
0
0
0
0
0
0
0
0
0
0
0
0
0
0
0
0
0
0
0
0
0
0
0
0
0
0
0
0
0
0
0
0
0
0
0
0
0
0
0
0
0
0
0
0
0
0
0
0
0
0
0
0
0
0
0
0
0
0
0
0
0
0
0
0
0
0
0
0
0
0
0
0
0
0
0
0
0
0
0
0
0
0
0
0
0
0
0
0
0
0
0
0
0
0
0
0
0
0
0
0
0
0
0
0
0
0
0
0
0
0
0
0
0
0
0
0
0
0
0
0
0
0
0
0
0
0
0
0
0
0
0
0
0
0
0
0
0
0
0
0
0
0
0
0
0
0
0
0
0
0
0
0
0
0
0
0
0
0
0
0
0
0
0
0
0
0
0
0
0
0
0
0
0
0
0
0
0
0
0
0
0
0
0
0
0
0
0
0
0
0
0
0
0
0
0
0
0
0
0
0
0
0
0
0
0
0
0
0
0
0
0
0
0
0
0
0
0
0
0
0
0
0
0
0
0
0
0
0
0
0
0
0
0
0
0
0
0
0
0
0
0
0
0
0
0
0
0
0
0
0
0
0
0
0
0
0
0
0
0
0
0
0
0
0
0
0
0
0
0
0
0
0
0
0
0
0
0
0
0
0
0
0
0
0
0
0
0
0
0
0
0
0
0
0
0
0
0
0
0
0
0
0
0
0
0
0
0
0
0
0
0
0
0
0
0
0
0
0
0
0
0
0
0
0
0
0
0
0
0
0
0
0
0
0
0
0
0
0
0
0
0
0
0
0
0
0
0
0
0
0
0
0
0
0
0
0
0
0
0
0
0
0
0
0
0
0
0
0
0
0
0
0
0
0
0
0
0
0
0
0
0
0
0
0
0
0
0
0
0
0
0
0
0
0
0
0
0
0
0
0
0
0
0
0
0
0
0
0
0
0
0
0
0
0
0
0
0
0
0
0
0
0
0
0
0
0
0
0
0
0
0
0
0
0
0
0
0
0
0
0
0
0
0
0
0
0
0
0
0
0
0
0
0
0
0
0
0
0
0
0
0
0
0
0
0
0
0
0
0
0
0
0
0
0
0
0
0
0
0
0
0
0
0
0
0
0
0
0
0
0
0
0
0
0
0
0
0
0
0
0
0
0
0
0
0
0
0
0
0
0
0
0
0
0
0
0
0
0
0
0
0
0
0
0
0
0
0
0
0
0
0
0
0
0
0
0
0
0
0
0
0
0
0
0
0
0
0
0
0
0
0
0
0
0
0
0
0
0
0
0
0
0
0
0
0
0
0
0
0
0
0
0
0
0
0
0
0
0
0
0
0
0
0
0
0
0
0
0
0
0
0
0
0
0
0
0
0
0
0
0
0
0
0
0
0
0
0
0
0
0
0
0
0
0
0
0
0
0
0
0
0
0
0
0
0
0
0
0
0
0
0
0
0
0
0
0
0
0
0
0
0
0
0
0
0
0
0
0
0
0
0
0
0
0
0
0
0
0
0
0
0
0
0
0
0
0
0
0
0
0
0
0
0
0
0
0
0
0
0
0
0
0
0
0
0
0
0
0
0
0
0
0
0
0
0
0
0
0
0
0
0
0
0
0
0
0
0
0
0
0
0
0
0
0
0
0
0
0
0
0
0
0
0
0
0
0
0
0
0
0
0
0
0
0
0
0
0
0
0
0
0
0
0
0
0
0
0
0
0
0
0
0
0
0
0
0
0
0
0
0
0
0
0
0
0
0
0
0
0
0
0
0
0
0
0
0
0
0
0
0
0
0
0
0
0
0
0
0
0
0
0
0
0
0
0
0
0
0
0
0
0
0
0
0
0
0
0
0
0
0
0
0
0
0
0
0
0
0
0
0
0
0
0
0
0
0
0
0
0
0
0
0
0
0
0
0
0
0
0
0
0
0
0
0
0
0
0
0
0
0
0
0
0
0
0
0
0
0
0
0
0
0
0
0
0
0
0
0
0
0
0
0
0
0
0
0
0
0
0
0
0
0
0
0
0
0
0
0
0
0
0
0
0
0
0
0
0
0
0
0
0
0
0
0
0
0
0
0
0
0
0
0
0
0
0
0
0
0
0
0
0
0
0
0
0
0
0
0
0
0
0
0
0
0
0
0
0
0
0
0
0
0
0
0
0
0
0
0
0
0
0
0
0
0
0
0
0
0
0
0
0
0
0
0
0
0
0
0
0
0
0
0
0
0
0
0
0
0
0
0
0
0
0
0
0
0
0
0
0
0
0
0
0
0
0
0
0
0
0
0
0
0
0
0
0
0
0
0
0
0
0
0
0
0
0
0
0
0
0
0
0
0
0
0
0
0
0
0
0
0
0
0
0
0
0
0
0
0
0
0
0
0
0
0
0
0
0
0
0
0
0
0
0
0
0
0
0
0
0
0
0
0
0
0
0
0
0
0
0
0
0
0
0
0
0
0
0
0
0
0
0
0
0
0
0
0
0
0
0
0
0
0
0
0
0
0
0
0
0
0
0
0
0
0
0
0
0
0
0
0
0
0
0
0
0
0
0
0
0
0
0
0
0
0
0
0
0
0
0
0
0
0
0
0
0
0
0
0
0
0
0
0
0
0
0
0
0
0
0
0
0
0
0
0
0
0
0
0
0
0
0
0
0
0
0
0
0
0
0
0
0
0
0
0
0
0
0
0
0
0
0
0
0
0
0
0
0
0
0
0
0
0
0
0
0
0
0
0
0
0
0
0
0
0
0
0
0
0
0
0
0
0
0
0
0
0
0
0
0
0
0
0
0
0
0
0
0
0
0
0
0
0
0
0
0
0
0
0
0
0
0
0
0
0
0
0
0
0
0
0
0
0
0
0
0
0
0
0
0
0
0
0
0
0
0
0
0
0
0
0
0
0
0
0
0
0
0
0
0
0
0
0
0
0
0
0
0
0
0
0
0
0
0
0
0
0
0
0
0
0
0
0
0
0
0
0
0
0
0
0
0
0
0
0
0
0
0
0
0
0
0
0
0
0
0
0
0
0
0
0
0
0
0
0
0
0
0
0
0
0
0
0
0
0
0
0
0
0
0
0
0
0
0
0
0
0
0
0
0
0
0
0
0
0
0
0
0
0
0
0
0
0
0
0
0
0
0
0
0
0
0
0
0
0
0
0
0
0
0
0
0
0
0
0
0
0
0
0
0
0
0
0
0
0
0
0
0
0
0
0
0
0
0
0
0
0
0
0
0
0
0
0
0
0
0
0
0
0
0
0
0
0
0
0
0
0
0
0
0
0
0
0
0
0
0
0
0
0
0
0
0
0
0
0
0
0
0
0
0
0
0
0
0
0
0
0
0
0
0
0
0
0
0
0
0
0
0
0
0
0
0
0
0
0
0
0
0
0
0
0
0
0
0
0
0
0
0
0
0
0
0
0
0
0
0
0
0
0
0
0
0
0
0
0
0
0
0
0
0
0
0
0
0
0
0
0
0
0
0
0
0
0
0
0
0
0
0
0
0
0
0
0
0
0
0
0
0
0
0
0
0
0
0
0
0
0
0
0
0
0
0
0
0
0
0
0
0
0
0
0
0
0
0
0
0
0
0
0
0
0
0
0
0
0
0
0
0
0
0
0
0
0
0
0
0
0
0
0
0
0
0
0
0
0
0
0
0
0
0
0
0
0
0
0
0
0
0
0
0
0
0
0
0
0
0
0
0
0
0
0
0
0
0
0
0
0
0
0
0
0
0
0
0
0
0
0
0
0
0
0
0
0
0
0
0
0
0
0
0
0
0
0
0
0
0
0
0
0
0
0
0
0
0
0
0
0
0
0
0
0
0
0
0
0
0
0
0
0
0
0
0
0
0
0
0
0
0
0
0
0
0
0
0
0
0
0
0
0
0
0
0
0
0
0
0
0
0
0
0
0
0
0
0
0
0
0
0
0
0
0
0
0
0
0
0
0
0
0
0
0
0
0
0
0
0
0
0
0
0
0
0
0
0
0
0
0
0
0
0
0
0
0
0
0
0
0
0
0
0
0
0
0
0
0
0
0
0
0
0
0
0
0
0
0
0
0
0
0
0
0
0
0
0
0
0
0
0
0
0
0
0
0
0
0
0
0
0
0
0
0
0
0
0
0
0
0
0
0
0
0
0
0
0
0
0
0
0
0
0
0
0
0
0
0
0
0
0
0
0
0
0
0
0
0
0
0
0
0
0
0
0
0
0
0
0
0
0
0
0
0
0
0
0
0
0
0
0
0
0
0
0
0
0
0
0
0
0
0
0
0
0
0
0
0
0
0
0
0
0
0
0
0
0
0
0
0
0
0
0
0
0
0
0
0
0
0
0
0
0
0
0
0
0
0
0
0
0
0
0
0
0
0
0
0
0
0
0
0
0
0
0
0
0
0
0
0
0
0
0
0
0
0
0
0
0
0
0
0
0
0
0
0
0
0
0
0
0
0
0
0
0
0
0
0
0
0
0
0
0
0
0
0
0
0
0
0
0
0
0
0
0
0
0
0
0
0
0
0
0
0
0
0
0
0
0
0
0
0
0
0
0
0
0
0
0
0
0
0
0
0
0
0
0
0
0
0
0
0
0
0
0
0
0
0
0
0
0
0
0
0
0
0
0
0
0
0
0
0
0
0
0
0
0
0
0
0
0
0
0
0
0
0
0
0
0
0
0
0
0
0
0
0
0
0
0
0
0
0
0
0
0
0
0
0
0
0
0
0
0
0
0
0
0
0
0
0
0
0
0
0
0
0
0
0
0
0
0
0
0
0
0
0
0
0
0
0
0
0
0
0
0
0
0
0
0
0
0
0
0
0
0
0
0
0
0
0
0
0
0
0
0
0
0
0
0
0
0
0
0
0
0
0
0
0
0
0
0
0
0
0
0
0
0
0
0
0
0
0
0
0
0
0
0
0
0
0
0
0
0
0
0
0
0
0
0
0
0
0
0
0
0
0
0
0
0
0
0
0
0
0
0
0
0
0
0
0
0
0
0
0
0
0
0
0
0
0
0
0
0
0
0
0
0
0
0
0
0
0
0
0
0
0
0
0
0
0
0
0
0
0
0
0
0
0
0
0
0
0
0
0
0
0
0
0
0
0
0
0
0
0
0
0
0
0
0
0
0
0
0
0
0
0
0
0
0
0
0
0
0
0
0
0
0
0
0
0
0
0
0
0
0
0
0
0
0
0
0
0
0
0
0
0
0
0
0
0
0
0
0
0
0
0
0
0
0
0
0
0
0
0
0
0
0
0
0
0
0
0
0
0
0
0
0
0
0
0
0
0
0
0
0
0
0
0
0
0
0
0
0
0
0
0
0
0
0
0
0
0
0
0
0
0
0
0
0
0
0
0
0
0
0
0
0
0
0
0
0
0
0
0
0
0
0
0
0
0
0
0
0
0
0
0
0
0
0
0
0
0
0
0
0
0
0
0
0
0
0
0
0
0
0
0
0
0
0
0
0
0
0
0
0
0
0
0
0
0
0
0
0
0
0
0
0
0
0
0
0
0
0
0
0
0
0
0
0
0
0
0
0
0
0
0
0
0
0
0
0
0
0
0
0
0
0
0
0
0
0
0
0
0
0
0
0
0
0
0
0
0
0
0
0
0
0
0
0
0
0
0
0
0
0
0
0
0
0
0
0
0
0
0
0
0
0
0
0
0
0
0
0
0
0
0
0
0
0
0
0
0
0
0
0
0
0
0
0
0
0
0
0
0
0
0
0
0
0
0
0
0
0
0
0
0
0
0
0
0
0
0
0
0
0
0
0
0
0
0
0
0
0
0
0
0
0
0
0
0
0
0
0
0
0
0
0
0
0
0
0
0
0
0
0
0
0
0
0
0
0
0
0
0
0
0
0
0
0
0
0
0
0
0
0
0
0
0
0
0
0
0
0
0
0
0
0
0
0
0
0
0
0
0
0
0
0
0
0
0
0
0
0
0
0
0
0
0
0
0
0
0
0
0
0
0
0
0
0
0
0
0
0
0
0
0
0
0
0
0
0
0
0
0
0
0
0
0
0
0
0
0
0
0
0
0
0
0
0
0
0
0
0
0
0
0
0
0
0
0
0
0
0
0
0
0
0
0
0
0
0
0
0
0
0
0
0
0
0
0
0
0
0
0
0
0
0
0
0
0
0
0
0
0
0
0
0
0
0
0
0
0
0
0
0
0
0
0
0
0
0
0
0
0
0
0
0
0
0
0
0
0
0
0
0
0
0
0
0
0
0
0
0
0
0
0
0
0
0
0
0
0
0
0
0
0
0
0
0
0
0
0
0
0
0
0
0
0
0
0
0
0
0
0
0
0
0
0
0
0
0
0
0
0
0
0
0
0
0
0
0
0
0
0
0
0
0
0
0
0
0
0
0
0
0
0
0
0
0
0
0
0
0
0
0
0
0
0
0
0
0
0
0
0
0
0
0
0
0
0
0
0
0
0
0
0
0
0
0
0
0
0
0
0
0
0
0
0
0
0
0
0
0
0
0
0
0
0
0
0
0
0
0
0
0
0
0
0
0
0
0
0
0
0
0
0
0
0
0
0
0
0
0
0
0
0
0
0
0
0
0
0
0
0
0
0
0
0
0
0
0
0
0
0
0
0
0
0
0
0
0
0
0
0
0
0
0
0
0
0
0
0
0
0
0
0
0
0
0
0
0
0
0
0
0
0
0
0
0
0
0
0
0
0
0
0
0
0
0
0
0
0
0
0
0
0
0
0
0
0
0
0
0
0
0
0
0
0
0
0
0
0
0
0
0
0
0
0
0
0
0
0
0
0
0
0
0
0
0
0
0
0
0
0
0
0
0
0
0
0
0
0
0
0
0
0
0
0
0
0
0
0
0
0
0
0
0
0
0
0
0
0
0
0
0
0
0
0
0
0
0
0
0
0
0
0
0
0
0
0
0
0
0
0
0
0
0
0
0
0
0
0
0
0
0
0
0
0
0
0
0
0
0
0
0
0
0
0
0
0
0
0
0
0
0
0
0
0
0
0
0
0
0
0
0
0
0
0
0
0
0
0
0
0
0
0
0
0
0
0
0
0
0
0
0
0
0
0
0
0
0
0
0
0
0
0
0
0
0
0
0
0
0
0
0
0
0
0
0
0
0
0
0
0
0
0
0
0
0
0
0
0
0
0
0
0
0
0
0
0
0
0
0
0
0
0
0
0
0
0
0
0
0
0
0
0
0
0
0
0
0
0
0
0
0
0
0
0
0
0
0
0
0
0
0
0
0
0
0
0
0
0
0
0
0
0
0
0
0
0
0
0
0
0
0
0
0
0
0
0
0
0
0
0
0
0
0
0
0
0
0
0
0
0
0
0
0
0
0
0
0
0
0
0
0
0
0
0
0
0
0
0
0
0
0
0
0
0
0
0
0
0
0
0
0
0
0
0
0
0
0
0
0
0
0
0
0
0
0
0
0
0
0
0
0
0
0
0
0
0
0
0
0
0
0
0
0
0
0
0
0
0
0
0
0
0
0
0
0
0
0
0
0
0
0
0
0
0
0
0
0
0
0
0
0
0
0
0
0
0
0
0
0
0
0
0
0
0
0
0
0
0
0
0
0
0
0
0
0
0
0
0
0
0
0
0
0
0
0
0
0
0
0
0
0
0
0
0
0
0
0
0
0
0
0
0
0
0
0
0
0
0
0
0
0
0
0
0
0
0
0
0
0
0
0
0
0
0
0
0
0
0
0
0
0
0
0
0
0
0
0
0
0
0
0
0
0
0
0
0
0
0
0
0
0
0
0
0
0
0
0
0
0
0
0
0
0
0
0
0
0
0
0
0
0
0
0
0
0
0
0
0
0
0
0
0
0
0
0
0
0
0
0
0
0
0
0
0
0
0
0
0
0
0
0
0
0
0
0
0
0
0
0
0
0
0
0
0
0
0
0
0
0
0
0
0
0
0
0
0
0
0
0
0
0
0
0
0
0
0
0
0
0
0
0
0
0
0
0
0
0
0
0
0
0
0
0
0
0
0
0
0
0
0
0
0
0
0
0
0
0
0
0
0
0
0
0
0
0
0
0
0
0
0
0
0
0
0
0
0
0
0
0
0
0
0
0
0
0
0
0
0
0
0
0
0
0
0
0
0
0
0
0
0
0
0
0
0
0
0
0
0
0
0
0
0
0
0
0
0
0
0
0
0
0
0
0
0
0
0
0
0
0
0
0
0
0
0
0
0
0
0
0
0
0
0
0
0
0
0
0
0
0
0
0
0
0
0
0
0
0
0
0
0
0
0
0
0
0
0
0
0
0
0
0
0
0
0
0
0
0
0
0
0
0
0
0
0
0
0
0
0
0
0
0
0
0
0
0
0
0
0
0
0
0
0
0
0
0
0
0
0
0
0
0
0
0
0
0
0
0
0
0
0
0
0
0
0
0
0
0
0
0
0
0
0
0
0
0
0
0
0
0
0
0
0
0
0
0
0
0
0
0
0
0
0
0
0
0
0
0
0
0
0
0
0
0
0
0
0
0
0
0
0
0
0
0
0
0
0
0
0
0
0
0
0
0
0
0
0
0
0
0
0
0
0
0
0
0
0
0
0
0
0
0
0
0
0
0
0
0
0
0
0
0
0
0
0
0
0
0
0
0
0
0
0
0
0
0
0
0
0
0
0
0
0
0
0
0
0
0
0
0
0
0
0
0
0
0
0
0
0
0
0
0
0
0
0
0
0
0
0
0
0
0
0
0
0
0
0
0
0
0
0
0
0
0
0
0
0
0
0
0
0
0
0
0
0
0
0
0
0
0
0
0
0
0
0
0
0
0
0
0
0
0
0
0
0
0
0
0
0
0
0
0
0
0
0
0
0
0
0
0
0
0
0
0
0
0
0
0
0
0
0
0
0
0
0
0
0
0
0
0
0
0
0
0
0
0
0
0
0
0
0
0
0
0
0
0
0
0
0
0
0
0
0
0
0
0
0
0
0
0
0
0
0
0
0
0
0
0
0
0
0
0
0
0
0
0
0
0
0
0
0
0
0
0
0
0
0
0
0
0
0
0
0
0
0
0
0
0
0
0
0
0
0
0
0
0
0
0
0
0
0
0
0
0
0
0
0
0
0
0
0
0
0
0
0
0
0
0
0
0
0
0
0
0
0
0
0
0
0
0
0
0
0
0
0
0
0
0
0
0
0
0
0
0
0
0
0
0
0
0
0
0
0
0
0
0
0
0
0
0
0
0
0
0
0
0
0
0
0
0
0
0
0
0
0
0
0
0
0
0
0
0
0
0
0
0
0
0
0
0
0
0
0
0
0
0
0
0
0
0
0
0
0
0
0
0
0
0
0
0
0
0
0
0
0
0
0
0
0
0
0
0
0
0
0
0
0
0
0
0
0
0
0
0
0
0
0
0
0
0
0
0
0
0
0
0
0
0
0
0
0
0
0
0
0
0
0
0
0
0
0
0
0
0
0
0
0
0
0
0
0
0
0
0
0
0
0
0
0
0
0
0
0
0
0
0
0
0
0
0
0
0
0
0
0
0
0
0
0
0
0
0
0
0
0
0
0
0
0
0
0
0
0
0
0
0
0
0
0
0
0
0
0
0
0
0
0
0
0
0
0
0
0
0
0
0
0
0
0
0
0
0
0
0
0
0
0
0
0
0
0
0
0
0
0
0
0
0
0
0
0
0
0
0
0
0
0
0
0
0
0
0
0
0
0
0
0
0
0
0
0
0
0
0
0
0
0
0
0
0
0
0
0
0
0
0
0
0
0
0
0
0
0
0
0
0
0
0
0
0
0
0
0
0
0
0
0
0
0
0
0
0
0
0
0
0
0
0
0
0
0
0
0
0
0
0
0
0
0
0
0
0
0
0
0
0
0
0
0
0
0
0
0
0
0
0
0
0
0
0
0
0
0
0
0
0
0
0
0
0
0
0
0
0
0
0
0
0
0
0
0
0
0
0
0
0
0
0
0
0
0
0
0
0
0
0
0
0
0
0
0
0
0
0
0
0
0
0
0
0
0
0
0
0
0
0
0
0
0
0
0
0
0
0
0
0
0
0
0
0
0
0
0
0
0
0
0
0
0
0
0
0
0
0
0
0
0
0
0
0
0
0
0
0
0
0
0
0
0
0
0
0
0
0
0
0
0
0
0
0
0
0
0
0
0
0
0
0
0
0
0
0
0
0
0
0
0
0
0
0
0
0
0
0
0
0
0
0
0
0
0
0
0
0
0
0
0
0
0
0
0
0
0
0
0
0
0
0
0
0
0
0
0
0
0
0
0
0
0
0
0
0
0
0
0
0
0
0
0
0
0
0
0
0
0
0
0
0
0
0
0
0
0
0
0
0
0
0
0
0
0
0
0
0
0
0
0
0
0
0
0
0
0
0
0
0
0
0
0
0
0
0
0
0
0
0
0
0
0
0
0
0
0
0
0
0
0
0
0
0
0
0
0
0
0
0
0
0
0
0
0
0
0
0
0
0
0
0
0
0
0
0
0
0
0
0
0
0
0
0
0
0
0
0
0
0
0
0
0
0
0
0
0
0
0
0
0
0
0
0
0
0
0
0
0
0
0
0
0
0
0
0
0
0
0
0
0
0
0
0
0
0
0
0
0
0
0
0
0
0
0
0
0
0
0
0
0
0
0
0
0
0
0
0
0
0
0
0
0
0
0
0
0
0
0
0
0
0
0
0
0
0
0
0
0
0
0
0
0
0
0
0
0
0
0
0
0
0
0
0
0
0
0
0
0
0
0
0
0
0
0
0
0
0
0
0
0
0
0
0
0
0
0
0
0
0
0
0
0
0
0
0
0
0
0
0
0
0
0
0
0
0
0
0
0
0
0
0
0
0
0
0
0
0
0
0
0
0
0
0
0
0
0
0
0
0
0
0
0
0
0
0
0
0
0
0
0
0
0
0
0
0
0
0
0
0
0
0
0
0
0
0
0
0
0
0
0
0
0
0
0
0
0
0
0
0
0
0
0
0
0
0
0
0
0
0
0
0
0
0
0
0
0
0
0
0
0
0
0
0
0
0
0
0
0
0
0
0
0
0
0
0
0
0
0
0
0
0
0
0
0
0
0
0
0
0
0
0
0
0
0
0
0
0
0
0
0
0
0
0
0
0
0
0
0
0
0
0
0
0
0
0
0
0
0
0
0
0
0
0
0
0
0
0
0
0
0
0
0
0
0
0
0
0
0
0
0
0
0
0
0
0
0
0
0
0
0
0
0
0
0
0
0
0
0
0
0
0
0
0
0
0
0
0
0
0
0
0
0
0
0
0
0
0
0
0
0
0
0
0
0
0
0
0
0
0
0
0
0
0
0
0
0
0
0
0
0
0
0
0
0
0
0
0
0
0
0
0
0
0
0
0
0
0
0
0
0
0
0
0
0
0
0
0
0
0
0
0
0
0
0
0
0
0
0
0
0
0
0
0
0
0
0
0
0
0
0
0
0
0
0
0
0
0
0
0
0
0
0
0
0
0
0
0
0
0
0
0
0
0
0
0
0
0
0
0
0
0
0
0
0
0
0
0
0
0
0
0
0
0
0
0
0
0
0
0
0
0
0
0
0
0
0
0
0
0
0
0
0
0
0
0
0
0
0
0
0
0
0
0
0
0
0
0
0
0
0
0
0
0
0
0
0
0
0
0
0
0
0
0
0
0
0
0
0
0
0
0
0
0
0
0
0
0
0
0
0
0
0
0
0
0
0
0
0
0
0
0
0
0
0
0
0
0
0
0
0
0
0
0
0
0
0
0
0
0
0
0
0
0
0
0
0
0
0
0
0
0
0
0
0
0
0
0
0
0
0
0
0
0
0
0
0
0
0
0
0
0
0
0
0
0
0
0
0
0
0
0
0
0
0
0
0
0
0
0
0
0
0
0
0
0
0
0
0
0
0
0
0
0
0
0
0
0
0
0
0
0
0
0
0
0
0
0
0
0
0
0
0
0
0
0
0
0
0
0
0
0
0
0
0
0
0
0
0
0
0
0
0
0
0
0
0
0
0
0
0
0
0
0
0
0
0
0
0
0
0
0
0
0
0
0
0
0
0
0
0
0
0
0
0
0
0
0
0
0
0
0
0
0
0
0
0
0
0
0
0
0
0
0
0
0
0
0
0
0
0
0
0
0
0
0
0
0
0
0
0
0
0
0
0
0
0
0
0
0
0
0
0
0
0
0
0
0
0
0
0
0
0
0
0
0
0
0
0
0
0
0
0
0
0
0
0
0
0
0
0
0
0
0
0
0
0
0
0
0
0
0
0
0
0
0
0
0
0
0
0
0
0
0
0
0
0
0
0
0
0
0
0
0
0
0
0
0
0
0
0
0
0
0
0
0
0
0
0
0
0
0
0
0
0
0
0
0
0
0
0
0
0
0
0
0
0
0
0
0
0
0
0
0
0
0
0
0
0
0
0
0
0
0
0
0
0
0
0
0
0
0
0
0
0
0
0
0
0
0
0
0
0
0
0
0
0
0
0
0
0
0
0
0
0
0
0
0
0
0
0
0
0
0
0
0
0
0
0
0
0
0
0
0
0
0
0
0
0
0
0
0
0
0
0
0
0
0
0
0
0
0
0
0
0
0
0
0
0
0
0
0
0
0
0
0
0
0
0
0
0
0
0
0
0
0
0
0
0
0
0
0
0
0
0
0
0
0
0
0
0
0
0
0
0
0
0
0
0
0
0
0
0
0
0
0
0
0
0
0
0
0
0
0
0
0
0
0
0
0
0
0
0
0
0
0
0
0
0
0
0
0
0
0
0
0
0
0
0
0
0
0
0
0
0
0
0
0
0
0
0
0
0
0
0
0
0
0
0
0
0
0
0
0
0
0
0
0
0
0
0
0
0
0
0
0
0
0
0
0
0
0
0
0
0
0
0
0
0
0
0
0
0
0
0
0
0
0
0
0
0
0
0
0
0
0
0
0
0
0
0
0
0
0
0
0
0
0
0
0
0
0
0
0
0
0
0
0
0
0
0
0
0
0
0
0
0
0
0
0
0
0
0
0
0
0
0
0
0
0
0
0
0
0
0
0
0
0
0
0
0
0
0
0
0
0
0
0
0
0
0
0
0
0
0
0
0
0
0
0
0
0
0
0
0
0
0
0
0
0
0
0
0
0
0
0
0
0
0
0
0
0
0
0
0
0
0
0
0
0
0
0
0
0
0
0
0
0
0
0
0
0
0
0
0
0
0
0
0
0
0
0
0
0
0
0
0
0
0
0
0
0
0
0
0
0
0
0
0
0
0
0
0
0
0
0
0
0
0
0
0
0
0
0
0
0
0
0
0
0
0
0
0
0
0
0
0
0
0
0
0
0
0
0
0
0
0
0
0
0
0
0
0
0
0
0
0
0
0
0
0
0
0
0
0
0
0
0
0
0
0
0
0
0
0
0
0
0
0
0
0
0
0
0
0
0
0
0
0
0
0
0
0
0
0
0
0
0
0
0
0
0
0
0
0
0
0
0
0
0
0
0
0
0
0
0
0
0
0
0
0
0
0
0
0
0
0
0
0
0
0
0
0
0
0
0
0
0
0
0
0
0
0
0
0
0
0
0
0
0
0
0
0
0
0
0
0
0
0
0
0
0
0
0
0
0
0
0
0
0
0
0
0
0
0
0
0
0
0
0
0
0
0
0
0
0
0
0
0
0
0
0
0
0
0
0
0
0
0
0
0
0
0
0
0
0
0
0
0
0
0
0
0
0
0
0
0
0
0
0
0
0
0
0
0
0
0
0
0
0
0
0
0
0
0
0
0
0
0
0
0
0
0
0
0
0
0
0
0
0
0
0
0
0
0
0
0
0
0
0
0
0
0
0
0
0
0
0
0
0
0
0
0
0
0
0
0
0
0
0
0
0
0
0
0
0
0
0
0
0
0
0
0
0
0
0
0
0
0
0
0
0
0
0
0
0
0
0
0
0
0
0
0
0
0
0
0
0
0
0
0
0
0
0
0
0
0
0
0
0
0
0
0
0
0
0
0
0
0
0
0
0
0
0
0
0
0
0
0
0
0
0
0
0
0
0
0
0
0
0
0
0
0
0
0
0
0
0
0
0
0
0
0
0
0
0
0
0
0
0
0
0
0
0
0
0
0
0
0
0
0
0
0
0
0
0
0
0
0
0
0
0
0
0
0
0
0
0
0
0
0
0
0
0
0
0
0
0
0
0
0
0
0
0
0
0
0
0
0
0
0
0
0
0
0
0
0
0
0
0
0
0
0
0
0
0
0
0
0
0
0
0
0
0
0
0
0
0
0
0
0
0
0
0
0
0
0
0
0
0
0
0
0
0
0
0
0
0
0
0
0
0
0
0
0
0
0
0
0
0
0
0
0
0
0
0
0
0
0
0
0
0
0
0
0
0
0
0
0
0
0
0
0
0
0
0
0
0
0
0
0
0
0
0
0
0
0
0
0
0
0
0
0
0
0
0
0
0
0
0
0
0
0
0
0
0
0
0
0
0
0
0
0
0
0
0
0
0
0
0
0
0
0
0
0
0
0
0
0
0
0
0
0
0
0
0
0
0
0
0
0
0
0
0
0
0
0
0
0
0
0
0
0
0
0
0
0
0
0
0
0
0
0
0
0
0
0
0
0
0
0
0
0
0
0
0
0
0
0
0
0
0
0
0
0
0
0
0
0
0
0
0
0
0
0
0
0
0
0
0
0
0
0
0
0
0
0
0
0
0
0
0
0
0
0
0
0
0
0
0
0
0
0
0
0
0
0
0
0
0
0
0
0
0
0
0
0
0
0
0
0
0
0
0
0
0
0
0
0
0
0
0
0
0
0
0
0
0
0
0
0
0
0
0
0
0
0
0
0
0
0
0
0
0
0
0
0
0
0
0
0
0
0
0
0
0
0
0
0
0
0
0
0
0
0
0
0
0
0
0
0
0
0
0
0
0
0
0
0
0
0
0
0
0
0
0
0
0
0
0
0
0
0
0
0
0
0
0
0
0
0
0
0
0
0
0
0
0
0
0
0
0
0
0
0
0
0
0
0
0
0
0
0
0
0
0
0
0
0
0
0
0
0
0
0
0
0
0
0
0
0
0
0
0
0
0
0
0
0
0
0
0
0
0
0
0
0
0
0
0
0
0
0
0
0
0
0
0
0
0
0
0
0
0
0
0
0
0
0
0
0
0
0
0
0
0
0
0
0
0
0
0
0
0
0
0
0
0
0
0
0
0
0
0
0
0
0
0
0
0
0
0
0
0
0
0
0
0
0
0
0
0
0
0
0
0
0
0
0
0
0
0
0
0
0
0
0
0
0
0
0
0
0
0
0
0
0
0
0
0
0
0
0
0
0
0
0
0
0
0
0
0
0
0
0
0
0
0
0
0
0
0
0
0
0
0
0
0
0
0
0
0
0
0
0
0
0
0
0
0
0
0
0
0
0
0
0
0
0
0
0
0
0
0
0
0
0
0
0
0
0
0
0
0
0
0
0
0
0
0
0
0
0
0
0
0
0
0
0
0
0
0
0
0
0
0
0
0
0
0
0
0
0
0
0
0
0
0
0
0
0
0
0
0
0
0
0
0
0
0
0
0
0
0
0
0
0
0
0
0
0
0
0
0
0
0
0
0
0
0
0
0
0
0
0
0
0
0
0
0
0
0
0
0
0
0
0
0
0
0
0
0
0
0
0
0
0
0
0
0
0
0
0
0
0
0
0
0
0
0
0
0
0
0
0
0
0
0
0
0
0
0
0
0
0
0
0
0
0
0
0
0
0
0
0
0
0
0
0
0
0
0
0
0
0
0
0
0
0
0
0
0
0
0
0
0
0
0
0
0
0
0
0
0
0
0
0
0
0
0
0
0
0
0
0
0
0
0
0
0
0
0
0
0
0
0
0
0
0
0
0
0
0
0
0
0
0
0
0
0
0
0
0
0
0
0
0
0
0
0
0
0
0
0
0
0
0
0
0
0
0
0
0
0
0
0
0
0
0
0
0
0
0
0
0
0
0
0
0
0
0
0
0
0
0
0
0
0
0
0
0
0
0
0
0
0
0
0
0
0
0
0
0
0
0
0
0
0
0
0
0
0
0
0
0
0
0
0
0
0
0
0
0
0
0
0
0
0
0
0
0
0
0
0
0
0
0
0
0
0
0
0
0
0
0
0
0
0
0
0
0
0
0
0
0
0
0
0
0
0
0
0
0
0
0
0
0
0
0
0
0
0
0
0
0
0
0
0
0
0
0
0
0
0
0
0
0
0
0
0
0
0
0
0
0
0
0
0
0
0
0
0
0
0
0
0
0
0
0
0
0
0
0
0
0
0
0
0
0
0
0
0
0
0
0
0
0
0
0
0
0
0
0
0
0
0
0
0
0
0
0
0
0
0
0
0
0
0
0
0
0
0
0
0
0
0
0
0
0
0
0
0
0
0
0
0
0
0
0
0
0
0
0
0
0
0
0
0
0
0
0
0
0
0
0
0
0
0
0
0
0
0
0
0
0
0
0
0
0
0
0
0
0
0
0
0
0
0
0
0
0
0
0
0
0
0
0
0
0
0
0
0
0
0
0
0
0
0
0
0
0
0
0
0
0
0
0
0
0
0
0
0
0
0
0
0
0
0
0
0
0
0
0
0
0
0
0
0
0
0
0
0
0
0
0
0
0
0
0
0
0
0
0
0
0
0
0
0
0
0
0
0
0
0
0
0
0
0
0
0
0
0
0
0
0
0
0
0
0
0
0
0
0
0
0
0
0
0
0
0
0
0
0
0
0
0
0
0
0
0
0
0
0
0
0
0
0
0
0
0
0
0
0
0
0
0
0
0
0
0
0
0
0
0
0
0
0
0
0
0
0
0
0
0
0
0
0
0
0
0
0
0
0
0
0
0
0
0
0
0
0
0
0
0
0
0
0
0
0
0
0
0
0
0
0
0
0
0
0
0
0
0
0
0
0
0
0
0
0
0
0
0
0
0
0
0
0
0
0
0
0
0
0
0
0
0
0
0
0
0
0
0
0
0
0
0
0
0
0
0
0
0
0
0
0
0
0
0
0
0
0
0
0
0
0
0
0
0
0
0
0
0
0
0
0
0
0
0
0
0
0
0
0
0
0
0
0
0
0
0
0
0
0
0
0
0
0
0
0
0
0
0
0
0
0
0
0
0
0
0
0
0
0
0
0
0
0
0
0
0
0
0
0
0
0
0
0
0
0
0
0
0
0
0
0
0
0
0
0
0
0
0
0
0
0
0
0
0
0
0
0
0
0
0
0
0
0
0
0
0
0
0
0
0
0
0
0
0
0
0
0
0
0
0
0
0
0
0
0
0
0
0
0
0
0
0
0
0
0
0
0
0
0
0
0
0
0
0
0
0
0
0
0
0
0
0
0
0
0
0
0
0
0
0
0
0
0
0
0
0
0
0
0
0
0
0
0
0
0
0
0
0
0
0
0
0
0
0
0
0
0
0
0
0
0
0
0
0
0
0
0
0
0
0
0
0
0
0
0
0
0
0
0
0
0
0
0
0
0
0
0
0
0
0
0
0
0
0
0
0
0
0
0
0
0
0
0
0
0
0
0
0
0
0
0
0
0
0
0
0
0
0
0
0
0
0
0
0
0
0
0
0
0
0
0
0
0
0
0
0
0
0
0
0
0
0
0
0
0
0
0
0
0
0
0
0
0
0
0
0
0
0
0
0
0
0
0
0
0
0
0
0
0
0
0
0
0
0
0
0
0
0
0
0
0
0
0
0
0
0
0
0
0
0
0
0
0
0
0
0
0
0
0
0
0
0
0
0
0
0
0
0
0
0
0
0
0
0
0
0
0
0
0
0
0
0
0
0
0
0
0
0
0
0
0
0
0
0
0
0
0
0
0
0
0
0
0
0
0
0
0
0
0
0
0
0
0
0
0
0
0
0
0
0
0
0
0
0
0
0
0
0
0
0
0
0
0
0
0
0
0
0
0
0
0
0
0
0
0
0
0
0
0
0
0
0
0
0
0
0
0
0
0
0
0
0
0
0
0
0
0
0
0
0
0
0
0
0
0
0
0
0
0
0
0
0
0
0
0
0
0
0
0
0
0
0
0
0
0
0
0
0
0
0
0
0
0
0
0
0
0
0
0
0
0
0
0
0
0
0
0
0
0
0
0
0
0
0
0
0
0
0
0
0
0
0
0
0
0
0
0
0
0
0
0
0
0
0
0
0
0
0
0
0
0
0
0
0
0
0
0
0
0
0
0
0
0
0
0
0
0
0
0
0
0
0
0
0
0
0
0
0
0
0
0
0
0
0
0
0
0
0
0
0
0
0
0
0
0
0
0
0
0
0
0
0
0
0
0
0
0
0
0
0
0
0
0
0
0
0
0
0
0
0
0
0
0
0
0
0
0
0
0
0
0
0
0
0
0
0
0
0
0
0
0
0
0
0
0
0
0
0
0
0
0
0
0
0
0
0
0
0
0
0
0
0
0
0
0
0
0
0
0
0
0
0
0
0
0
0
0
0
0
0
0
0
0
0
0
0
0
0
0
0
0
0
0
0
0
0
0
0
0
0
0
0
0
0
0
0
0
0
0
0
0
0
0
0
0
0
0
0
0
0
0
0
0
0
0
0
0
0
0
0
0
0
0
0
0
0
0
0
0
0
0
0
0
0
0
0
0
0
0
0
0
0
0
0
0
0
0
0
0
0
0
0
0
0
0
0
0
0
0
0
0
0
0
0
0
0
0
0
0
0
0
0
0
0
0
0
0
0
0
0
0
0
0
0
0
0
0
0
0
0
0
0
0
0
0
0
0
0
0
0
0
0
0
0
0
0
0
0
0
0
0
0
0
0
0
0
0
0
0
0
0
0
0
0
0
0
0
0
0
0
0
0
0
0
0
0
0
0
0
0
0
0
0
0
0
0
0
0
0
0
0
0
0
0
0
0
0
0
0
0
0
0
0
0
0
0
0
0
0
0
0
0
0
0
0
0
0
0
0
0
0
0
0
0
0
0
0
0
0
0
0
0
0
0
0
0
0
0
0
0
0
0
0
0
0
0
0
0
0
0
0
0
0
0
0
0
0
0
0
0
0
0
0
0
0
0
0
0
0
0
0
0
0
0
0
0
0
0
0
0
0
0
0
0
0
0
0
0
0
0
0
0
0
0
0
0
0
0
0
0
0
0
0
0
0
0
0
0
0
0
0
0
0
0
0
0
0
0
0
0
0
0
0
0
0
0
0
0
0
0
0
0
0
0
0
0
0
0
0
0
0
0
0
0
0
0
0
0
0
0
0
0
0
0
0
0
0
0
0
0
0
0
0
0
0
0
0
0
0
0
0
0
0
0
0
0
0
0
0
0
0
0
0
0
0
0
0
0
0
0
0
0
0
0
0
0
0
0
0
0
0
0
0
0
0
0
0
0
0
0
0
0
0
0
0
0
0
0
0
0
0
0
0
0
0
0
0
0
0
0
0
0
0
0
0
0
0
0
0
0
0
0
0
0
0
0
0
0
0
0
0
0
0
0
0
0
0
0
0
0
0
0
0
0
0
0
0
0
0
0
0
0
0
0
0
0
0
0
0
0
0
0
0
0
0
0
0
0
0
0
0
0
0
0
0
0
0
0
0
0
0
0
0
0
0
0
0
0
0
0
0
0
0
0
0
0
0
0
0
0
0
0
0
0
0
0
0
0
0
0
0
0
0
0
0
0
0
0
0
0
0
0
0
0
0
0
0
0
0
0
0
0
0
0
0
0
0
0
0
0
0
0
0
0
0
0
0
0
0
0
0
0
0
0
0
0
0
0
0
0
0
0
0
0
0
0
0
0
0
0
0
0
0
0
0
0
0
0
0
0
0
0
0
0
0
0
0
0
0
0
0
0
0
0
0
0
0
0
0
0
0
0
0
0
0
0
0
0
0
0
0
0
0
0
0
0
0
0
0
0
0
0
0
0
0
0
0
0
0
0
0
0
0
0
0
0
0
0
0
0
0
0
0
0
0
0
0
0
0
0
0
0
0
0
0
0
0
0
0
0
0
0
0
0
0
0
0
0
0
0
0
0
0
0
0
0
0
0
0
0
0
0
0
0
0
0
0
0
0
0
0
0
0
0
0
0
0
0
0
0
0
0
0
0
0
0
0
0
0
0
0
0
0
0
0
0
0
0
0
0
0
0
0
0
0
0
0
0
0
0
0
0
0
0
0
0
0
0
0
0
0
0
0
0
0
0
0
0
0
0
0
0
0
0
0
0
0
0
0
0
0
0
0
0
0
0
0
0
0
0
0
0
0
0
0
0
0
0
0
0
0
0
0
0
0
0
0
0
0
0
0
0
0
0
0
0
0
0
0
0
0
0
0
0
0
0
0
0
0
0
0
0
0
0
0
0
0
0
0
0
0
0
0
0
0
0
0
0
0
0
0
0
0
0
0
0
0
0
0
0
0
0
0
0
0
0
0
0
0
0
0
0
0
0
0
0
0
0
0
0
0
0
0
0
0
0
0
0
0
0
0
0
0
0
0
0
0
0
0
0
0
0
0
0
0
0
0
0
0
0
0
0
0
0
0
0
0
0
0
0
0
0
0
0
0
0
0
0
0
0
0
0
0
0
0
0
0
0
0
0
0
0
0
0
0
0
0
0
0
0
0
0
0
0
0
0
0
0
0
0
0
0
0
0
0
0
0
0
0
0
0
0
0
0
0
0
0
0
0
0
0
0
0
0
0
0
0
0
0
0
0
0
0
0
0
0
0
0
0
0
0
0
0
0
0
0
0
0
0
0
0
0
0
0
0
0
0
0
0
0
0
0
0
0
0
0
0
0
0
0
0
0
0
0
0
0
0
0
0
0
0
0
0
0
0
0
0
0
0
0
0
0
0
0
0
0
0
0
0
0
0
0
0
0
0
0
0
0
0
0
0
0
0
0
0
0
0
0
0
0
0
0
0
0
0
0
0
0
0
0
0
0
0
0
0
0
0
0
0
0
0
0
0
0
0
0
0
0
0
0
0
0
0
0
0
0
0
0
0
0
0
0
0
0
0
0
0
0
0
0
0
0
0
0
0
0
0
0
0
0
0
0
0
0
0
0
0
0
0
0
0
0
0
0
0
0
0
0
0
0
0
0
0
0
0
0
0
0
0
0
0
0
0
0
0
0
0
0
0
0
0
0
0
0
0
0
0
0
0
0
0
0
0
0
0
0
0
0
0
0
0
0
0
0
0
0
0
0
0
0
0
0
0
0
0
0
0
0
0
0
0
0
0
0
0
0
0
0
0
0
0
0
0
0
0
0
0
0
0
0
0
0
0
0
0
0
0
0
0
0
0
0
0
0
0
0
0
0
0
0
0
0
0
0
0
0
0
0
0
0
0
0
0
0
0
0
0
0
0
0
0
0
0
0
0
0
0
0
0
0
0
0
0
0
0
0
0
0
0
0
0
0
0
0
0
0
0
0
0
0
0
0
0
0
0
0
0
0
0
0
0
0
0
0
0
0
0
0
0
0
0
0
0
0
0
0
0
0
0
0
0
0
0
0
0
0
0
0
0
0
0
0
0
0
0
0
0
0
0
0
0
0
0
0
0
0
0
0
0
0
0
0
0
0
0
0
0
0
0
0
0
0
0
0
0
0
0
0
0
0
0
0
0
0
0
0
0
0
0
0
0
0
0
0
0
0
0
0
0
0
0
0
0
0
0
0
0
0
0
0
0
0
0
0
0
0
0
0
0
0
0
0
0
0
0
0
0
0
0
0
0
0
0
0
0
0
0
0
0
0
0
0
0
0
0
0
0
0
0
0
0
0
0
0
0
0
0
0
0
0
0
0
0
0
0
0
0
0
0
0
0
0
0
0
0
0
0
0
0
0
0
0
0
0
0
0
0
0
0
0
0
0
0
0
0
0
0
0
0
0
0
0
0
0
0
0
0
0
0
0
0
0
0
0
0
0
0
0
0
0
0
0
0
0
0
0
0
0
0
0
0
0
0
0
0
0
0
0
0
0
0
0
0
0
0
0
0
0
0
0
0
0
0
0
0
0
0
0
0
0
0
0
0
0
0
0
0
0
0
0
0
0
0
0
0
0
0
0
0
0
0
0
0
0
0
0
0
0
0
0
0
0
0
0
0
0
0
0
0
0
0
0
0
0
0
0
0
0
0
0
0
0
0
0
0
0
0
0
0
0
0
0
0
0
0
0
0
0
0
0
0
0
0
0
0
0
0
0
0
0
0
0
0
0
0
0
0
0
0
0
0
0
0
0
0
0
0
0
0
0
0
0
0
0
0
0
0
0
0
0
0
0
0
0
0
0
0
0
0
0
0
0
0
0
0
0
0
0
0
0
0
0
0
0
0
0
0
0
0
0
0
0
0
0
0
0
0
0
0
0
0
0
0
0
0
0
0
0
0
0
0
0
0
0
0
0
0
0
0
0
0
0
0
0
0
0
0
0
0
0
0
0
0
0
0
0
0
0
0
0
0
0
0
0
0
0
0
0
0
0
0
0
0
0
0
0
0
0
0
0
0
0
0
0
0
0
0
0
0
0
0
0
0
0
0
0
0
0
0
0
0
0
0
0
0
0
0
0
0
0
0
0
0
0
0
0
0
0
0
0
0
0
0
0
0
0
0
0
0
0
0
0
0
0
0
0
0
0
0
0
0
0
0
0
0
0
0
0
0
0
0
0
0
0
0
0
0
0
0
0
0
0
0
0
0
0
0
0
0
0
0
0
0
0
0
0
0
0
0
0
0
0
0
0
0
0
0
0
0
0
0
0
0
0
0
0
0
0
0
0
0
0
0
0
0
0
0
0
0
0
0
0
0
0
0
0
0
0
0
0
0
0
0
0
0
0
0
0
0
0
0
0
0
0
0
0
0
0
0
0
0
0
0
0
0
0
0
0
0
0
0
0
0
0
0
0
0
0
0
0
0
0
0
0
0
0
0
0
0
0
0
0
0
0
0
0
0
0
0
0
0
0
0
0
0
0
0
0
0
0
0
0
0
0
0
0
0
0
0
0
0
0
0
0
0
0
0
0
0
0
0
0
0
0
0
0
0
0
0
0
0
0
0
0
0
0
0
0
0
0
0
0
0
0
0
0
0
0
0
0
0
0
0
0
0
0
0
0
0
0
0
0
0
0
0
0
0
0
0
0
0
0
0
0
0
0
0
0
0
0
0
0
0
0
0
0
0
0
0
0
0
0
0
0
0
0
0
0
0
0
0
0
0
0
0
0
0
0
0
0
0
0
0
0
0
0
0
0
0
0
0
0
0
0
0
0
0
0
0
0
0
0
0
0
0
0
0
0
0
0
0
0
0
0
0
0
0
0
0
0
0
0
0
0
0
0
0
0
0
0
0
0
0
0
0
0
0
0
0
0
0
0
0
0
0
0
0
0
0
0
0
0
0
0
0
0
0
0
0
0
0
0
0
0
0
0
0
0
0
0
0
0
0
0
0
0
0
0
0
0
0
0
0
0
0
0
0
0
0
0
0
0
0
0
0
0
0
0
0
0
0
0
0
0
0
0
0
0
0
0
0
0
0
0
0
0
0
0
0
0
0
0
0
0
0
0
0
0
0
0
0
0
0
0
0
0
0
0
0
0
0
0
0
0
0
0
0
0
0
0
0
0
0
0
0
0
0
0
0
0
0
0
0
0
0
0
0
0
0
0
0
0
0
0
0
0
0
0
0
0
0
0
0
0
0
0
0
0
0
0
0
0
0
0
0
0
0
0
0
0
0
0
0
0
0
0
0
0
0
0
0
0
0
0
0
0
0
0
0
0
0
0
0
0
0
0
0
0
0
0
0
0
0
0
0
0
0
0
0
0
0
0
0
0
0
0
0
0
0
0
0
0
0
0
0
0
0
0
0
0
0
0
0
0
0
0
0
0
0
0
0
0
0
0
0
0
0
0
0
0
0
0
0
0
0
0
0
0
0
0
0
0
0
0
0
0
0
0
0
0
0
0
0
0
0
0
0
0
0
0
0
0
0
0
0
0
0
0
0
0
0
0
0
0
0
0
0
0
0
0
0
0
0
0
0
0
0
0
0
0
0
0
0
0
0
0
0
0
0
0
0
0
0
0
0
0
0
0
0
0
0
0
0
0
0
0
0
0
0
0
0
0
0
0
0
0
0
0
0
0
0
0
0
0
0
0
0
0
0
0
0
0
0
0
0
0
0
0
0
0
0
0
0
0
0
0
0
0
0
0
0
0
0
0
0
0
0
0
0
0
0
0
0
0
0
0
0
0
0
0
0
0
0
0
0
0
0
0
0
0
0
0
0
0
0
0
0
0
0
0
0
0
0
0
0
0
0
0
0
0
0
0
0
0
0
0
0
0
0
0
0
0
0
0
0
0
0
0
0
0
0
0
0
0
0
0
0
0
0
0
0
0
0
0
0
0
0
0
0
0
0
0
0
0
0
0
0
0
0
0
0
0
0
0
0
0
0
0
0
0
0
0
0
0
0
0
0
0
0
0
0
0
0
0
0
0
0
0
0
0
0
0
0
0
0
0
0
0
0
0
0
0
0
0
0
0
0
0
0
0
0
0
0
0
0
0
0
0
0
0
0
0
0
0
0
0
0
0
0
0
0
0
0
0
0
0
0
0
0
0
0
0
0
0
0
0
0
0
0
0
0
0
0
0
0
0
0
0
0
0
0
0
0
0
0
0
0
0
0
0
0
0
0
0
0
0
0
0
0
0
0
0
0
0
0
0
0
0
0
0
0
0
0
0
0
0
0
0
0
0
0
0
0
0
0
0
0
0
0
0
0
0
0
0
0
0
0
0
0
0
0
0
0
0
0
0
0
0
0
0
0
0
0
0
0
0
0
0
0
0
0
0
0
0
0
0
0
0
0
0
0
0
0
0
0
0
0
0
0
0
0
0
0
0
0
0
0
0
0
0
0
0
0
0
0
0
0
0
0
0
0
0
0
0
0
0
0
0
0
0
0
0
0
0
0
0
0
0
0
0
0
0
0
0
0
0
0
0
0
0
0
0
0
0
0
0
0
0
0
0
0
0
0
0
0
0
0
0
0
0
0
0
0
0
0
0
0
0
0
0
0
0
0
0
0
0
0
0
0
0
0
0
0
0
0
0
0
0
0
0
0
0
0
0
0
0
0
0
0
0
0
0
0
0
0
0
0
0
0
0
0
0
0
0
0
0
0
0
0
0
0
0
0
0
0
0
0
0
0
0
0
0
0
0
0
0
0
0
0
0
0
0
0
0
0
0
0
0
0
0
0
0
0
0
0
0
0
0
0
0
0
0
0
0
0
0
0
0
0
0
0
0
0
0
0
0
0
0
0
0
0
0
0
0
0
0
0
0
0
0
0
0
0
0
0
0
0
0
0
0
0
0
0
0
0
0
0
0
0
0
0
0
0
0
0
0
0
0
0
0
0
0
0
0
0
0
0
0
0
0
0
0
0
0
0
0
0
0
0
0
0
0
0
0
0
0
0
0
0
0
0
0
0
0
0
0
0
0
0
0
0
0
0
0
0
0
0
0
0
0
0
0
0
0
0
0
0
0
0
0
0
0
0
0
0
0
0
0
0
0
0
0
0
0
0
0
0
0
0
0
0
0
0
0
0
0
0
0
0
0
0
0
0
0
0
0
0
0
0
0
0
0
0
0
0
0
0
0
0
0
0
0
0
0
0
0
0
0
0
0
0
0
0
0
0
0
0
0
0
0
0
0
0
0
0
0
0
0
0
0
0
0
0
0
0
0
0
0
0
0
0
0
0
0
0
0
0
0
0
0
0
0
0
0
0
0
0
0
0
0
0
0
0
0
0
0
0
0
0
0
0
0
0
0
0
0
0
0
0
0
0
0
0
0
0
0
0
0
0
0
0
0
0
0
0
0
0
0
0
0
0
0
0
0
0
0
0
0
0
0
0
0
0
0
0
0
0
0
0
0
0
0
0
0
0
0
0
0
0
0
0
0
0
0
0
0
0
0
0
0
0
0
0
0
0
0
0
0
0
0
0
0
0
0
0
0
0
0
0
0
0
0
0
0
0
0
0
0
0
0
0
0
0
0
0
0
0
0
0
0
0
0
0
0
0
0
0
0
0
0
0
0
0
0
0
0
0
0
0
0
0
0
0
0
0
0
0
0
0
0
0
0
0
0
0
0
0
0
0
0
0
0
0
0
0
0
0
0
0
0
0
0
0
0
0
0
0
0
0
0
0
0
0
0
0
0
0
0
0
0
0
0
0
0
0
0
0
0
0
0
0
0
0
0
0
0
0
0
0
0
0
0
0
0
0
0
0
0
0
0
0
0
0
0
0
0
0
0
0
0
0
0
0
0
0
0
0
0
0
0
0
0
0
0
0
0
0
0
0
0
0
0
0
0
0
0
0
0
0
0
0
0
0
0
0
0
0
0
0
0
0
0
0
0
0
0
0
0
0
0
0
0
0
0
0
0
0
0
0
0
0
0
0
0
0
0
0
0
0
0
0
0
0
0
0
0
0
0
0
0
0
0
0
0
0
0
0
0
0
0
0
0
0
0
0
0
0
0
0
0
0
0
0
0
0
0
0
0
0
0
0
0
0
0
0
0
0
0
0
0
0
0
0
0
0
0
0
0
0
0
0
0
0
0
0
0
0
0
0
0
0
0
0
0
0
0
0
0
0
0
0
0
0
0
0
0
0
0
0
0
0
0
0
0
0
0
0
0
0
0
0
0
0
0
0
0
0
0
0
0
0
0
0
0
0
0
0
0
0
0
0
0
0
0
0
0
0
0
0
0
0
0
0
0
0
0
0
0
0
0
0
0
0
0
0
0
0
0
0
0
0
0
0
0
0
0
0
0
0
0
0
0
0
0
0
0
0
0
0
0
0
0
0
0
0
0
0
0
0
0
0
0
0
0
0
0
0
0
0
0
0
0
0
0
0
0
0
0
0
0
0
0
0
0
0
0
0
0
0
0
0
0
0
0
0
0
0
0
0
0
0
0
0
0
0
0
0
0
0
0
0
0
0
0
0
0
0
0
0
0
0
0
0
0
0
0
0
0
0
0
0
0
0
0
0
0
0
0
0
0
0
0
0
0
0
0
0
0
0
0
0
0
0
0
0
0
0
0
0
0
0
0
0
0
0
0
0
0
0
0
0
0
0
0
0
0
0
0
0
0
0
0
0
0
0
0
0
0
0
0
0
0
0
0
0
0
0
0
0
0
0
0
0
0
0
0
0
0
0
0
0
0
0
0
0
0
0
0
0
0
0
0
0
0
0
0
0
0
0
0
0
0
0
0
0
0
0
0
0
0
0
0
0
0
0
0
0
0
0
0
0
0
0
0
0
0
0
0
0
0
0
0
0
0
0
0
0
0
0
0
0
0
0
0
0
0
0
0
0
0
0
0
0
0
0
0
0
0
0
0
0
0
0
0
0
0
0
0
0
0
0
0
0
0
0
0
0
0
0
0
0
0
0
0
0
0
0
0
0
0
0
0
0
0
0
0
0
0
0
0
0
0
0
0
0
0
0
0
0
0
0
0
0
0
0
0
0
0
0
0
0
0
0
0
0
0
0
0
0
0
0
0
0
0
0
0
0
0
0
0
0
0
0
0
0
0
0
0
0
0
0
0
0
0
0
0
0
0
0
0
0
0
0
0
0
0
0
0
0
0
0
0
0
0
0
0
0
0
0
0
0
0
0
0
0
0
0
0
0
0
0
0
0
0
0
0
0
0
0
0
0
0
0
0
0
0
0
0
0
0
0
0
0
0
0
0
0
0
0
0
0
0
0
0
0
0
0
0
0
0
0
0
0
0
0
0
0
0
0
0
0
0
0
0
0
0
0
0
0
0
0
0
0
0
0
0
0
0
0
0
0
0
0
0
0
0
0
0
0
0
0
0
0
0
0
0
0
0
0
0
0
0
0
0
0
0
0
0
0
0
0
0
0
0
0
0
0
0
0
0
0
0
0
0
0
0
0
0
0
0
0
0
0
0
0
0
0
0
0
0
0
0
0
0
0
0
0
0
0
0
0
0
0
0
0
0
0
0
0
0
0
0
0
0
0
0
0
0
0
0
0
0
0
0
0
0
0
0
0
0
0
0
0
0
0
0
0
0
0
0
0
0
0
0
0
0
0
0
0
0
0
0
0
0
0
0
0
0
0
0
0
0
0
0
0
0
0
0
0
0
0
0
0
0
0
0
0
0
0
0
0
0
0
0
0
0
0
0
0
0
0
0
0
0
0
0
0
0
0
0
0
0
0
0
0
0
0
0
0
0
0
0
0
0
0
0
0
0
0
0
0
0
0
0
0
0
0
0
0
0
0
0
0
0
0
0
0
0
0
0
0
0
0
0
0
0
0
0
0
0
0
0
0
0
0
0
0
0
0
0
0
0
0
0
0
0
0
0
0
0
0
0
0
0
0
0
0
0
0
0
0
0
0
0
0
0
0
0
0
0
0
0
0
0
0
0
0
0
0
0
0
0
0
0
0
0
0
0
0
0
0
0
0
0
0
0
0
0
0
0
0
0
0
0
0
0
0
0
0
0
0
0
0
0
0
0
0
0
0
0
0
0
0
0
0
0
0
0
0
0
0
0
0
0
0
0
0
0
0
0
0
0
0
0
0
0
0
0
0
0
0
0
0
0
0
0
0
0
0
0
0
0
0
0
0
0
0
0
0
0
0
0
0
0
0
0
0
0
0
0
0
0
0
0
0
0
0
0
0
0
0
0
0
0
0
0
0
0
0
0
0
0
0
0
0
0
0
0
0
0
0
0
0
0
0
0
0
0
0
0
0
0
0
0
0
0
0
0
0
0
0
0
0
0
0
0
0
0
0
0
0
0
0
0
0
0
0
0
0
0
0
0
0
0
0
0
0
0
0
0
0
0
0
0
0
0
0
0
0
0
0
0
0
0
0
0
0
0
0
0
0
0
0
0
0
0
0
0
0
0
0
0
0
0
0
0
0
0
0
0
0
0
0
0
0
0
0
0
0
0
0
0
0
0
0
0
0
0
0
0
0
0
0
0
0
0
0
0
0
0
0
0
0
0
0
0
0
0
0
0
0
0
0
0
0
0
0
0
0
0
0
0
0
0
0
0
0
0
0
0
0
0
0
0
0
0
0
0
0
0
0
0
0
0
0
0
0
0
0
0
0
0
0
0
0
0
0
0
0
0
0
0
0
0
0
0
0
0
0
0
0
0
0
0
0
0
0
0
0
0
0
0
0
0
0
0
0
0
0
0
0
0
0
0
0
0
0
0
0
0
0
0
0
0
0
0
0
0
0
0
0
0
0
0
0
0
0
0
0
0
0
0
0
0
0
0
0
0
0
0
0
0
0
0
0
0
0
0
0
0
0
0
0
0
0
0
0
0
0
0
0
0
0
0
0
0
0
0
0
0
0
0
0
0
0
0
0
0
0
0
0
0
0
0
0
0
0
0
0
0
0
0
0
0
0
0
0
0
0
0
0
0
0
0
0
0
0
0
0
0
0
0
0
0
0
0
0
0
0
0
0
0
0
0
0
0
0
0
0
0
0
0
0
0
0
0
0
0
0
0
0
0
0
0
0
0
0
0
0
0
0
0
0
0
0
0
0
0
0
0
0
0
0
0
0
0
0
0
0
0
0
0
0
0
0
0
0
0
0
0
0
0
0
0
0
0
0
0
0
0
0
0
0
0
0
0
0
0
0
0
0
0
0
0
0
0
0
0
0
0
0
0
0
0
0
0
0
0
0
0
0
0
0
0
0
0
0
0
0
0
0
0
0
0
0
0
0
0
0
0
0
0
0
0
0
0
0
0
0
0
0
0
0
0
0
0
0
0
0
0
0
0
0
0
0
0
0
0
0
0
0
0
0
0
0
0
0
0
0
0
0
0
0
0
0
0
0
0
0
0
0
0
0
0
0
0
0
0
0
0
0
0
0
0
0
0
0
0
0
0
0
0
0
0
0
0
0
0
0
0
0
0
0
0
0
0
0
0
0
0
0
0
0
0
0
0
0
0
0
0
0
0
0
0
0
0
0
0
0
0
0
0
0
0
0
0
0
0
0
0
0
0
0
0
0
0
0
0
0
0
0
0
0
0
0
0
0
0
0
0
0
0
0
0
0
0
0
0
0
0
0
0
0
0
0
0
0
0
0
0
0
0
0
0
0
0
0
0
0
0
0
0
0
0
0
0
0
0
0
0
0
0
0
0
0
0
0
0
0
0
0
0
0
0
0
0
0
0
0
0
0
0
0
0
0
0
0
0
0
0
0
0
0
0
0
0
0
0
0
0
0
0
0
0
0
0
0
0
0
0
0
0
0
0
0
0
0
0
0
0
0
0
0
0
0
0
0
0
0
0
0
0
0
0
0
0
0
0
0
0
0
0
0
0
0
0
0
0
0
0
0
0
0
0
0
0
0
0
0
0
0
0
0
0
0
0
0
0
0
0
0
0
0
0
0
0
0
0
0
0
0
0
0
0
0
0
0
0
0
0
0
0
0
0
0
0
0
0
0
0
0
0
0
0
0
0
0
0
0
0
0
0
0
0
0
0
0
0
0
0
0
0
0
0
0
0
0
0
0
0
0
0
0
0
0
0
0
0
0
0
0
0
0
0
0
0
0
0
0
0
0
0
0
0
0
0
0
0
0
0
0
0
0
0
0
0
0
0
0
0
0
0
0
0
0
0
0
0
0
0
0
0
0
0
0
0
0
0
0
0
0
0
0
0
0
0
0
0
0
0
0
0
0
0
0
0
0
0
0
0
0
0
0
0
0
0
0
0
0
0
0
0
0
0
0
0
0
0
0
0
0
0
0
0
0
0
0
0
0
0
0
0
0
0
0
0
0
0
0
0
0
0
0
0
0
0
0
0
0
0
0
0
0
0
0
0
0
0
0
0
0
0
0
0
0
0
0
0
0
0
0
0
0
0
0
0
0
0
0
0
0
0
0
0
0
0
0
0
0
0
0
0
0
0
0
0
0
0
0
0
0
0
0
0
0
0
0
0
0
0
0
0
0
0
0
0
0
0
0
0
0
0
0
0
0
0
0
0
0
0
0
0
0
0
0
0
0
0
0
0
0
0
0
0
0
0
0
0
0
0
0
0
0
0
0
0
0
0
0
0
0
0
0
0
0
0
0
0
0
0
0
0
0
0
0
0
0
0
0
0
0
0
0
0
0
0
0
0
0
0
0
0
0
0
0
0
0
0
0
0
0
0
0
0
0
0
0
0
0
0
0
0
0
0
0
0
0
0
0
0
0
0
0
0
0
0
0
0
0
0
0
0
0
0
0
0
0
0
0
0
0
0
0
0
0
0
0
0
0
0
0
0
0
0
0
0
0
0
0
0
0
0
0
0
0
0
0
0
0
0
0
0
0
0
0
0
0
0
0
0
0
0
0
0
0
0
0
0
0
0
0
0
0
0
0
0
0
0
0
0
0
0
0
0
0
0
0
0
0
0
0
0
0
0
0
0
0
0
0
0
0
0
0
0
0
0
0
0
0
0
0
0
0
0
0
0
0
0
0
0
0
0
0
0
0
0
0
0
0
0
0
0
0
0
0
0
0
0
0
0
0
0
0
0
0
0
0
0
0
0
0
0
0
0
0
0
0
0
0
0
0
0
0
0
0
0
0
0
0
0
0
0
0
0
0
0
0
0
0
0
0
0
0
0
0
0
0
0
0
0
0
0
0
0
0
0
0
0
0
0
0
0
0
0
0
0
0
0
0
0
0
0
0
0
0
0
0
0
0
0
0
0
0
0
0
0
0
0
0
0
0
0
0
0
0
0
0
0
0
0
0
0
0
0
0
0
0
0
0
0
0
0
0
0
0
0
0
0
0
0
0
0
0
0
0
0
0
0
0
0
0
0
0
0
0
0
0
0
0
0
0
0
0
0
0
0
0
0
0
0
0
0
0
0
0
0
0
0
0
0
0
0
0
0
0
0
0
0
0
0
0
0
0
0
0
0
0
0
0
0
0
0
0
0
0
0
0
0
0
0
0
0
0
0
0
0
0
0
0
0
0
0
0
0
0
0
0
0
0
0
0
0
0
0
0
0
0
0
0
0
0
0
0
0
0
0
0
0
0
0
0
0
0
0
0
0
0
0
0
0
0
0
0
0
0
0
0
0
0
0
0
0
0
0
0
0
0
0
0
0
0
0
0
0
0
0
0
0
0
0
0
0
0
0
0
0
0
0
0
0
0
0
0
0
0
0
0
0
0
0
0
0
0
0
0
0
0
0
0
0
0
0
0
0
0
0
0
0
0
0
0
0
0
0
0
0
0
0
0
0
0
0
0
0
0
0
0
0
0
0
0
0
0
0
0
0
0
0
0
0
0
0
0
0
0
0
0
0
0
0
0
0
0
0
0
0
0
0
0
0
0
0
0
0
0
0
0
0
0
0
0
0
0
0
0
0
0
0
0
0
0
0
0
0
0
0
0
0
0
0
0
0
0
0
0
0
0
0
0
0
0
0
0
0
0
0
0
0
0
0
0
0
0
0
0
0
0
0
0
0
0
0
0
0
0
0
0
0
0
0
0
0
0
0
0
0
0
0
0
0
0
0
0
0
0
0
0
0
0
0
0
0
0
0
0
0
0
0
0
0
0
0
0
0
0
0
0
0
0
0
0
0
0
0
0
0
0
0
0
0
0
0
0
0
0
0
0
0
0
0
0
0
0
0
0
0
0
0
0
0
0
0
0
0
0
0
0
0
0
0
0
0
0
0
0
0
0
0
0
0
0
0
0
0
0
0
0
0
0
0
0
0
0
0
0
0
0
0
0
0
0
0
0
0
0
0
0
0
0
0
0
0
0
0
0
0
0
0
0
0
0
0
0
0
0
0
0
0
0
0
0
0
0
0
0
0
0
0
0
0
0
0
0
0
0
0
0
0
0
0
0
0
0
0
0
0
0
0
0
0
0
0
0
0
0
0
0
0
0
0
0
0
0
0
0
0
0
0
0
0
0
0
0
0
0
0
0
0
0
0
0
0
0
0
0
0
0
0
0
0
0
0
0
0
0
0
0
0
0
0
0
0
0
0
0
0
0
0
0
0
0
0
0
0
0
0
0
0
0
0
0
0
0
0
0
0
0
0
0
0
0
0
0
0
0
0
0
0
0
0
0
0
0
0
0
0
0
0
0
0
0
0
0
0
0
0
0
0
0
0
0
0
0
0
0
0
0
0
0
0
0
0
0
0
0
0
0
0
0
0
0
0
0
0
0
0
0
0
0
0
0
0
0
0
0
0
0
0
0
0
0
0
0
0
0
0
0
0
0
0
0
0
0
0
0
0
0
0
0
0
0
0
0
0
0
0
0
0
0
0
0
0
0
0
0
0
0
0
0
0
0
0
0
0
0
0
0
0
0
0
0
0
0
0
0
0
0
0
0
0
0
0
0
0
0
0
0
0
0
0
0
0
0
0
0
0
0
0
0
0
0
0
0
0
0
0
0
0
0
0
0
0
0
0
0
0
0
0
0
0
0
0
0
0
0
0
0
0
0
0
0
0
0
0
0
0
0
0
0
0
0
0
0
0
0
0
0
0
0
0
0
0
0
0
0
0
0
0
0
0
0
0
0
0
0
0
0
0
0
0
0
0
0
0
0
0
0
0
0
0
0
0
0
0
0
0
0
0
0
0
0
0
0
0
0
0
0
0
0
0
0
0
0
0
0
0
0
0
0
0
0
0
0
0
0
0
0
0
0
0
0
0
0
0
0
0
0
0
0
0
0
0
0
0
0
0
0
0
0
0
0
0
0
0
0
0
0
0
0
0
0
0
0
0
0
0
0
0
0
0
0
0
0
0
0
0
0
0
0
0
0
0
0
0
0
0
0
0
0
0
0
0
0
0
0
0
0
0
0
0
0
0
0
0
0
0
0
0
0
0
0
0
0
0
0
0
0
0
0
0
0
0
0
0
0
0
0
0
0
0
0
0
0
0
0
0
0
0
0
0
0
0
0
0
0
0
0
0
0
0
0
0
0
0
0
0
0
0
0
0
0
0
0
0
0
0
0
0
0
0
0
0
0
0
0
0
0
0
0
0
0
0
0
0
0
0
0
0
0
0
0
0
0
0
0
0
0
0
0
0
0
0
0
0
0
0
0
0
0
0
0
0
0
0
0
0
0
0
0
0
0
0
0
0
0
0
0
0
0
0
0
0
0
0
0
0
0
0
0
0
0
0
0
0
0
0
0
0
0
0
0
0
0
0
0
0
0
0
0
0
0
0
0
0
0
0
0
0
0
0
0
0
0
0
0
0
0
0
0
0
0
0
0
0
0
0
0
0
0
0
0
0
0
0
0
0
0
0
0
0
0
0
0
0
0
0
0
0
0
0
0
0
0
0
0
0
0
0
0
0
0
0
0
0
0
0
0
0
0
0
0
0
0
0
0
0
0
0
0
0
0
0
0
0
0
0
0
0
0
0
0
0
0
0
0
0
0
0
0
0
0
0
0
0
0
0
0
0
0
0
0
0
0
0
0
0
0
0
0
0
0
0
0
0
0
0
0
0
0
0
0
0
0
0
0
0
0
0
0
0
0
0
0
0
0
0
0
0
0
0
0
0
0
0
0
0
0
0
0
0
0
0
0
0
0
0
0
0
0
0
0
0
0
0
0
0
0
0
0
0
0
0
0
0
0
0
0
0
0
0
0
0
0
0
0
0
0
0
0
0
0
0
0
0
0
0
0
0
0
0
0
0
0
0
0
0
0
0
0
0
0
0
0
0
0
0
0
0
0
0
0
0
0
0
0
0
0
0
0
0
0
0
0
0
0
0
0
0
0
0
0
0
0
0
0
0
0
0
0
0
0
0
0
0
0
0
0
0
0
0
0
0
0
0
0
0
0
0
0
0
0
0
0
0
0
0
0
0
0
0
0
0
0
0
0
0
0
0
0
0
0
0
0
0
0
0
0
0
0
0
0
0
0
0
0
0
0
0
0
0
0
0
0
0
0
0
0
0
0
0
0
0
0
0
0
0
0
0
0
0
0
0
0
0
0
0
0
0
0
0
0
0
0
0
0
0
0
0
0
0
0
0
0
0
0
0
0
0
0
0
0
0
0
0
0
0
0
0
0
0
0
0
0
0
0
0
0
0
0
0
0
0
0
0
0
0
0
0
0
0
0
0
0
0
0
0
0
0
0
0
0
0
0
0
0
0
0
0
0
0
0
0
0
0
0
0
0
0
0
0
0
0
0
0
0
0
0
0
0
0
0
0
0
0
0
0
0
0
0
0
0
0
0
0
0
0
0
0
0
0
0
0
0
0
0
0
0
0
0
0
0
0
0
0
0
0
0
0
0
0
0
0
0
0
0
0
0
0
0
0
0
0
0
0
0
0
0
0
0
0
0
0
0
0
0
0
0
0
0
0
0
0
0
0
0
0
0
0
0
0
0
0
0
0
0
0
0
0
0
0
0
0
0
0
0
0
0
0
0
0
0
0
0
0
0
0
0
0
0
0
0
0
0
0
0
0
0
0
0
0
0
0
0
0
0
0
0
0
0
0
0
0
0
0
0
0
0
0
0
0
0
0
0
0
0
0
0
0
0
0
0
0
0
0
0
0
0
0
0
0
0
0
0
0
0
0
0
0
0
0
0
0
0
0
0
0
0
0
0
0
0
0
0
0
0
0
0
0
0
0
0
0
0
0
0
0
0
0
0
0
0
0
0
0
0
0
0
0
0
0
0
0
0
0
0
0
0
0
0
0
0
0
0
0
0
0
0
0
0
0
0
0
0
0
0
0
0
0
0
0
0
0
0
0
0
0
0
0
0
0
0
0
0
0
0
0
0
0
0
0
0
0
0
0
0
0
0
0
0
0
0
0
0
0
0
0
0
0
0
0
0
0
0
0
0
0
0
0
0
0
0
0
0
0
0
0
0
0
0
0
0
0
0
0
0
0
0
0
0
0
0
0
0
0
0
0
0
0
0
0
0
0
0
0
0
0
0
0
0
0
0
0
0
0
0
0
0
0
0
0
0
0
0
0
0
0
0
0
0
0
0
0
0
0
0
0
0
0
0
0
0
0
0
0
0
0
0
0
0
0
0
0
0
0
0
0
0
0
0
0
0
0
0
0
0
0
0
0
0
0
0
0
0
0
0
0
0
0
0
0
0
0
0
0
0
0
0
0
0
0
0
0
0
0
0
0
0
0
0
0
0
0
0
0
0
0
0
0
0
0
0
0
0
0
0
0
0
0
0
0
0
0
0
0
0
0
0
0
0
0
0
0
0
0
0
0
0
0
0
0
0
0
0
0
0
0
0
0
0
0
0
0
0
0
0
0
0
0
0
0
0
0
0
0
0
0
0
0
0
0
0
0
0
0
0
0
0
0
0
0
0
0
0
0
0
0
0
0
0
0
0
0
0
0
0
0
0
0
0
0
0
0
0
0
0
0
0
0
0
0
0
0
0
0
0
0
0
0
0
0
0
0
0
0
0
0
0
0
0
0
0
0
0
0
0
0
0
0
0
0
0
0
0
0
0
0
0
0
0
0
0
0
0
0
0
0
0
0
0
0
0
0
0
0
0
0
0
0
0
0
0
0
0
0
0
0
0
0
0
0
0
0
0
0
0
0
0
0
0
0
0
0
0
0
0
0
0
0
0
0
0
0
0
0
0
0
0
0
0
0
0
0
0
0
0
0
0
0
0
0
0
0
0
0
0
0
0
0
0
0
0
0
0
0
0
0
0
0
0
0
0
0
0
0
0
0
0
0
0
0
0
0
0
0
0
0
0
0
0
0
0
0
0
0
0
0
0
0
0
0
0
0
0
0
0
0
0
0
0
0
0
0
0
0
0
0
0
0
0
0
0
0
0
0
0
0
0
0
0
0
0
0
0
0
0
0
0
0
0
0
0
0
0
0
0
0
0
0
0
0
0
0
0
0
0
0
0
0
0
0
0
0
0
0
0
0
0
0
0
0
0
0
0
0
0
0
0
0
0
0
0
0
0
0
0
0
0
0
0
0
0
0
0
0
0
0
0
0
0
0
0
0
0
0
0
0
0
0
0
0
0
0
0
0
0
0
0
0
0
0
0
0
0
0
0
0
0
0
0
0
0
0
0
0
0
0
0
0
0
0
0
0
0
0
0
0
0
0
0
0
0
0
0
0
0
0
0
0
0
0
0
0
0
0
0
0
0
0
0
0
0
0
0
0
0
0
0
0
0
0
0
0
0
0
0
0
0
0
0
0
0
0
0
0
0
0
0
0
0
0
0
0
0
0
0
0
0
0
0
0
0
0
0
0
0
0
0
0
0
0
0
0
0
0
0
0
0
0
0
0
0
0
0
0
0
0
0
0
0
0
0
0
0
0
0
0
0
0
0
0
0
0
0
0
0
0
0
0
0
0
0
0
0
0
0
0
0
0
0
0
0
0
0
0
0
0
0
0
0
0
0
0
0
0
0
0
0
0
0
0
0
0
0
0
0
0
0
0
0
0
0
0
0
0
0
0
0
0
0
0
0
0
0
0
0
0
0
0
0
0
0
0
0
0
0
0
0
0
0
0
0
0
0
0
0
0
0
0
0
0
0
0
0
0
0
0
0
0
0
0
0
0
0
0
0
0
0
0
0
0
0
0
0
0
0
0
0
0
0
0
0
0
0
0
0
0
0
0
0
0
0
0
0
0
0
0
0
0
0
0
0
0
0
0
0
0
0
0
0
0
0
0
0
0
0
0
0
0
0
0
0
0
0
0
0
0
0
0
0
0
0
0
0
0
0
0
0
0
0
0
0
0
0
0
0
0
0
0
0
0
0
0
0
0
0
0
0
0
0
0
0
0
0
0
0
0
0
0
0
0
0
0
0
0
0
0
0
0
0
0
0
0
0
0
0
0
0
0
0
0
0
0
0
0
0
0
0
0
0
0
0
0
0
0
0
0
0
0
0
0
0
0
0
0
0
0
0
0
0
0
0
0
0
0
0
0
0
0
0
0
0
0
0
0
0
0
0
0
0
0
0
0
0
0
0
0
0
0
0
0
0
0
0
0
0
0
0
0
0
0
0
0
0
0
0
0
0
0
0
0
0
0
0
0
0
0
0
0
0
0
0
0
0
0
0
0
0
0
0
0
0
0
0
0
0
0
0
0
0
0
0
0
0
0
0
0
0
0
0
0
0
0
0
0
0
0
0
0
0
0
0
0
0
0
0
0
0
0
0
0
0
0
0
0
0
0
0
0
0
0
0
0
0
0
0
0
0
0
0
0
0
0
0
0
0
0
0
0
0
0
0
0
0
0
0
0
0
0
0
0
0
0
0
0
0
0
0
0
0
0
0
0
0
0
0
0
0
0
0
0
0
0
0
0
0
0
0
0
0
0
0
0
0
0
0
0
0
0
0
0
0
0
0
0
0
0
0
0
0
0
0
0
0
0
0
0
0
0
0
0
0
0
0
0
0
0
0
0
0
0
0
0
0
0
0
0
0
0
0
0
0
0
0
0
0
0
0
0
0
0
0
0
0
0
0
0
0
0
0
0
0
0
0
0
0
0
0
0
0
0
0
0
0
0
0
0
0
0
0
0
0
0
0
0
0
0
0
0
0
0
0
0
0
0
0
0
0
0
0
0
0
0
0
0
0
0
0
0
0
0
0
0
0
0
0
0
0
0
0
0
0
0
0
0
0
0
0
0
0
0
0
0
0
0
0
0
0
0
0
0
0
0
0
0
0
0
0
0
0
0
0
0
0
0
0
0
0
0
0
0
0
0
0
0
0
0
0
0
0
0
0
0
0
0
0
0
0
0
0
0
0
0
0
0
0
0
0
0
0
0
0
0
0
0
0
0
0
0
0
0
0
0
0
0
0
0
0
0
0
0
0
0
0
0
0
0
0
0
0
0
0
0
0
0
0
0
0
0
0
0
0
0
0
0
0
0
0
0
0
0
0
0
0
0
0
0
0
0
0
0
0
0
0
0
0
0
0
0
0
0
0
0
0
0
0
0
0
0
0
0
0
0
0
0
0
0
0
0
0
0
0
0
0
0
0
0
0
0
0
0
0
0
0
0
0
0
0
0
0
0
0
0
0
0
0
0
0
0
0
0
0
0
0
0
0
0
0
0
0
0
0
0
0
0
0
0
0
0
0
0
0
0
0
0
0
0
0
0
0
0
0
0
0
0
0
0
0
0
0
0
0
0
0
0
0
0
0
0
0
0
0
0
0
0
0
0
0
0
0
0
0
0
0
0
0
0
0
0
0
0
0
0
0
0
0
0
0
0
0
0
0
0
0
0
0
0
0
0
0
0
0
0
0
0
0
0
0
0
0
0
0
0
0
0
0
0
0
0
0
0
0
0
0
0
0
0
0
0
0
0
0
0
0
0
0
0
0
0
0
0
0
0
0
0
0
0
0
0
0
0
0
0
0
0
0
0
0
0
0
0
0
0
0
0
0
0
0
0
0
0
0
0
0
0
0
0
0
0
0
0
0
0
0
0
0
0
0
0
0
0
0
0
0
0
0
0
0
0
0
0
0
0
0
0
0
0
0
0
0
0
0
0
0
0
0
0
0
0
0
0
0
0
0
0
0
0
0
0
0
0
0
0
0
0
0
0
0
0
0
0
0
0
0
0
0
0
0
0
0
0
0
0
0
0
0
0
0
0
0
0
0
0
0
0
0
0
0
0
0
0
0
0
0
0
0
0
0
0
0
0
0
0
0
0
0
0
0
0
0
0
0
0
0
0
0
0
0
0
0
0
0
0
0
0
0
0
0
0
0
0
0
0
0
0
0
0
0
0
0
0
0
0
0
0
0
0
0
0
0
0
0
0
0
0
0
0
0
0
0
0
0
0
0
0
0
0
0
0
0
0
0
0
0
0
0
0
0
0
0
0
0
0
0
0
0
0
0
0
0
0
0
0
0
0
0
0
0
0
0
0
0
0
0
0
0
0
0
0
0
0
0
0
0
0
0
0
0
0
0
0
0
0
0
0
0
0
0
0
0
0
0
0
0
0
0
0
0
0
0
0
0
0
0
0
0
0
0
0
0
0
0
0
0
0
0
0
0
0
0
0
0
0
0
0
0
0
0
0
0
0
0
0
0
0
0
0
0
0
0
0
0
0
0
0
0
0
0
0
0
0
0
0
0
0
0
0
0
0
0
0
0
0
0
0
0
0
0
0
0
0
0
0
0
0
0
0
0
0
0
0
0
0
0
0
0
0
0
0
0
0
0
0
0
0
0
0
0
0
0
0
0
0
0
0
0
0
0
0
0
0
0
0
0
0
0
0
0
0
0
0
0
0
0
0
0
0
0
0
0
0
0
0
0
0
0
0
0
0
0
0
0
0
0
0
0
0
0
0
0
0
0
0
0
0
0
0
0
0
0
0
0
0
0
0
0
0
0
0
0
0
0
0
0
0
0
0
0
0
0
0
0
0
0
0
0
0
0
0
0
0
0
0
0
0
0
0
0
0
0
0
0
0
0
0
0
0
0
0
0
0
0
0
0
0
0
0
0
0
0
0
0
0
0
0
0
0
0
0
0
0
0
0
0
0
0
0
0
0
0
0
0
0
0
0
0
0
0
0
0
0
0
0
0
0
0
0
0
0
0
0
0
0
0
0
0
0
0
0
0
0
0
0
0
0
0
0
0
0
0
0
0
0
0
0
0
0
0
0
0
0
0
0
0
0
0
0
0
0
0
0
0
0
0
0
0
0
0
0
0
0
0
0
0
0
0
0
0
0
0
0
0
0
0
0
0
0
0
0
0
0
0
0
0
0
0
0
0
0
0
0
0
0
0
0
0
0
0
0
0
0
0
0
0
0
0
0
0
0
0
0
0
0
0
0
0
0
0
0
0
0
0
0
0
0
0
0
0
0
0
0
0
0
0
0
0
0
0
0
0
0
0
0
0
0
0
0
0
0
0
0
0
0
0
0
0
0
0
0
0
0
0
0
0
0
0
0
0
0
0
0
0
0
0
0
0
0
0
0
0
0
0
0
0
0
0
0
0
0
0
0
0
0
0
0
0
0
0
0
0
0
0
0
0
0
0
0
0
0
0
0
0
0
0
0
0
0
0
0
0
0
0
0
0
0
0
0
0
0
0
0
0
0
0
0
0
0
0
0
0
0
0
0
0
0
0
0
0
0
0
0
0
0
0
0
0
0
0
0
0
0
0
0
0
0
0
0
0
0
0
0
0
0
0
0
0
0
0
0
0
0
0
0
0
0
0
0
0
0
0
0
0
0
0
0
0
0
0
0
0
0
0
0
0
0
0
0
0
0
0
0
0
0
0
0
0
0
0
0
0
0
0
0
0
0
0
0
0
0
0
0
0
0
0
0
0
0
0
0
0
0
0
0
0
0
0
0
0
0
0
0
0
0
0
0
0
0
0
0
0
0
0
0
0
0
0
0
0
0
0
0
0
0
0
0
0
0
0
0
0
0
0
0
0
0
0
0
0
0
0
0
0
0
0
0
0
0
0
0
0
0
0
0
0
0
0
0
0
0
0
0
0
0
0
0
0
0
0
0
0
0
0
0
0
0
0
0
0
0
0
0
0
0
0
0
0
0
0
0
0
0
0
0
0
0
0
0
0
0
0
0
0
0
0
0
0
0
0
0
0
0
0
0
0
0
0
0
0
0
0
0
0
0
0
0
0
0
0
0
0
0
0
0
0
0
0
0
0
0
0
0
0
0
0
0
0
0
0
0
0
0
0
0
0
0
0
0
0
0
0
0
0
0
0
0
0
0
0
0
0
0
0
0
0
0
0
0
0
0
0
0
0
0
0
0
0
0
0
0
0
0
0
0
0
0
0
0
0
0
0
0
0
0
0
0
0
0
0
0
0
0
0
0
0
0
0
0
0
0
0
0
0
0
0
0
0
0
0
0
0
0
0
0
0
0
0
0
0
0
0
0
0
0
0
0
0
0
0
0
0
0
0
0
0
0
0
0
0
0
0
0
0
0
0
0
0
0
0
0
0
0
0
0
0
0
0
0
0
0
0
0
0
0
0
0
0
0
0
0
0
0
0
0
0
0
0
0
0
0
0
0
0
0
0
0
0
0
0
0
0
0
0
0
0
0
0
0
0
0
0
0
0
0
0
0
0
0
0
0
0
0
0
0
0
0
0
0
0
0
0
0
0
0
0
0
0
0
0
0
0
0
0
0
0
0
0
0
0
0
0
0
0
0
0
0
0
0
0
0
0
0
0
0
0
0
0
0
0
0
0
0
0
0
0
0
0
0
0
0
0
0
0
0
0
0
0
0
0
0
0
0
0
0
0
0
0
0
0
0
0
0
0
0
0
0
0
0
0
0
0
0
0
0
0
0
0
0
0
0
0
0
0
0
0
0
0
0
0
0
0
0
0
0
0
0
0
0
0
0
0
0
0
0
0
0
0
0
0
0
0
0
0
0
0
0
0
0
0
0
0
0
0
0
0
0
0
0
0
0
0
0
0
0
0
0
0
0
0
0
0
0
0
0
0
0
0
0
0
0
0
0
0
0
0
0
0
0
0
0
0
0
0
0
0
0
0
0
0
0
0
0
0
0
0
0
0
0
0
0
0
0
0
0
0
0
0
0
0
0
0
0
0
0
0
0
0
0
0
0
0
0
0
0
0
0
0
0
0
0
0
0
0
0
0
0
0
0
0
0
0
0
0
0
0
0
0
0
0
0
0
0
0
0
0
0
0
0
0
0
0
0
0
0
0
0
0
0
0
0
0
0
0
0
0
0
0
0
0
0
0
0
0
0
0
0
0
0
0
0
0
0
0
0
0
0
0
0
0
0
0
0
0
0
0
0
0
0
0
0
0
0
0
0
0
0
0
0
0
0
0
0
0
0
0
0
0
0
0
0
0
0
0
0
0
0
0
0
0
0
0
0
0
0
0
0
0
0
0
0
0
0
0
0
0
0
0
0
0
0
0
0
0
0
0
0
0
0
0
0
0
0
0
0
0
0
0
0
0
0
0
0
0
0
0
0
0
0
0
0
0
0
0
0
0
0
0
0
0
0
0
0
0
0
0
0
0
0
0
0
0
0
0
0
0
0
0
0
0
0
0
0
0
0
0
0
0
0
0
0
0
0
0
0
0
0
0
0
0
0
0
0
0
0
0
0
0
0
0
0
0
0
0
0
0
0
0
0
0
0
0
0
0
0
0
0
0
0
0
0
0
0
0
0
0
0
0
0
0
0
0
0
0
0
0
0
0
0
0
0
0
0
0
0
0
0
0
0
0
0
0
0
0
0
0
0
0
0
0
0
0
0
0
0
0
0
0
0
0
0
0
0
0
0
0
0
0
0
0
0
0
0
0
0
0
0
0
0
0
0
0
0
0
0
0
0
0
0
0
0
0
0
0
0
0
0
0
0
0
0
0
0
0
0
0
0
0
0
0
0
0
0
0
0
0
0
0
0
0
0
0
0
0
0
0
0
0
0
0
0
0
0
0
0
0
0
0
0
0
0
0
0
0
0
0
0
0
0
0
0
0
0
0
0
0
0
0
0
0
0
0
0
0
0
0
0
0
0
0
0
0
0
0
0
0
0
0
0
0
0
0
0
0
0
0
0
0
0
0
0
0
0
0
0
0
0
0
0
0
0
0
0
0
0
0
0
0
0
0
0
0
0
0
0
0
0
0
0
0
0
0
0
0
0
0
0
0
0
0
0
0
0
0
0
0
0
0
0
0
0
0
0
0
0
0
0
0
0
0
0
0
0
0
0
0
0
0
0
0
0
0
0
0
0
0
0
0
0
0
0
0
0
0
0
0
0
0
0
0
0
0
0
0
0
0
0
0
0
0
0
0
0
0
0
0
0
0
0
0
0
0
0
0
0
0
0
0
0
0
0
0
0
0
0
0
0
0
0
0
0
0
0
0
0
0
0
0
0
0
0
0
0
0
0
0
0
0
0
0
0
0
0
0
0
0
0
0
0
0
0
0
0
0
0
0
0
0
0
0
0
0
0
0
0
0
0
0
0
0
0
0
0
0
0
0
0
0
0
0
0
0
0
0
0
0
0
0
0
0
0
0
0
0
0
0
0
0
0
0
0
0
0
0
0
0
0
0
0
0
0
0
0
0
0
0
0
0
0
0
0
0
0
0
0
0
0
0
0
0
0
0
0
0
0
0
0
0
0
0
0
0
0
0
0
0
0
0
0
0
0
0
0
0
0
0
0
0
0
0
0
0
0
0
0
0
0
0
0
0
0
0
0
0
0
0
0
0
0
0
0
0
0
0
0
0
0
0
0
0
0
0
0
0
0
0
0
0
0
0
0
0
0
0
0
0
0
0
0
0
0
0
0
0
0
0
0
0
0
0
0
0
0
0
0
0
0
0
0
0
0
0
0
0
0
0
0
0
0
0
0
0
0
0
0
0
0
0
0
0
0
0
0
0
0
0
0
0
0
0
0
0
0
0
0
0
0
0
0
0
0
0
0
0
0
0
0
0
0
0
0
0
0
0
0
0
0
0
0
0
0
0
0
0
0
0
0
0
0
0
0
0
0
0
0
0
0
0
0
0
0
0
0
0
0
0
0
0
0
0
0
0
0
0
0
0
0
0
0
0
0
0
0
0
0
0
0
0
0
0
0
0
0
0
0
0
0
0
0
0
0
0
0
0
0
0
0
0
0
0
0
0
0
0
0
0
0
0
0
0
0
0
0
0
0
0
0
0
0
0
0
0
0
0
0
0
0
0
0
0
0
0
0
0
0
0
0
0
0
0
0
0
0
0
0
0
0
0
0
0
0
0
0
0
0
0
0
0
0
0
0
0
0
0
0
0
0
0
0
0
0
0
0
0
0
0
0
0
0
0
0
0
0
0
0
0
0
0
0
0
0
0
0
0
0
0
0
0
0
0
0
0
0
0
0
0
0
0
0
0
0
0
0
0
0
0
0
0
0
0
0
0
0
0
0
0
0
0
0
0
0
0
0
0
0
0
0
0
0
0
0
0
0
0
0
0
0
0
0
0
0
0
0
0
0
0
0
0
0
0
0
0
0
0
0
0
0
0
0
0
0
0
0
0
0
0
0
0
0
0
0
0
0
0
0
0
0
0
0
0
0
0
0
0
0
0
0
0
0
0
0
0
0
0
0
0
0
0
0
0
0
0
0
0
0
0
0
0
0
0
0
0
0
0
0
0
0
0
0
0
0
0
0
0
0
0
0
0
0
0
0
0
0
0
0
0
0
0
0
0
0
0
0
0
0
0
0
0
0
0
0
0
0
0
0
0
0
0
0
0
0
0
0
0
0
0
0
0
0
0
0
0
0
0
0
0
0
0
0
0
0
0
0
0
0
0
0
0
0
0
0
0
0
0
0
0
0
0
0
0
0
0
0
0
0
0
0
0
0
0
0
0
0
0
0
0
0
0
0
0
0
0
0
0
0
0
0
0
0
0
0
0
0
0
0
0
0
0
0
0
0
0
0
0
0
0
0
0
0
0
0
0
0
0
0
0
0
0
0
0
0
0
0
0
0
0
0
0
0
0
0
0
0
0
0
0
0
0
0
0
0
0
0
0
0
0
0
0
0
0
0
0
0
0
0
0
0
0
0
0
0
0
0
0
0
0
0
0
0
0
0
0
0
0
0
0
0
0
0
0
0
0
0
0
0
0
0
0
0
0
0
0
0
0
0
0
0
0
0
0
0
0
0
0
0
0
0
0
0
0
0
0
0
0
0
0
0
0
0
0
0
0
0
0
0
0
0
0
0
0
0
0
0
0
0
0
0
0
0
0
0
0
0
0
0
0
0
0
0
0
0
0
0
0
0
0
0
0
0
0
0
0
0
0
0
0
0
0
0
0
0
0
0
0
0
0
0
0
0
0
0
0
0
0
0
0
0
0
0
0
0
0
0
0
0
0
0
0
0
0
0
0
0
0
0
0
0
0
0
0
0
0
0
0
0
0
0
0
0
0
0
0
0
0
0
0
0
0
0
0
0
0
0
0
0
0
0
0
0
0
0
0
0
0
0
0
0
0
0
0
0
0
0
0
0
0
0
0
0
0
0
0
0
0
0
0
0
0
0
0
0
0
0
0
0
0
0
0
0
0
0
0
0
0
0
0
0
0
0
0
0
0
0
0
0
0
0
0
0
0
0
0
0
0
0
0
0
0
0
0
0
0
0
0
0
0
0
0
0
0
0
0
0
0
0
0
0
0
0
0
0
0
0
0
0
0
0
0
0
0
0
0
0
0
0
0
0
0
0
0
0
0
0
0
0
0
0
0
0
0
0
0
0
0
0
0
0
0
0
0
0
0
0
0
0
0
0
0
0
0
0
0
0
0
0
0
0
0
0
0
0
0
0
0
0
0
0
0
0
0
0
0
0
0
0
0
0
0
0
0
0
0
0
0
0
0
0
0
0
0
0
0
0
0
0
0
0
0
0
0
0
0
0
0
0
0
0
0
0
0
0
0
0
0
0
0
0
0
0
0
0
0
0
0
0
0
0
0
0
0
0
0
0
0
0
0
0
0
0
0
0
0
0
0
0
0
0
0
0
0
0
0
0
0
0
0
0
0
0
0
0
0
0
0
0
0
0
0
0
0
0
0
0
0
0
0
0
0
0
0
0
0
0
0
0
0
0
0
0
0
0
0
0
0
0
0
0
0
0
0
0
0
0
0
0
0
0
0
0
0
0
0
0
0
0
0
0
0
0
0
0
0
0
0
0
0
0
0
0
0
0
0
0
0
0
0
0
0
0
0
0
0
0
0
0
0
0
0
0
0
0
0
0
0
0
0
0
0
0
0
0
0
0
0
0
0
0
0
0
0
0
0
0
0
0
0
0
0
0
0
0
0
0
0
0
0
0
0
0
0
0
0
0
0
0
0
0
0
0
0
0
0
0
0
0
0
0
0
0
0
0
0
0
0
0
0
0
0
0
0
0
0
0
0
0
0
0
0
0
0
0
0
0
0
0
0
0
0
0
0
0
0
0
0
0
0
0
0
0
0
0
0
0
0
0
0
0
0
0
0
0
0
0
0
0
0
0
0
0
0
0
0
0
0
0
0
0
0
0
0
0
0
0
0
0
0
0
0
0
0
0
0
0
0
0
0
0
0
0
0
0
0
0
0
0
0
0
0
0
0
0
0
0
0
0
0
0
0
0
0
0
0
0
0
0
0
0
0
0
0
0
0
0
0
0
0
0
0
0
0
0
0
0
0
0
0
0
0
0
0
0
0
0
0
0
0
0
0
0
0
0
0
0
0
0
0
0
0
0
0
0
0
0
0
0
0
0
0
0
0
0
0
0
0
0
0
0
0
0
0
0
0
0
0
0
0
0
0
0
0
0
0
0
0
0
0
0
0
0
0
0
0
0
0
0
0
0
0
0
0
0
0
0
0
0
0
0
0
0
0
0
0
0
0
0
0
0
0
0
0
0
0
0
0
0
0
0
0
0
0
0
0
0
0
0
0
0
0
0
0
0
0
0
0
0
0
0
0
0
0
0
0
0
0
0
0
0
0
0
0
0
0
0
0
0
0
0
0
0
0
0
0
0
0
0
0
0
0
0
0
0
0
0
0
0
0
0
0
0
0
0
0
0
0
0
0
0
0
0
0
0
0
0
0
0
0
0
0
0
0
0
0
0
0
0
0
0
0
0
0
0
0
0
0
0
0
0
0
0
0
0
0
0
0
0
0
0
0
0
0
0
0
0
0
0
0
0
0
0
0
0
0
0
0
0
0
0
0
0
0
0
0
0
0
0
0
0
0
0
0
0
0
0
0
0
0
0
0
0
0
0
0
0
0
0
0
0
0
0
0
0
0
0
0
0
0
0
0
0
0
0
0
0
0
0
0
0
0
0
0
0
0
0
0
0
0
0
0
0
0
0
0
0
0
0
0
0
0
0
0
0
0
0
0
0
0
0
0
0
0
0
0
0
0
0
0
0
0
0
0
0
0
0
0
0
0
0
0
0
0
0
0
0
0
0
0
0
0
0
0
0
0
0
0
0
0
0
0
0
0
0
0
0
0
0
0
0
0
0
0
0
0
0
0
0
0
0
0
0
0
0
0
0
0
0
0
0
0
0
0
0
0
0
0
0
0
0
0
0
0
0
0
0
0
0
0
0
0
0
0
0
0
0
0
0
0
0
0
0
0
0
0
0
0
0
0
0
0
0
0
0
0
0
0
0
0
0
0
0
0
0
0
0
0
0
0
0
0
0
0
0
0
0
0
0
0
0
0
0
0
0
0
0
0
0
0
0
0
0
0
0
0
0
0
0
0
0
0
0
0
0
0
0
0
0
0
0
0
0
0
0
0
0
0
0
0
0
0
0
0
0
0
0
0
0
0
0
0
0
0
0
0
0
0
0
0
0
0
0
0
0
0
0
0
0
0
0
0
0
0
0
0
0
0
0
0
0
0
0
0
0
0
0
0
0
0
0
0
0
0
0
0
0
0
0
0
0
0
0
0
0
0
0
0
0
0
0
0
0
0
0
0
0
0
0
0
0
0
0
0
0
0
0
0
0
0
0
0
0
0
0
0
0
0
0
0
0
0
0
0
0
0
0
0
0
0
0
0
0
0
0
0
0
0
0
0
0
0
0
0
0
0
0
0
0
0
0
0
0
0
0
0
0
0
0
0
0
0
0
0
0
0
0
0
0
0
0
0
0
0
0
0
0
0
0
0
0
0
0
0
0
0
0
0
0
0
0
0
0
0
0
0
0
0
0
0
0
0
0
0
0
0
0
0
0
0
0
0
0
0
0
0
0
0
0
0
0
0
0
0
0
0
0
0
0
0
0
0
0
0
0
0
0
0
0
0
0
0
0
0
0
0
0
0
0
0
0
0
0
0
0
0
0
0
0
0
0
0
0
0
0
0
0
0
0
0
0
0
0
0
0
0
0
0
0
0
0
0
0
0
0
0
0
0
0
0
0
0
0
0
0
0
0
0
0
0
0
0
0
0
0
0
0
0
0
0
0
0
0
0
0
0
0
0
0
0
0
0
0
0
0
0
0
0
0
0
0
0
0
0
0
0
0
0
0
0
0
0
0
0
0
0
0
0
0
0
0
0
0
0
0
0
0
0
0
0
0
0
0
0
0
0
0
0
0
0
0
0
0
0
0
0
0
0
0
0
0
0
0
0
0
0
0
0
0
0
0
0
0
0
0
0
0
0
0
0
0
0
0
0
0
0
0
0
0
0
0
0
0
0
0
0
0
0
0
0
0
0
0
0
0
0
0
0
0
0
0
0
0
0
0
0
0
0
0
0
0
0
0
0
0
0
0
0
0
0
0
0
0
0
0
0
0
0
0
0
0
0
0
0
0
0
0
0
0
0
0
0
0
0
0
0
0
0
0
0
0
0
0
0
0
0
0
0
0
0
0
0
0
0
0
0
0
0
0
0
0
0
0
0
0
0
0
0
0
0
0
0
0
0
0
0
0
0
0
0
0
0
0
0
0
0
0
0
0
0
0
0
0
0
0
0
0
0
0
0
0
0
0
0
0
0
0
0
0
0
0
0
0
0
0
0
0
0
0
0
0
0
0
0
0
0
0
0
0
0
0
0
0
0
0
0
0
0
0
0
0
0
0
0
0
0
0
0
0
0
0
0
0
0
0
0
0
0
0
0
0
0
0
0
0
0
0
0
0
0
0
0
0
0
0
0
0
0
0
0
0
0
0
0
0
0
0
0
0
0
0
0
0
0
0
0
0
0
0
0
0
0
0
0
0
0
0
0
0
0
0
0
0
0
0
0
0
0
0
0
0
0
0
0
0
0
0
0
0
0
0
0
0
0
0
0
0
0
0
0
0
0
0
0
0
0
0
0
0
0
0
0
0
0
0
0
0
0
0
0
0
0
0
0
0
0
0
0
0
0
0
0
0
0
0
0
0
0
0
0
0
0
0
0
0
0
0
0
0
0
0
0
0
0
0
0
0
0
0
0
0
0
0
0
0
0
0
0
0
0
0
0
0
0
0
0
0
0
0
0
0
0
0
0
0
0
0
0
0
0
0
0
0
0
0
0
0
0
0
0
0
0
0
0
0
0
0
0
0
0
0
0
0
0
0
0
0
0
0
0
0
0
0
0
0
0
0
0
0
0
0
0
0
0
0
0
0
0
0
0
0
0
0
0
0
0
0
0
0
0
0
0
0
0
0
0
0
0
0
0
0
0
0
0
0
0
0
0
0
0
0
0
0
0
0
0
0
0
0
0
0
0
0
0
0
0
0
0
0
0
0
0
0
0
0
0
0
0
0
0
0
0
0
0
0
0
0
0
0
0
0
0
0
0
0
0
0
0
0
0
0
0
0
0
0
0
0
0
0
0
0
0
0
0
0
0
0
0
0
0
0
0
0
0
0
0
0
0
0
0
0
0
0
0
0
0
0
0
0
0
0
0
0
0
0
0
0
0
0
0
0
0
0
0
0
0
0
0
0
0
0
0
0
0
0
0
0
0
0
0
0
0
0
0
0
0
0
0
0
0
0
0
0
0
0
0
0
0
0
0
0
0
0
0
0
0
0
0
0
0
0
0
0
0
0
0
0
0
0
0
0
0
0
0
0
0
0
0
0
0
0
0
0
0
0
0
0
0
0
0
0
0
0
0
0
0
0
0
0
0
0
0
0
0
0
0
0
0
0
0
0
0
0
0
0
0
0
0
0
0
0
0
0
0
0
0
0
0
0
0
0
0
0
0
0
0
0
0
0
0
0
0
0
0
0
0
0
0
0
0
0
0
0
0
0
0
0
0
0
0
0
0
0
0
0
0
0
0
0
0
0
0
0
0
0
0
0
0
0
0
0
0
0
0
0
0
0
0
0
0
0
0
0
0
0
0
0
0
0
0
0
0
0
0
0
0
0
0
0
0
0
0
0
0
0
0
0
0
0
0
0
0
0
0
0
0
0
0
0
0
0
0
0
0
0
0
0
0
0
0
0
0
0
0
0
0
0
0
0
0
0
0
0
0
0
0
0
0
0
0
0
0
0
0
0
0
0
0
0
0
0
0
0
0
0
0
0
0
0
0
0
0
0
0
0
0
0
0
0
0
0
0
0
0
0
0
0
0
0
0
0
0
0
0
0
0
0
0
0
0
0
0
0
0
0
0
0
0
0
0
0
0
0
0
0
0
0
0
0
0
0
0
0
0
0
0
0
0
0
0
0
0
0
0
0
0
0
0
0
0
0
0
0
0
0
0
0
0
0
0
0
0
0
0
0
0
0
0
0
0
0
0
0
0
0
0
0
0
0
0
0
0
0
0
0
0
0
0
0
0
0
0
0
0
0
0
0
0
0
0
0
0
0
0
0
0
0
0
0
0
0
0
0
0
0
0
0
0
0
0
0
0
0
0
0
0
0
0
0
0
0
0
0
0
0
0
0
0
0
0
0
0
0
0
0
0
0
0
0
0
0
0
0
0
0
0
0
0
0
0
0
0
0
0
0
0
0
0
0
0
0
0
0
0
0
0
0
0
0
0
0
0
0
0
0
0
0
0
0
0
0
0
0
0
0
0
0
0
0
0
0
0
0
0
0
0
0
0
0
0
0
0
0
0
0
0
0
0
0
0
0
0
0
0
0
0
0
0
0
0
0
0
0
0
0
0
0
0
0
0
0
0
0
0
0
0
0
0
0
0
0
0
0
0
0
0
0
0
0
0
0
0
0
0
0
0
0
0
0
0
0
0
0
0
0
0
0
0
0
0
0
0
0
0
0
0
0
0
0
0
0
0
0
0
0
0
0
0
0
0
0
0
0
0
0
0
0
0
0
0
0
0
0
0
0
0
0
0
0
0
0
0
0
0
0
0
0
0
0
0
0
0
0
0
0
0
0
0
0
0
0
0
0
0
0
0
0
0
0
0
0
0
0
0
0
0
0
0
0
0
0
0
0
0
0
0
0
0
0
0
0
0
0
0
0
0
0
0
0
0
0
0
0
0
0
0
0
0
0
0
0
0
0
0
0
0
0
0
0
0
0
0
0
0
0
0
0
0
0
0
0
0
0
0
0
0
0
0
0
0
0
0
0
0
0
0
0
0
0
0
0
0
0
0
0
0
0
0
0
0
0
0
0
0
0
0
0
0
0
0
0
0
0
0
0
0
0
0
0
0
0
0
0
0
0
0
0
0
0
0
0
0
0
0
0
0
0
0
0
0
0
0
0
0
0
0
0
0
0
0
0
0
0
0
0
0
0
0
0
0
0
0
0
0
0
0
0
0
0
0
0
0
0
0
0
0
0
0
0
0
0
0
0
0
0
0
0
0
0
0
0
0
0
0
0
0
0
0
0
0
0
0
0
0
0
0
0
0
0
0
0
0
0
0
0
0
0
0
0
0
0
0
0
0
0
0
0
0
0
0
0
0
0
0
0
0
0
0
0
0
0
0
0
0
0
0
0
0
0
0
0
0
0
0
0
0
0
0
0
0
0
0
0
0
0
0
0
0
0
0
0
0
0
0
0
0
0
0
0
0
0
0
0
0
0
0
0
0
0
0
0
0
0
0
0
0
0
0
0
0
0
0
0
0
0
0
0
0
0
0
0
0
0
0
0
0
0
0
0
0
0
0
0
0
0
0
0
0
0
0
0
0
0
0
0
0
0
0
0
0
0
0
0
0
0
0
0
0
0
0
0
0
0
0
0
0
0
0
0
0
0
0
0
0
0
0
0
0
0
0
0
0
0
0
0
0
0
0
0
0
0
0
0
0
0
0
0
0
0
0
0
0
0
0
0
0
0
0
0
0
0
0
0
0
0
0
0
0
0
0
0
0
0
0
0
0
0
0
0
0
0
0
0
0
0
0
0
0
0
0
0
0
0
0
0
0
0
0
0
0
0
0
0
0
0
0
0
0
0
0
0
0
0
0
0
0
0
0
0
0
0
0
0
0
0
0
0
0
0
0
0
0
0
0
0
0
0
0
0
0
0
0
0
0
0
0
0
0
0
0
0
0
0
0
0
0
0
0
0
0
0
0
0
0
0
0
0
0
0
0
0
0
0
0
0
0
0
0
0
0
0
0
0
0
0
0
0
0
0
0
0
0
0
0
0
0
0
0
0
0
0
0
0
0
0
0
0
0
0
0
0
0
0
0
0
0
0
0
0
0
0
0
0
0
0
0
0
0
0
0
0
0
0
0
0
0
0
0
0
0
0
0
0
0
0
0
0
0
0
0
0
0
0
0
0
0
0
0
0
0
0
0
0
0
0
0
0
0
0
0
0
0
0
0
0
0
0
0
0
0
0
0
0
0
0
0
0
0
0
0
0
0
0
0
0
0
0
0
0
0
0
0
0
0
0
0
0
0
0
0
0
0
0
0
0
0
0
0
0
0
0
0
0
0
0
0
0
0
0
0
0
0
0
0
0
0
0
0
0
0
0
0
0
0
0
0
0
0
0
0
0
0
0
0
0
0
0
0
0
0
0
0
0
0
0
0
0
0
0
0
0
0
0
0
0
0
0
0
0
0
0
0
0
0
0
0
0
0
0
0
0
0
0
0
0
0
0
0
0
0
0
0
0
0
0
0
0
0
0
0
0
0
0
0
0
0
0
0
0
0
0
0
0
0
0
0
0
0
0
0
0
0
0
0
0
0
0
0
0
0
0
0
0
0
0
0
0
0
0
0
0
0
0
0
0
0
0
0
0
0
0
0
0
0
0
0
0
0
0
0
0
0
0
0
0
0
0
0
0
0
0
0
0
0
0
0
0
0
0
0
0
0
0
0
0
0
0
0
0
0
0
0
0
0
0
0
0
0
0
0
0
0
0
0
0
0
0
0
0
0
0
0
0
0
0
0
0
0
0
0
0
0
0
0
0
0
0
0
0
0
0
0
0
0
0
0
0
0
0
0
0
0
0
0
0
0
0
0
0
0
0
0
0
0
0
0
0
0
0
0
0
0
0
0
0
0
0
0
0
0
0
0
0
0
0
0
0
0
0
0
0
0
0
0
0
0
0
0
0
0
0
0
0
0
0
0
0
0
0
0
0
0
0
0
0
0
0
0
0
0
0
0
0
0
0
0
0
0
0
0
0
0
0
0
0
0
0
0
0
0
0
0
0
0
0
0
0
0
0
0
0
0
0
0
0
0
0
0
0
0
0
0
0
0
0
0
0
0
0
0
0
0
0
0
0
0
0
0
0
0
0
0
0
0
0
0
0
0
0
0
0
0
0
0
0
0
0
0
0
0
0
0
0
0
0
0
0
0
0
0
0
0
0
0
0
0
0
0
0
0
0
0
0
0
0
0
0
0
0
0
0
0
0
0
0
0
0
0
0
0
0
0
0
0
0
0
0
0
0
0
0
0
0
0
0
0
0
0
0
0
0
0
0
0
0
0
0
0
0
0
0
0
0
0
0
0
0
0
0
0
0
0
0
0
0
0
0
0
0
0
0
0
0
0
0
0
0
0
0
0
0
0
0
0
0
0
0
0
0
0
0
0
0
0
0
0
0
0
0
0
0
0
0
0
0
0
0
0
0
0
0
0
0
0
0
0
0
0
0
0
0
0
0
0
0
0
0
0
0
0
0
0
0
0
0
0
0
0
0
0
0
0
0
0
0
0
0
0
0
0
0
0
0
0
0
0
0
0
0
0
0
0
0
0
0
0
0
0
0
0
0
0
0
0
0
0
0
0
0
0
0
0
0
0
0
0
0
0
0
0
0
0
0
0
0
0
0
0
0
0
0
0
0
0
0
0
0
0
0
0
0
0
0
0
0
0
0
0
0
0
0
0
0
0
0
0
0
0
0
0
0
0
0
0
0
0
0
0
0
0
0
0
0
0
0
0
0
0
0
0
0
0
0
0
0
0
0
0
0
0
0
0
0
0
0
0
0
0
0
0
0
0
0
0
0
0
0
0
0
0
0
0
0
0
0
0
0
0
0
0
0
0
0
0
0
0
0
0
0
0
0
0
0
0
0
0
0
0
0
0
0
0
0
0
0
0
0
0
0
0
0
0
0
0
0
0
0
0
0
0
0
0
0
0
0
0
0
0
0
0
0
0
0
0
0
0
0
0
0
0
0
0
0
0
0
0
0
0
0
0
0
0
0
0
0
0
0
0
0
0
0
0
0
0
0
0
0
0
0
0
0
0
0
0
0
0
0
0
0
0
0
0
0
0
0
0
0
0
0
0
0
0
0
0
0
0
0
0
0
0
0
0
0
0
0
0
0
0
0
0
0
0
0
0
0
0
0
0
0
0
0
0
0
0
0
0
0
0
0
0
0
0
0
0
0
0
0
0
0
0
0
0
0
0
0
0
0
0
0
0
0
0
0
0
0
0
0
0
0
0
0
0
0
0
0
0
0
0
0
0
0
0
0
0
0
0
0
0
0
0
0
0
0
0
0
0
0
0
0
0
0
0
0
0
0
0
0
0
0
0
0
0
0
0
0
0
0
0
0
0
0
0
0
0
0
0
0
0
0
0
0
0
0
0
0
0
0
0
0
0
0
0
0
0
0
0
0
0
0
0
0
0
0
0
0
0
0
0
0
0
0
0
0
0
0
0
0
0
0
0
0
0
0
0
0
0
0
0
0
0
0
0
0
0
0
0
0
0
0
0
0
0
0
0
0
0
0
0
0
0
0
0
0
0
0
0
0
0
0
0
0
0
0
0
0
0
0
0
0
0
0
0
0
0
0
0
0
0
0
0
0
0
0
0
0
0
0
0
0
0
0
0
0
0
0
0
0
0
0
0
0
0
0
0
0
0
0
0
0
0
0
0
0
0
0
0
0
0
0
0
0
0
0
0
0
0
0
0
0
0
0
0
0
0
0
0
0
0
0
0
0
0
0
0
0
0
0
0
0
0
0
0
0
0
0
0
0
0
0
0
0
0
0
0
0
0
0
0
0
0
0
0
0
0
0
0
0
0
0
0
0
0
0
0
0
0
0
0
0
0
0
0
0
0
0
0
0
0
0
0
0
0
0
0
0
0
0
0
0
0
0
0
0
0
0
0
0
0
0
0
0
0
0
0
0
0
0
0
0
0
0
0
0
0
0
0
0
0
0
0
0
0
0
0
0
0
0
0
0
0
0
0
0
0
0
0
0
0
0
0
0
0
0
0
0
0
0
0
0
0
0
0
0
0
0
0
0
0
0
0
0
0
0
0
0
0
0
0
0
0
0
0
0
0
0
0
0
0
0
0
0
0
0
0
0
0
0
0
0
0
0
0
0
0
0
0
0
0
0
0
0
0
0
0
0
0
0
0
0
0
0
0
0
0
0
0
0
0
0
0
0
0
0
0
0
0
0
0
0
0
0
0
0
0
0
0
0
0
0
0
0
0
0
0
0
0
0
0
0
0
0
0
0
0
0
0
0
0
0
0
0
0
0
0
0
0
0
0
0
0
0
0
0
0
0
0
0
0
0
0
0
0
0
0
0
0
0
0
0
0
0
0
0
0
0
0
0
0
0
0
0
0
0
0
0
0
0
0
0
0
0
0
0
0
0
0
0
0
0
0
0
0
0
0
0
0
0
0
0
0
0
0
0
0
0
0
0
0
0
0
0
0
0
0
0
0
0
0
0
0
0
0
0
0
0
0
0
0
0
0
0
0
0
0
0
0
0
0
0
0
0
0
0
0
0
0
0
0
0
0
0
0
0
0
0
0
0
0
0
0
0
0
0
0
0
0
0
0
0
0
0
0
0
0
0
0
0
0
0
0
0
0
0
0
0
0
0
0
0
0
0
0
0
0
0
0
0
0
0
0
0
0
0
0
0
0
0
0
0
0
0
0
0
0
0
0
0
0
0
0
0
0
0
0
0
0
0
0
0
0
0
0
0
0
0
0
0
0
0
0
0
0
0
0
0
0
0
0
0
0
0
0
0
0
0
0
0
0
0
0
0
0
0
0
0
0
0
0
0
0
0
0
0
0
0
0
0
0
0
0
0
0
0
0
0
0
0
0
0
0
0
0
0
0
0
0
0
0
0
0
0
0
0
0
0
0
0
0
0
0
0
0
0
0
0
0
0
0
0
0
0
0
0
0
0
0
0
0
0
0
0
0
0
0
0
0
0
0
0
0
0
0
0
0
0
0
0
0
0
0
0
0
0
0
0
0
0
0
0
0
0
0
0
0
0
0
0
0
0
0
0
0
0
0
0
0
0
0
0
0
0
0
0
0
0
0
0
0
0
0
0
0
0
0
0
0
0
0
0
0
0
0
0
0
0
0
0
0
0
0
0
0
0
0
0
0
0
0
0
0
0
0
0
0
0
0
0
0
0
0
0
0
0
0
0
0
0
0
0
0
0
0
0
0
0
0
0
0
0
0
0
0
0
0
0
0
0
0
0
0
0
0
0
0
0
0
0
0
0
0
0
0
0
0
0
0
0
0
0
0
0
0
0
0
0
0
0
0
0
0
0
0
0
0
0
0
0
0
0
0
0
0
0
0
0
0
0
0
0
0
0
0
0
0
0
0
0
0
0
0
0
0
0
0
0
0
0
0
0
0
0
0
0
0
0
0
0
0
0
0
0
0
0
0
0
0
0
0
0
0
0
0
0
0
0
0
0
0
0
0
0
0
0
0
0
0
0
0
0
0
0
0
0
0
0
0
0
0
0
0
0
0
0
0
0
0
0
0
0
0
0
0
0
0
0
0
0
0
0
0
0
0
0
0
0
0
0
0
0
0
0
0
0
0
0
0
0
0
0
0
0
0
0
0
0
0
0
0
0
0
0
0
0
0
0
0
0
0
0
0
0
0
0
0
0
0
0
0
0
0
0
0
0
0
0
0
0
0
0
0
0
0
0
0
0
0
0
0
0
0
0
0
0
0
0
0
0
0
0
0
0
0
0
0
0
0
0
0
0
0
0
0
0
0
0
0
0
0
0
0
0
0
0
0
0
0
0
0
0
0
0
0
0
0
0
0
0
0
0
0
0
0
0
0
0
0
0
0
0
0
0
0
0
0
0
0
0
0
0
0
0
0
0
0
0
0
0
0
0
0
0
0
0
0
0
0
0
0
0
0
0
0
0
0
0
0
0
0
0
0
0
0
0
0
0
0
0
0
0
0
0
0
0
0
0
0
0
0
0
0
0
0
0
0
0
0
0
0
0
0
0
0
0
0
0
0
0
0
0
0
0
0
0
0
0
0
0
0
0
0
0
0
0
0
0
0
0
0
0
0
0
0
0
0
0
0
0
0
0
0
0
0
0
0
0
0
0
0
0
0
0
0
0
0
0
0
0
0
0
0
0
0
0
0
0
0
0
0
0
0
0
0
0
0
0
0
0
0
0
0
0
0
0
0
0
0
0
0
0
0
0
0
0
0
0
0
0
0
0
0
0
0
0
0
0
0
0
0
0
0
0
0
0
0
0
0
0
0
0
0
0
0
0
0
0
0
0
0
0
0
0
0
0
0
0
0
0
0
0
0
0
0
0
0
0
0
0
0
0
0
0
0
0
0
0
0
0
0
0
0
0
0
0
0
0
0
0
0
0
0
0
0
0
0
0
0
0
0
0
0
0
0
0
0
0
0
0
0
0
0
0
0
0
0
0
0
0
0
0
0
0
0
0
0
0
0
0
0
0
0
0
0
0
0
0
0
0
0
0
0
0
0
0
0
0
0
0
0
0
0
0
0
0
0
0
0
0
0
0
0
0
0
0
0
0
0
0
0
0
0
0
0
0
0
0
0
0
0
0
0
0
0
0
0
0
0
0
0
0
0
0
0
0
0
0
0
0
0
0
0
0
0
0
0
0
0
0
0
0
0
0
0
0
0
0
0
0
0
0
0
0
0
0
0
0
0
0
0
0
0
0
0
0
0
0
0
0
0
0
0
0
0
0
0
0
0
0
0
0
0
0
0
0
0
0
0
0
0
0
0
0
0
0
0
0
0
0
0
0
0
0
0
0
0
0
0
0
0
0
0
0
0
0
0
0
0
0
0
0
0
0
0
0
0
0
0
0
0
0
0
0
0
0
0
0
0
0
0
0
0
0
0
0
0
0
0
0
0
0
0
0
0
0
0
0
0
0
0
0
0
0
0
0
0
0
0
0
0
0
0
0
0
0
0
0
0
0
0
0
0
0
0
0
0
0
0
0
0
0
0
0
0
0
0
0
0
0
0
0
0
0
0
0
0
0
0
0
0
0
0
0
0
0
0
0
0
0
0
0
0
0
0
0
0
0
0
0
0
0
0
0
0
0
0
0
0
0
0
0
0
0
0
0
0
0
0
0
0
0
0
0
0
0
0
0
0
0
0
0
0
0
0
0
0
0
0
0
0
0
0
0
0
0
0
0
0
0
0
0
0
0
0
0
0
0
0
0
0
0
0
0
0
0
0
0
0
0
0
0
0
0
0
0
0
0
0
0
0
0
0
0
0
0
0
0
0
0
0
0
0
0
0
0
0
0
0
0
0
0
0
0
0
0
0
0
0
0
0
0
0
0
0
0
0
0
0
0
0
0
0
0
0
0
0
0
0
0
0
0
0
0
0
0
0
0
0
0
0
0
0
0
0
0
0
0
0
0
0
0
0
0
0
0
0
0
0
0
0
0
0
0
0
0
0
0
0
0
0
0
0
0
0
0
0
0
0
0
0
0
0
0
0
0
0
0
0
0
0
0
0
0
0
0
0
0
0
0
0
0
0
0
0
0
0
0
0
0
0
0
0
0
0
0
0
0
0
0
0
0
0
0
0
0
0
0
0
0
0
0
0
0
0
0
0
0
0
0
0
0
0
0
0
0
0
0
0
0
0
0
0
0
0
0
0
0
0
0
0
0
0
0
0
0
0
0
0
0
0
0
0
0
0
0
0
0
0
0
0
0
0
0
0
0
0
0
0
0
0
0
0
0
0
0
0
0
0
0
0
0
0
0
0
0
0
0
0
0
0
0
0
0
0
0
0
0
0
0
0
0
0
0
0
0
0
0
0
0
0
0
0
0
0
0
0
0
0
0
0
0
0
0
0
0
0
0
0
0
0
0
0
0
0
0
0
0
0
0
0
0
0
0
0
0
0
0
0
0
0
0
0
0
0
0
0
0
0
0
0
0
0
0
0
0
0
0
0
0
0
0
0
0
0
0
0
0
0
0
0
0
0
0
0
0
0
0
0
0
0
0
0
0
0
0
0
0
0
0
0
0
0
0
0
0
0
0
0
0
0
0
0
0
0
0
0
0
0
0
0
0
0
0
0
0
0
0
0
0
0
0
0
0
0
0
0
0
0
0
0
0
0
0
0
0
0
0
0
0
0
0
0
0
0
0
0
0
0
0
0
0
0
0
0
0
0
0
0
0
0
0
0
0
0
0
0
0
0
0
0
0
0
0
0
0
0
0
0
0
0
0
0
0
0
0
0
0
0
0
0
0
0
0
0
0
0
0
0
0
0
0
0
0
0
0
0
0
0
0
0
0
0
0
0
0
0
0
0
0
0
0
0
0
0
0
0
0
0
0
0
0
0
0
0
0
0
0
0
0
0
0
0
0
0
0
0
0
0
0
0
0
0
0
0
0
0
0
0
0
0
0
0
0
0
0
0
0
0
0
0
0
0
0
0
0
0
0
0
0
0
0
0
0
0
0
0
0
0
0
0
0
0
0
0
0
0
0
0
0
0
0
0
0
0
0
0
0
0
0
0
0
0
0
0
0
0
0
0
0
0
0
0
0
0
0
0
0
0
0
0
0
0
0
0
0
0
0
0
0
0
0
0
0
0
0
0
0
0
0
0
0
0
0
0
0
0
0
0
0
0
0
0
0
0
0
0
0
0
0
0
0
0
0
0
0
0
0
0
0
0
0
0
0
0
0
0
0
0
0
0
0
0
0
0
0
0
0
0
0
0
0
0
0
0
0
0
0
0
0
0
0
0
0
0
0
0
0
0
0
0
0
0
0
0
0
0
0
0
0
0
0
0
0
0
0
0
0
0
0
0
0
0
0
0
0
0
0
0
0
0
0
0
0
0
0
0
0
0
0
0
0
0
0
0
0
0
0
0
0
0
0
0
0
0
0
0
0
0
0
0
0
0
0
0
0
0
0
0
0
0
0
0
0
0
0
0
0
0
0
0
0
0
0
0
0
0
0
0
0
0
0
0
0
0
0
0
0
0
0
0
0
0
0
0
0
0
0
0
0
0
0
0
0
0
0
0
0
0
0
0
0
0
0
0
0
0
0
0
0
0
0
0
0
0
0
0
0
0
0
0
0
0
0
0
0
0
0
0
0
0
0
0
0
0
0
0
0
0
0
0
0
0
0
0
0
0
0
0
0
0
0
0
0
0
0
0
0
0
0
0
0
0
0
0
0
0
0
0
0
0
0
0
0
0
0
0
0
0
0
0
0
0
0
0
0
0
0
0
0
0
0
0
0
0
0
0
0
0
0
0
0
0
0
0
0
0
0
0
0
0
0
0
0
0
0
0
0
0
0
0
0
0
0
0
0
0
0
0
0
0
0
0
0
0
0
0
0
0
0
0
0
0
0
0
0
0
0
0
0
0
0
0
0
0
0
0
0
0
0
0
0
0
0
0
0
0
0
0
0
0
0
0
0
0
0
0
0
0
0
0
0
0
0
0
0
0
0
0
0
0
0
0
0
0
0
0
0
0
0
0
0
0
0
0
0
0
0
0
0
0
0
0
0
0
0
0
0
0
0
0
0
0
0
0
0
0
0
0
0
0
0
0
0
0
0
0
0
0
0
0
0
0
0
0
0
0
0
0
0
0
0
0
0
0
0
0
0
0
0
0
0
0
0
0
0
0
0
0
0
0
0
0
0
0
0
0
0
0
0
0
0
0
0
0
0
0
0
0
0
0
0
0
0
0
0
0
0
0
0
0
0
0
0
0
0
0
0
0
0
0
0
0
0
0
0
0
0
0
0
0
0
0
0
0
0
0
0
0
0
0
0
0
0
0
0
0
0
0
0
0
0
0
0
0
0
0
0
0
0
0
0
0
0
0
0
0
0
0
0
0
0
0
0
0
0
0
0
0
0
0
0
0
0
0
0
0
0
0
0
0
0
0
0
0
0
0
0
0
0
0
0
0
0
0
0
0
0
0
0
0
0
0
0
0
0
0
0
0
0
0
0
0
0
0
0
0
0
0
0
0
0
0
0
0
0
0
0
0
0
0
0
0
0
0
0
0
0
0
0
0
0
0
0
0
0
0
0
0
0
0
0
0
0
0
0
0
0
0
0
0
0
0
0
0
0
0
0
0
0
0
0
0
0
0
0
0
0
0
0
0
0
0
0
0
0
0
0
0
0
0
0
0
0
0
0
0
0
0
0
0
0
0
0
0
0
0
0
0
0
0
0
0
0
0
0
0
0
0
0
0
0
0
0
0
0
0
0
0
0
0
0
0
0
0
0
0
0
0
0
0
0
0
0
0
0
0
0
0
0
0
0
0
0
0
0
0
0
0
0
0
0
0
0
0
0
0
0
0
0
0
0
0
0
0
0
0
0
0
0
0
0
0
0
0
0
0
0
0
0
0
0
0
0
0
0
0
0
0
0
0
0
0
0
0
0
0
0
0
0
0
0
0
0
0
0
0
0
0
0
0
0
0
0
0
0
0
0
0
0
0
0
0
0
0
0
0
0
0
0
0
0
0
0
0
0
0
0
0
0
0
0
0
0
0
0
0
0
0
0
0
0
0
0
0
0
0
0
0
0
0
0
0
0
0
0
0
0
0
0
0
0
0
0
0
0
0
0
0
0
0
0
0
0
0
0
0
0
0
0
0
0
0
0
0
0
0
0
0
0
0
0
0
0
0
0
0
0
0
0
0
0
0
0
0
0
0
0
0
0
0
0
0
0
0
0
0
0
0
0
0
0
0
0
0
0
0
0
0
0
0
0
0
0
0
0
0
0
0
0
0
0
0
0
0
0
0
0
0
0
0
0
0
0
0
0
0
0
0
0
0
0
0
0
0
0
0
0
0
0
0
0
0
0
0
0
0
0
0
0
0
0
0
0
0
0
0
0
0
0
0
0
0
0
0
0
0
0
0
0
0
0
0
0
0
0
0
0
0
0
0
0
0
0
0
0
0
0
0
0
0
0
0
0
0
0
0
0
0
0
0
0
0
0
0
0
0
0
0
0
0
0
0
0
0
0
0
0
0
0
0
0
0
0
0
0
0
0
0
0
0
0
0
0
0
0
0
0
0
0
0
0
0
0
0
0
0
0
0
0
0
0
0
0
0
0
0
0
0
0
0
0
0
0
0
0
0
0
0
0
0
0
0
0
0
0
0
0
0
0
0
0
0
0
0
0
0
0
0
0
0
0
0
0
0
0
0
0
0
0
0
0
0
0
0
0
0
0
0
0
0
0
0
0
0
0
0
0
0
0
0
0
0
0
0
0
0
0
0
0
0
0
0
0
0
0
0
0
0
0
0
0
0
0
0
0
0
0
0
0
0
0
0
0
0
0
0
0
0
0
0
0
0
0
0
0
0
0
0
0
0
0
0
0
0
0
0
0
0
0
0
0
0
0
0
0
0
0
0
0
0
0
0
0
0
0
0
0
0
0
0
0
0
0
0
0
0
0
0
0
0
0
0
0
0
0
0
0
0
0
0
0
0
0
0
0
0
0
0
0
0
0
0
0
0
0
0
0
0
0
0
0
0
0
0
0
0
0
0
0
0
0
0
0
0
0
0
0
0
0
0
0
0
0
0
0
0
0
0
0
0
0
0
0
0
0
0
0
0
0
0
0
0
0
0
0
0
0
0
0
0
0
0
0
0
0
0
0
0
0
0
0
0
0
0
0
0
0
0
0
0
0
0
0
0
0
0
0
0
0
0
0
0
0
0
0
0
0
0
0
0
0
0
0
0
0
0
0
0
0
0
0
0
0
0
0
0
0
0
0
0
0
0
0
0
0
0
0
0
0
0
0
0
0
0
0
0
0
0
0
0
0
0
0
0
0
0
0
0
0
0
0
0
0
0
0
0
0
0
0
0
0
0
0
0
0
0
0
0
0
0
0
0
0
0
0
0
0
0
0
0
0
0
0
0
0
0
0
0
0
0
0
0
0
0
0
0
0
0
0
0
0
0
0
0
0
0
0
0
0
0
0
0
0
0
0
0
0
0
0
0
0
0
0
0
0
0
0
0
0
0
0
0
0
0
0
0
0
0
0
0
0
0
0
0
0
0
0
0
0
0
0
0
0
0
0
0
0
0
0
0
0
0
0
0
0
0
0
0
0
0
0
0
0
0
0
0
0
0
0
0
0
0
0
0
0
0
0
0
0
0
0
0
0
0
0
0
0
0
0
0
0
0
0
0
0
0
0
0
0
0
0
0
0
0
0
0
0
0
0
0
0
0
0
0
0
0
0
0
0
0
0
0
0
0
0
0
0
0
0
0
0
0
0
0
0
0
0
0
0
0
0
0
0
0
0
0
0
0
0
0
0
0
0
0
0
0
0
0
0
0
0
0
0
0
0
0
0
0
0
0
0
0
0
0
0
0
0
0
0
0
0
0
0
0
0
0
0
0
0
0
0
0
0
0
0
0
0
0
0
0
0
0
0
0
0
0
0
0
0
0
0
0
0
0
0
0
0
0
0
0
0
0
0
0
0
0
0
0
0
0
0
0
0
0
0
0
0
0
0
0
0
0
0
0
0
0
0
0
0
0
0
0
0
0
0
0
0
0
0
0
0
0
0
0
0
0
0
0
0
0
0
0
0
0
0
0
0
0
0
0
0
0
0
0
0
0
0
0
0
0
0
0
0
0
0
0
0
0
0
0
0
0
0
0
0
0
0
0
0
0
0
0
0
0
0
0
0
0
0
0
0
0
0
0
0
0
0
0
0
0
0
0
0
0
0
0
0
0
0
0
0
0
0
0
0
0
0
0
0
0
0
0
0
0
0
0
0
0
0
0
0
0
0
0
0
0
0
0
0
0
0
0
0
0
0
0
0
0
0
0
0
0
0
0
0
0
0
0
0
0
0
0
0
0
0
0
0
0
0
0
0
0
0
0
0
0
0
0
0
0
0
0
0
0
0
0
0
0
0
0
0
0
0
0
0
0
0
0
0
0
0
0
0
0
0
0
0
0
0
0
0
0
0
0
0
0
0
0
0
0
0
0
0
0
0
0
0
0
0
0
0
0
0
0
0
0
0
0
0
0
0
0
0
0
0
0
0
0
0
0
0
0
0
0
0
0
0
0
0
0
0
0
0
0
0
0
0
0
0
0
0
0
0
0
0
0
0
0
0
0
0
0
0
0
0
0
0
0
0
0
0
0
0
0
0
0
0
0
0
0
0
0
0
0
0
0
0
0
0
0
0
0
0
0
0
0
0
0
0
0
0
0
0
0
0
0
0
0
0
0
0
0
0
0
0
0
0
0
0
0
0
0
0
0
0
0
0
0
0
0
0
0
0
0
0
0
0
0
0
0
0
0
0
0
0
0
0
0
0
0
0
0
0
0
0
0
0
0
0
0
0
0
0
0
0
0
0
0
0
0
0
0
0
0
0
0
0
0
0
0
0
0
0
0
0
0
0
0
0
0
0
0
0
0
0
0
0
0
0
0
0
0
0
0
0
0
0
0
0
0
0
0
0
0
0
0
0
0
0
0
0
0
0
0
0
0
0
0
0
0
0
0
0
0
0
0
0
0
0
0
0
0
0
0
0
0
0
0
0
0
0
0
0
0
0
0
0
0
0
0
0
0
0
0
0
0
0
0
0
0
0
0
0
0
0
0
0
0
0
0
0
0
0
0
0
0
0
0
0
0
0
0
0
0
0
0
0
0
0
0
0
0
0
0
0
0
0
0
0
0
0
0
0
0
0
0
0
0
0
0
0
0
0
0
0
0
0
0
0
0
0
0
0
0
0
0
0
0
0
0
0
0
0
0
0
0
0
0
0
0
0
0
0
0
0
0
0
0
0
0
0
0
0
0
0
0
0
0
0
0
0
0
0
0
0
0
0
0
0
0
0
0
0
0
0
0
0
0
0
0
0
0
0
0
0
0
0
0
0
0
0
0
0
0
0
0
0
0
0
0
0
0
0
0
0
0
0
0
0
0
0
0
0
0
0
0
0
0
0
0
0
0
0
0
0
0
0
0
0
0
0
0
0
0
0
0
0
0
0
0
0
0
0
0
0
0
0
0
0
0
0
0
0
0
0
0
0
0
0
0
0
0
0
0
0
0
0
0
0
0
0
0
0
0
0
0
0
0
0
0
0
0
0
0
0
0
0
0
0
0
0
0
0
0
0
0
0
0
0
0
0
0
0
0
0
0
0
0
0
0
0
0
0
0
0
0
0
0
0
0
0
0
0
0
0
0
0
0
0
0
0
0
0
0
0
0
0
0
0
0
0
0
0
0
0
0
0
0
0
0
0
0
0
0
0
0
0
0
0
0
0
0
0
0
0
0
0
0
0
0
0
0
0
0
0
0
0
0
0
0
0
0
0
0
0
0
0
0
0
0
0
0
0
0
0
0
0
0
0
0
0
0
0
0
0
0
0
0
0
0
0
0
0
0
0
0
0
0
0
0
0
0
0
0
0
0
0
0
0
0
0
0
0
0
0
0
0
0
0
0
0
0
0
0
0
0
0
0
0
0
0
0
0
0
0
0
0
0
0
0
0
0
0
0
0
0
0
0
0
0
0
0
0
0
0
0
0
0
0
0
0
0
0
0
0
0
0
0
0
0
0
0
0
0
0
0
0
0
0
0
0
0
0
0
0
0
0
0
0
0
0
0
0
0
0
0
0
0
0
0
0
0
0
0
0
0
0
0
0
0
0
0
0
0
0
0
0
0
0
0
0
0
0
0
0
0
0
0
0
0
0
0
0
0
0
0
0
0
0
0
0
0
0
0
0
0
0
0
0
0
0
0
0
0
0
0
0
0
0
0
0
0
0
0
0
0
0
0
0
0
0
0
0
0
0
0
0
0
0
0
0
0
0
0
0
0
0
0
0
0
0
0
0
0
0
0
0
0
0
0
0
0
0
0
0
0
0
0
0
0
0
0
0
0
0
0
0
0
0
0
0
0
0
0
0
0
0
0
0
0
0
0
0
0
0
0
0
0
0
0
0
0
0
0
0
0
0
0
0
0
0
0
0
0
0
0
0
0
0
0
0
0
0
0
0
0
0
0
0
0
0
0
0
0
0
0
0
0
0
0
0
0
0
0
0
0
0
0
0
0
0
0
0
0
0
0
0
0
0
0
0
0
0
0
0
0
0
0
0
0
0
0
0
0
0
0
0
0
0
0
0
0
0
0
0
0
0
0
0
0
0
0
0
0
0
0
0
0
0
0
0
0
0
0
0
0
0
0
0
0
0
0
0
0
0
0
0
0
0
0
0
0
0
0
0
0
0
0
0
0
0
0
0
0
0
0
0
0
0
0
0
0
0
0
0
0
0
0
0
0
0
0
0
0
0
0
0
0
0
0
0
0
0
0
0
0
0
0
0
0
0
0
0
0
0
0
0
0
0
0
0
0
0
0
0
0
0
0
0
0
0
0
0
0
0
0
0
0
0
0
0
0
0
0
0
0
0
0
0
0
0
0
0
0
0
0
0
0
0
0
0
0
0
0
0
0
0
0
0
0
0
0
0
0
0
0
0
0
0
0
0
0
0
0
0
0
0
0
0
0
0
0
0
0
0
0
0
0
0
0
0
0
0
0
0
0
0
0
0
0
0
0
0
0
0
0
0
0
0
0
0
0
0
0
0
0
0
0
0
0
0
0
0
0
0
0
0
0
0
0
0
0
0
0
0
0
0
0
0
0
0
0
0
0
0
0
0
0
0
0
0
0
0
0
0
0
0
0
0
0
0
0
0
0
0
0
0
0
0
0
0
0
0
0
0
0
0
0
0
0
0
0
0
0
0
0
0
0
0
0
0
0
0
0
0
0
0
0
0
0
0
0
0
0
0
0
0
0
0
0
0
0
0
0
0
0
0
0
0
0
0
0
0
0
0
0
0
0
0
0
0
0
0
0
0
0
0
0
0
0
0
0
0
0
0
0
0
0
0
0
0
0
0
0
0
0
0
0
0
0
0
0
0
0
0
0
0
0
0
0
0
0
0
0
0
0
0
0
0
0
0
0
0
0
0
0
0
0
0
0
0
0
0
0
0
0
0
0
0
0
0
0
0
0
0
0
0
0
0
0
0
0
0
0
0
0
0
0
0
0
0
0
0
0
0
0
0
0
0
0
0
0
0
0
0
0
0
0
0
0
0
0
0
0
0
0
0
0
0
0
0
0
0
0
0
0
0
0
0
0
0
0
0
0
0
0
0
0
0
0
0
0
0
0
0
0
0
0
0
0
0
0
0
0
0
0
0
0
0
0
0
0
0
0
0
0
0
0
0
0
0
0
0
0
0
0
0
0
0
0
0
0
0
0
0
0
0
0
0
0
0
0
0
0
0
0
0
0
0
0
0
0
0
0
0
0
0
0
0
0
0
0
0
0
0
0
0
0
0
0
0
0
0
0
0
0
0
0
0
0
0
0
0
0
0
0
0
0
0
0
0
0
0
0
0
0
0
0
0
0
0
0
0
0
0
0
0
0
0
0
0
0
0
0
0
0
0
0
0
0
0
0
0
0
0
0
0
0
0
0
0
0
0
0
0
0
0
0
0
0
0
0
0
0
0
0
0
0
0
0
0
0
0
0
0
0
0
0
0
0
0
0
0
0
0
0
0
0
0
0
0
0
0
0
0
0
0
0
0
0
0
0
0
0
0
0
0
0
0
0
0
0
0
0
0
0
0
0
0
0
0
0
0
0
0
0
0
0
0
0
0
0
0
0
0
0
0
0
0
0
0
0
0
0
0
0
0
0
0
0
0
0
0
0
0
0
0
0
0
0
0
0
0
0
0
0
0
0
0
0
0
0
0
0
0
0
0
0
0
0
0
0
0
0
0
0
0
0
0
0
0
0
0
0
0
0
0
0
0
0
0
0
0
0
0
0
0
0
0
0
0
0
0
0
0
0
0
0
0
0
0
0
0
0
0
0
0
0
0
0
0
0
0
0
0
0
0
0
0
0
0
0
0
0
0
0
0
0
0
0
0
0
0
0
0
0
0
0
0
0
0
0
0
0
0
0
0
0
0
0
0
0
0
0
0
0
0
0
0
0
0
0
0
0
0
0
0
0
0
0
0
0
0
0
0
0
0
0
0
0
0
0
0
0
0
0
0
0
0
0
0
0
0
0
0
0
0
0
0
0
0
0
0
0
0
0
0
0
0
0
0
0
0
0
0
0
0
0
0
0
0
0
0
0
0
0
0
0
0
0
0
0
0
0
0
0
0
0
0
0
0
0
0
0
0
0
0
0
0
0
0
0
0
0
0
0
0
0
0
0
0
0
0
0
0
0
0
0
0
0
0
0
0
0
0
0
0
0
0
0
0
0
0
0
0
0
0
0
0
0
0
0
0
0
0
0
0
0
0
0
0
0
0
0
0
0
0
0
0
0
0
0
0
0
0
0
0
0
0
0
0
0
0
0
0
0
0
0
0
0
0
0
0
0
0
0
0
0
0
0
0
0
0
0
0
0
0
0
0
0
0
0
0
0
0
0
0
0
0
0
0
0
0
0
0
0
0
0
0
0
0
0
0
0
0
0
0
0
0
0
0
0
0
0
0
0
0
0
0
0
0
0
0
0
0
0
0
0
0
0
0
0
0
0
0
0
0
0
0
0
0
0
0
0
0
0
0
0
0
0
0
0
0
0
0
0
0
0
0
0
0
0
0
0
0
0
0
0
0
0
0
0
0
0
0
0
0
0
0
0
0
0
0
0
0
0
0
0
0
0
0
0
0
0
0
0
0
0
0
0
0
0
0
0
0
0
0
0
0
0
0
0
0
0
0
0
0
0
0
0
0
0
0
0
0
0
0
0
0
0
0
0
0
0
0
0
0
0
0
0
0
0
0
0
0
0
0
0
0
0
0
0
0
0
0
0
0
0
0
0
0
0
0
0
0
0
0
0
0
0
0
0
0
0
0
0
0
0
0
0
0
0
0
0
0
0
0
0
0
0
0
0
0
0
0
0
0
0
0
0
0
0
0
0
0
0
0
0
0
0
0
0
0
0
0
0
0
0
0
0
0
0
0
0
0
0
0
0
0
0
0
0
0
0
0
0
0
0
0
0
0
0
0
0
0
0
0
0
0
0
0
0
0
0
0
0
0
0
0
0
0
0
0
0
0
0
0
0
0
0
0
0
0
0
0
0
0
0
0
0
0
0
0
0
0
0
0
0
0
0
0
0
0
0
0
0
0
0
0
0
0
0
0
0
0
0
0
0
0
0
0
0
0
0
0
0
0
0
0
0
0
0
0
0
0
0
0
0
0
0
0
0
0
0
0
0
0
0
0
0
0
0
0
0
0
0
0
0
0
0
0
0
0
0
0
0
0
0
0
0
0
0
0
0
0
0
0
0
0
0
0
0
0
0
0
0
0
0
0
0
0
0
0
0
0
0
0
0
0
0
0
0
0
0
0
0
0
0
0
0
0
0
0
0
0
0
0
0
0
0
0
0
0
0
0
0
0
0
0
0
0
0
0
0
0
0
0
0
0
0
0
0
0
0
0
0
0
0
0
0
0
0
0
0
0
0
0
0
0
0
0
0
0
0
0
0
0
0
0
0
0
0
0
0
0
0
0
0
0
0
0
0
0
0
0
0
0
0
0
0
0
0
0
0
0
0
0
0
0
0
0
0
0
0
0
0
0
0
0
0
0
0
0
0
0
0
0
0
0
0
0
0
0
0
0
0
0
0
0
0
0
0
0
0
0
0
0
0
0
0
0
0
0
0
0
0
0
0
0
0
0
0
0
0
0
0
0
0
0
0
0
0
0
0
0
0
0
0
0
0
0
0
0
0
0
0
0
0
0
0
0
0
0
0
0
0
0
0
0
0
0
0
0
0
0
0
0
0
0
0
0
0
0
0
0
0
0
0
0
0
0
0
0
0
0
0
0
0
0
0
0
0
0
0
0
0
0
0
0
0
0
0
0
0
0
0
0
0
0
0
0
0
0
0
0
0
0
0
0
0
0
0
0
0
0
0
0
0
0
0
0
0
0
0
0
0
0
0
0
0
0
0
0
0
0
0
0
0
0
0
0
0
0
0
0
0
0
0
0
0
0
0
0
0
0
0
0
0
0
0
0
0
0
0
0
0
0
0
0
0
0
0
0
0
0
0
0
0
0
0
0
0
0
0
0
0
0
0
0
0
0
0
0
0
0
0
0
0
0
0
0
0
0
0
0
0
0
0
0
0
0
0
0
0
0
0
0
0
0
0
0
0
0
0
0
0
0
0
0
0
0
0
0
0
0
0
0
0
0
0
0
0
0
0
0
0
0
0
0
0
0
0
0
0
0
0
0
0
0
0
0
0
0
0
0
0
0
0
0
0
0
0
0
0
0
0
0
0
0
0
0
0
0
0
0
0
0
0
0
0
0
0
0
0
0
0
0
0
0
0
0
0
0
0
0
0
0
0
0
0
0
0
0
0
0
0
0
0
0
0
0
0
0
0
0
0
0
0
0
0
0
0
0
0
0
0
0
0
0
0
0
0
0
0
0
0
0
0
0
0
0
0
0
0
0
0
0
0
0
0
0
0
0
0
0
0
0
0
0
0
0
0
0
0
0
0
0
0
0
0
0
0
0
0
0
0
0
0
0
0
0
0
0
0
0
0
0
0
0
0
0
0
0
0
0
0
0
0
0
0
0
0
0
0
0
0
0
0
0
0
0
0
0
0
0
0
0
0
0
0
0
0
0
0
0
0
0
0
0
0
0
0
0
0
0
0
0
0
0
0
0
0
0
0
0
0
0
0
0
0
0
0
0
0
0
0
0
0
0
0
0
0
0
0
0
0
0
0
0
0
0
0
0
0
0
0
0
0
0
0
0
0
0
0
0
0
0
0
0
0
0
0
0
0
0
0
0
0
0
0
0
0
0
0
0
0
0
0
0
0
0
0
0
0
0
0
0
0
0
0
0
0
0
0
0
0
0
0
0
0
0
0
0
0
0
0
0
0
0
0
0
0
0
0
0
0
0
0
0
0
0
0
0
0
0
0
0
0
0
0
0
0
0
0
0
0
0
0
0
0
0
0
0
0
0
0
0
0
0
0
0
0
0
0
0
0
0
0
0
0
0
0
0
0
0
0
0
0
0
0
0
0
0
0
0
0
0
0
0
0
0
0
0
0
0
0
0
0
0
0
0
0
0
0
0
0
0
0
0
0
0
0
0
0
0
0
0
0
0
0
0
0
0
0
0
0
0
0
0
0
0
0
0
0
0
0
0
0
0
0
0
0
0
0
0
0
0
0
0
0
0
0
0
0
0
0
0
0
0
0
0
0
0
0
0
0
0
0
0
0
0
0
0
0
0
0
0
0
0
0
0
0
0
0
0
0
0
0
0
0
0
0
0
0
0
0
0
0
0
0
0
0
0
0
0
0
0
0
0
0
0
0
0
0
0
0
0
0
0
0
0
0
0
0
0
0
0
0
0
0
0
0
0
0
0
0
0
0
0
0
0
0
0
0
0
0
0
0
0
0
0
0
0
0
0
0
0
0
0
0
0
0
0
0
0
0
0
0
0
0
0
0
0
0
0
0
0
0
0
0
0
0
0
0
0
0
0
0
0
0
0
0
0
0
0
0
0
0
0
0
0
0
0
0
0
0
0
0
0
0
0
0
0
0
0
0
0
0
0
0
0
0
0
0
0
0
0
0
0
0
0
0
0
0
0
0
0
0
0
0
0
0
0
0
0
0
0
0
0
0
0
0
0
0
0
0
0
0
0
0
0
0
0
0
0
0
0
0
0
0
0
0
0
0
0
0
0
0
0
0
0
0
0
0
0
0
0
0
0
0
0
0
0
0
0
0
0
0
0
0
0
0
0
0
0
0
0
0
0
0
0
0
0
0
0
0
0
0
0
0
0
0
0
0
0
0
0
0
0
0
0
0
0
0
0
0
0
0
0
0
0
0
0
0
0
0
0
0
0
0
0
0
0
0
0
0
0
0
0
0
0
0
0
0
0
0
0
0
0
0
0
0
0
0
0
0
0
0
0
0
0
0
0
0
0
0
0
0
0
0
0
0
0
0
0
0
0
0
0
0
0
0
0
0
0
0
0
0
0
0
0
0
0
0
0
0
0
0
0
0
0
0
0
0
0
0
0
0
0
0
0
0
0
0
0
0
0
0
0
0
0
0
0
0
0
0
0
0
0
0
0
0
0
0
0
0
0
0
0
0
0
0
0
0
0
0
0
0
0
0
0
0
0
0
0
0
0
0
0
0
0
0
0
0
0
0
0
0
0
0
0
0
0
0
0
0
0
0
0
0
0
0
0
0
0
0
0
0
0
0
0
0
0
0
0
0
0
0
0
0
0
0
0
0
0
0
0
0
0
0
0
0
0
0
0
0
0
0
0
0
0
0
0
0
0
0
0
0
0
0
0
0
0
0
0
0
0
0
0
0
0
0
0
0
0
0
0
0
0
0
0
0
0
0
0
0
0
0
0
0
0
0
0
0
0
0
0
0
0
0
0
0
0
0
0
0
0
0
0
0
0
0
0
0
0
0
0
0
0
0
0
0
0
0
0
0
0
0
0
0
0
0
0
0
0
0
0
0
0
0
0
0
0
0
0
0
0
0
0
0
0
0
0
0
0
0
0
0
0
0
0
0
0
0
0
0
0
0
0
0
0
0
0
0
0
0
0
0
0
0
0
0
0
0
0
0
0
0
0
0
0
0
0
0
0
0
0
0
0
0
0
0
0
0
0
0
0
0
0
0
0
0
0
0
0
0
0
0
0
0
0
0
0
0
0
0
0
0
0
0
0
0
0
0
0
0
0
0
0
0
0
0
0
0
0
0
0
0
0
0
0
0
0
0
0
0
0
0
0
0
0
0
0
0
0
0
0
0
0
0
0
0
0
0
0
0
0
0
0
0
0
0
0
0
0
0
0
0
0
0
0
0
0
0
0
0
0
0
0
0
0
0
0
0
0
0
0
0
0
0
0
0
0
0
0
0
0
0
0
0
0
0
0
0
0
0
0
0
0
0
0
0
0
0
0
0
0
0
0
0
0
0
0
0
0
0
0
0
0
0
0
0
0
0
0
0
0
0
0
0
0
0
0
0
0
0
0
0
0
0
0
0
0
0
0
0
0
0
0
0
0
0
0
0
0
0
0
0
0
0
0
0
0
0
0
0
0
0
0
0
0
0
0
0
0
0
0
0
0
0
0
0
0
0
0
0
0
0
0
0
0
0
0
0
0
0
0
0
0
0
0
0
0
0
0
0
0
0
0
0
0
0
0
0
0
0
0
0
0
0
0
0
0
0
0
0
0
0
0
0
0
0
0
0
0
0
0
0
0
0
0
0
0
0
0
0
0
0
0
0
0
0
0
0
0
0
0
0
0
0
0
0
0
0
0
0
0
0
0
0
0
0
0
0
0
0
0
0
0
0
0
0
0
0
0
0
0
0
0
0
0
0
0
0
0
0
0
0
0
0
0
0
0
0
0
0
0
0
0
0
0
0
0
0
0
0
0
0
0
0
0
0
0
0
0
0
0
0
0
0
0
0
0
0
0
0
0
0
0
0
0
0
0
0
0
0
0
0
0
0
0
0
0
0
0
0
0
0
0
0
0
0
0
0
0
0
0
0
0
0
0
0
0
0
0
0
0
0
0
0
0
0
0
0
0
0
0
0
0
0
0
0
0
0
0
0
0
0
0
0
0
0
0
0
0
0
0
0
0
0
0
0
0
0
0
0
0
0
0
0
0
0
0
0
0
0
0
0
0
0
0
0
0
0
0
0
0
0
0
0
0
0
0
0
0
0
0
0
0
0
0
0
0
0
0
0
0
0
0
0
0
0
0
0
0
0
0
0
0
0
0
0
0
0
0
0
0
0
0
0
0
0
0
0
0
0
0
0
0
0
0
0
0
0
0
0
0
0
0
0
0
0
0
0
0
0
0
0
0
0
0
0
0
0
0
0
0
0
0
0
0
0
0
0
0
0
0
0
0
0
0
0
0
0
0
0
0
0
0
0
0
0
0
0
0
0
0
0
0
0
0
0
0
0
0
0
0
0
0
0
0
0
0
0
0
0
0
0
0
0
0
0
0
0
0
0
0
0
0
0
0
0
0
0
0
0
0
0
0
0
0
0
0
0
0
0
0
0
0
0
0
0
0
0
0
0
0
0
0
0
0
0
0
0
0
0
0
0
0
0
0
0
0
0
0
0
0
0
0
0
0
0
0
0
0
0
0
0
0
0
0
0
0
0
0
0
0
0
0
0
0
0
0
0
0
0
0
0
0
0
0
0
0
0
0
0
0
0
0
0
0
0
0
0
0
0
0
0
0
0
0
0
0
0
0
0
0
0
0
0
0
0
0
0
0
0
0
0
0
0
0
0
0
0
0
0
0
0
0
0
0
0
0
0
0
0
0
0
0
0
0
0
0
0
0
0
0
0
0
0
0
0
0
0
0
0
0
0
0
0
0
0
0
0
0
0
0
0
0
0
0
0
0
0
0
0
0
0
0
0
0
0
0
0
0
0
0
0
0
0
0
0
0
0
0
0
0
0
0
0
0
0
0
0
0
0
0
0
0
0
0
0
0
0
0
0
0
0
0
0
0
0
0
0
0
0
0
0
0
0
0
0
0
0
0
0
0
0
0
0
0
0
0
0
0
0
0
0
0
0
0
0
0
0
0
0
0
0
0
0
0
0
0
0
0
0
0
0
0
0
0
0
0
0
0
0
0
0
0
0
0
0
0
0
0
0
0
0
0
0
0
0
0
0
0
0
0
0
0
0
0
0
0
0
0
0
0
0
0
0
0
0
0
0
0
0
0
0
0
0
0
0
0
0
0
0
0
0
0
0
0
0
0
0
0
0
0
0
0
0
0
0
0
0
0
0
0
0
0
0
0
0
0
0
0
0
0
0
0
0
0
0
0
0
0
0
0
0
0
0
0
0
0
0
0
0
0
0
0
0
0
0
0
0
0
0
0
0
0
0
0
0
0
0
0
0
0
0
0
0
0
0
0
0
0
0
0
0
0
0
0
0
0
0
0
0
0
0
0
0
0
0
0
0
0
0
0
0
0
0
0
0
0
0
0
0
0
0
0
0
0
0
0
0
0
0
0
0
0
0
0
0
0
0
0
0
0
0
0
0
0
0
0
0
0
0
0
0
0
0
0
0
0
0
0
0
0
0
0
0
0
0
0
0
0
0
0
0
0
0
0
0
0
0
0
0
0
0
0
0
0
0
0
0
0
0
0
0
0
0
0
0
0
0
0
0
0
0
0
0
0
0
0
0
0
0
0
0
0
0
0
0
0
0
0
0
0
0
0
0
0
0
0
0
0
0
0
0
0
0
0
0
0
0
0
0
0
0
0
0
0
0
0
0
0
0
0
0
0
0
0
0
0
0
0
0
0
0
0
0
0
0
0
0
0
0
0
0
0
0
0
0
0
0
0
0
0
0
0
0
0
0
0
0
0
0
0
0
0
0
0
0
0
0
0
0
0
0
0
0
0
0
0
0
0
0
0
0
0
0
0
0
0
0
0
0
0
0
0
0
0
0
0
0
0
0
0
0
0
0
0
0
0
0
0
0
0
0
0
0
0
0
0
0
0
0
0
0
0
0
0
0
0
0
0
0
0
0
0
0
0
0
0
0
0
0
0
0
0
0
0
0
0
0
0
0
0
0
0
0
0
0
0
0
0
0
0
0
0
0
0
0
0
0
0
0
0
0
0
0
0
0
0
0
0
0
0
0
0
0
0
0
0
0
0
0
0
0
0
0
0
0
0
0
0
0
0
0
0
0
0
0
0
0
0
0
0
0
0
0
0
0
0
0
0
0
0
0
0
0
0
0
0
0
0
0
0
0
0
0
0
0
0
0
0
0
0
0
0
0
0
0
0
0
0
0
0
0
0
0
0
0
0
0
0
0
0
0
0
0
0
0
0
0
0
0
0
0
0
0
0
0
0
0
0
0
0
0
0
0
0
0
0
0
0
0
0
0
0
0
0
0
0
0
0
0
0
0
0
0
0
0
0
0
0
0
0
0
0
0
0
0
0
0
0
0
0
0
0
0
0
0
0
0
0
0
0
0
0
0
0
0
0
0
0
0
0
0
0
0
0
0
0
0
0
0
0
0
0
0
0
0
0
0
0
0
0
0
0
0
0
0
0
0
0
0
0
0
0
0
0
0
0
0
0
0
0
0
0
0
0
0
0
0
0
0
0
0
0
0
0
0
0
0
0
0
0
0
0
0
0
0
0
0
0
0
0
0
0
0
0
0
0
0
0
0
0
0
0
0
0
0
0
0
0
0
0
0
0
0
0
0
0
0
0
0
0
0
0
0
0
0
0
0
0
0
0
0
0
0
0
0
0
0
0
0
0
0
0
0
0
0
0
0
0
0
0
0
0
0
0
0
0
0
0
0
0
0
0
0
0
0
0
0
0
0
0
0
0
0
0
0
0
0
0
0
0
0
0
0
0
0
0
0
0
0
0
0
0
0
0
0
0
0
0
0
0
0
0
0
0
0
0
0
0
0
0
0
0
0
0
0
0
0
0
0
0
0
0
0
0
0
0
0
0
0
0
0
0
0
0
0
0
0
0
0
0
0
0
0
0
0
0
0
0
0
0
0
0
0
0
0
0
0
0
0
0
0
0
0
0
0
0
0
0
0
0
0
0
0
0
0
0
0
0
0
0
0
0
0
0
0
0
0
0
0
0
0
0
0
0
0
0
0
0
0
0
0
0
0
0
0
0
0
0
0
0
0
0
0
0
0
0
0
0
0
0
0
0
0
0
0
0
0
0
0
0
0
0
0
0
0
0
0
0
0
0
0
0
0
0
0
0
0
0
0
0
0
0
0
0
0
0
0
0
0
0
0
0
0
0
0
0
0
0
0
0
0
0
0
0
0
0
0
0
0
0
0
0
0
0
0
0
0
0
0
0
0
0
0
0
0
0
0
0
0
0
0
0
0
0
0
0
0
0
0
0
0
0
0
0
0
0
0
0
0
0
0
0
0
0
0
0
0
0
0
0
0
0
0
0
0
0
0
0
0
0
0
0
0
0
0
0
0
0
0
0
0
0
0
0
0
0
0
0
0
0
0
0
0
0
0
0
0
0
0
0
0
0
0
0
0
0
0
0
0
0
0
0
0
0
0
0
0
0
0
0
0
0
0
0
0
0
0
0
0
0
0
0
0
0
0
0
0
0
0
0
0
0
0
0
0
0
0
0
0
0
0
0
0
0
0
0
0
0
0
0
0
0
0
0
0
0
0
0
0
0
0
0
0
0
0
0
0
0
0
0
0
0
0
0
0
0
0
0
0
0
0
0
0
0
0
0
0
0
0
0
0
0
0
0
0
0
0
0
0
0
0
0
0
0
0
0
0
0
0
0
0
0
0
0
0
0
0
0
0
0
0
0
0
0
0
0
0
0
0
0
0
0
0
0
0
0
0
0
0
0
0
0
0
0
0
0
0
0
0
0
0
0
0
0
0
0
0
0
0
0
0
0
0
0
0
0
0
0
0
0
0
0
0
0
0
0
0
0
0
0
0
0
0
0
0
0
0
0
0
0
0
0
0
0
0
0
0
0
0
0
0
0
0
0
0
0
0
0
0
0
0
0
0
0
0
0
0
0
0
0
0
0
0
0
0
0
0
0
0
0
0
0
0
0
0
0
0
0
0
0
0
0
0
0
0
0
0
0
0
0
0
0
0
0
0
0
0
0
0
0
0
0
0
0
0
0
0
0
0
0
0
0
0
0
0
0
0
0
0
0
0
0
0
0
0
0
0
0
0
0
0
0
0
0
0
0
0
0
0
0
0
0
0
0
0
0
0
0
0
0
0
0
0
0
0
0
0
0
0
0
0
0
0
0
0
0
0
0
0
0
0
0
0
0
0
0
0
0
0
0
0
0
0
0
0
0
0
0
0
0
0
0
0
0
0
0
0
0
0
0
0
0
0
0
0
0
0
0
0
0
0
0
0
0
0
0
0
0
0
0
0
0
0
0
0
0
0
0
0
0
0
0
0
0
0
0
0
0
0
0
0
0
0
0
0
0
0
0
0
0
0
0
0
0
0
0
0
0
0
0
0
0
0
0
0
0
0
0
0
0
0
0
0
0
0
0
0
0
0
0
0
0
0
0
0
0
0
0
0
0
0
0
0
0
0
0
0
0
0
0
0
0
0
0
0
0
0
0
0
0
0
0
0
0
0
0
0
0
0
0
0
0
0
0
0
0
0
0
0
0
0
0
0
0
0
0
0
0
0
0
0
0
0
0
0
0
0
0
0
0
0
0
0
0
0
0
0
0
0
0
0
0
0
0
0
0
0
0
0
0
0
0
0
0
0
0
0
0
0
0
0
0
0
0
0
0
0
0
0
0
0
0
0
0
0
0
0
0
0
0
0
0
0
0
0
0
0
0
0
0
0
0
0
0
0
0
0
0
0
0
0
0
0
0
0
0
0
0
0
0
0
0
0
0
0
0
0
0
0
0
0
0
0
0
0
0
0
0
0
0
0
0
0
0
0
0
0
0
0
0
0
0
0
0
0
0
0
0
0
0
0
0
0
0
0
0
0
0
0
0
0
0
0
0
0
0
0
0
0
0
0
0
0
0
0
0
0
0
0
0
0
0
0
0
0
0
0
0
0
0
0
0
0
0
0
0
0
0
0
0
0
0
0
0
0
0
0
0
0
0
0
0
0
0
0
0
0
0
0
0
0
0
0
0
0
0
0
0
0
0
0
0
0
0
0
0
0
0
0
0
0
0
0
0
0
0
0
0
0
0
0
0
0
0
0
0
0
0
0
0
0
0
0
0
0
0
0
0
0
0
0
0
0
0
0
0
0
0
0
0
0
0
0
0
0
0
0
0
0
0
0
0
0
0
0
0
0
0
0
0
0
0
0
0
0
0
0
0
0
0
0
0
0
0
0
0
0
0
0
0
0
0
0
0
0
0
0
0
0
0
0
0
0
0
0
0
0
0
0
0
0
0
0
0
0
0
0
0
0
0
0
0
0
0
0
0
0
0
0
0
0
0
0
0
0
0
0
0
0
0
0
0
0
0
0
0
0
0
0
0
0
0
0
0
0
0
0
0
0
0
0
0
0
0
0
0
0
0
0
0
0
0
0
0
0
0
0
0
0
0
0
0
0
0
0
0
0
0
0
0
0
0
0
0
0
0
0
0
0
0
0
0
0
0
0
0
0
0
0
0
0
0
0
0
0
0
0
0
0
0
0
0
0
0
0
0
0
0
0
0
0
0
0
0
0
0
0
0
0
0
0
0
0
0
0
0
0
0
0
0
0
0
0
0
0
0
0
0
0
0
0
0
0
0
0
0
0
0
0
0
0
0
0
0
0
0
0
0
0
0
0
0
0
0
0
0
0
0
0
0
0
0
0
0
0
0
0
0
0
0
0
0
0
0
0
0
0
0
0
0
0
0
0
0
0
0
0
0
0
0
0
0
0
0
0
0
0
0
0
0
0
0
0
0
0
0
0
0
0
0
0
0
0
0
0
0
0
0
0
0
0
0
0
0
0
0
0
0
0
0
0
0
0
0
0
0
0
0
0
0
0
0
0
0
0
0
0
0
0
0
0
0
0
0
0
0
0
0
0
0
0
0
0
0
0
0
0
0
0
0
0
0
0
0
0
0
0
0
0
0
0
0
0
0
0
0
0
0
0
0
0
0
0
0
0
0
0
0
0
0
0
0
0
0
0
0
0
0
0
0
0
0
0
0
0
0
0
0
0
0
0
0
0
0
0
0
0
0
0
0
0
0
0
0
0
0
0
0
0
0
0
0
0
0
0
0
0
0
0
0
0
0
0
0
0
0
0
0
0
0
0
0
0
0
0
0
0
0
0
0
0
0
0
0
0
0
0
0
0
0
0
0
0
0
0
0
0
0
0
0
0
0
0
0
0
0
0
0
0
0
0
0
0
0
0
0
0
0
0
0
0
0
0
0
0
0
0
0
0
0
0
0
0
0
0
0
0
0
0
0
0
0
0
0
0
0
0
0
0
0
0
0
0
0
0
0
0
0
0
0
0
0
0
0
0
0
0
0
0
0
0
0
0
0
0
0
0
0
0
0
0
0
0
0
0
0
0
0
0
0
0
0
0
0
0
0
0
0
0
0
0
0
0
0
0
0
0
0
0
0
0
0
0
0
0
0
0
0
0
0
0
0
0
0
0
0
0
0
0
0
0
0
0
0
0
0
0
0
0
0
0
0
0
0
0
0
0
0
0
0
0
0
0
0
0
0
0
0
0
0
0
0
0
0
0
0
0
0
0
0
0
0
0
0
0
0
0
0
0
0
0
0
0
0
0
0
0
0
0
0
0
0
0
0
0
0
0
0
0
0
0
0
0
0
0
0
0
0
0
0
0
0
0
0
0
0
0
0
0
0
0
0
0
0
0
0
0
0
0
0
0
0
0
0
0
0
0
0
0
0
0
0
0
0
0
0
0
0
0
0
0
0
0
0
0
0
0
0
0
0
0
0
0
0
0
0
0
0
0
0
0
0
0
0
0
0
0
0
0
0
0
0
0
0
0
0
0
0
0
0
0
0
0
0
0
0
0
0
0
0
0
0
0
0
0
0
0
0
0
0
0
0
0
0
0
0
0
0
0
0
0
0
0
0
0
0
0
0
0
0
0
0
0
0
0
0
0
0
0
0
0
0
0
0
0
0
0
0
0
0
0
0
0
0
0
0
0
0
0
0
0
0
0
0
0
0
0
0
0
0
0
0
0
0
0
0
0
0
0
0
0
0
0
0
0
0
0
0
0
0
0
0
0
0
0
0
0
0
0
0
0
0
0
0
0
0
0
0
0
0
0
0
0
0
0
0
0
0
0
0
0
0
0
0
0
0
0
0
0
0
0
0
0
0
0
0
0
0
0
0
0
0
0
0
0
0
0
0
0
0
0
0
0
0
0
0
0
0
0
0
0
0
0
0
0
0
0
0
0
0
0
0
0
0
0
0
0
0
0
0
0
0
0
0
0
0
0
0
0
0
0
0
0
0
0
0
0
0
0
0
0
0
0
0
0
0
0
0
0
0
0
0
0
0
0
0
0
0
0
0
0
0
0
0
0
0
0
0
0
0
0
0
0
0
0
0
0
0
0
0
0
0
0
0
0
0
0
0
0
0
0
0
0
0
0
0
0
0
0
0
0
0
0
0
0
0
0
0
0
0
0
0
0
0
0
0
0
0
0
0
0
0
0
0
0
0
0
0
0
0
0
0
0
0
0
0
0
0
0
0
0
0
0
0
0
0
0
0
0
0
0
0
0
0
0
0
0
0
0
0
0
0
0
0
0
0
0
0
0
0
0
0
0
0
0
0
0
0
0
0
0
0
0
0
0
0
0
0
0
0
0
0
0
0
0
0
0
0
0
0
0
0
0
0
0
0
0
0
0
0
0
0
0
0
0
0
0
0
0
0
0
0
0
0
0
0
0
0
0
0
0
0
0
0
0
0
0
0
0
0
0
0
0
0
0
0
0
0
0
0
0
0
0
0
0
0
0
0
0
0
0
0
0
0
0
0
0
0
0
0
0
0
0
0
0
0
0
0
0
0
0
0
0
0
0
0
0
0
0
0
0
0
0
0
0
0
0
0
0
0
0
0
0
0
0
0
0
0
0
0
0
0
0
0
0
0
0
0
0
0
0
0
0
0
0
0
0
0
0
0
0
0
0
0
0
0
0
0
0
0
0
0
0
0
0
0
0
0
0
0
0
0
0
0
0
0
0
0
0
0
0
0
0
0
0
0
0
0
0
0
0
0
0
0
0
0
0
0
0
0
0
0
0
0
0
0
0
0
0
0
0
0
0
0
0
0
0
0
0
0
0
0
0
0
0
0
0
0
0
0
0
0
0
0
0
0
0
0
0
0
0
0
0
0
0
0
0
0
0
0
0
0
0
0
0
0
0
0
0
0
0
0
0
0
0
0
0
0
0
0
0
0
0
0
0
0
0
0
0
0
0
0
0
0
0
0
0
0
0
0
0
0
0
0
0
0
0
0
0
0
0
0
0
0
0
0
0
0
0
0
0
0
0
0
0
0
0
0
0
0
0
0
0
0
0
0
0
0
0
0
0
0
0
0
0
0
0
0
0
0
0
0
0
0
0
0
0
0
0
0
0
0
0
0
0
0
0
0
0
0
0
0
0
0
0
0
0
0
0
0
0
0
0
0
0
0
0
0
0
0
0
0
0
0
0
0
0
0
0
0
0
0
0
0
0
0
0
0
0
0
0
0
0
0
0
0
0
0
0
0
0
0
0
0
0
0
0
0
0
0
0
0
0
0
0
0
0
0
0
0
0
0
0
0
0
0
0
0
0
0
0
0
0
0
0
0
0
0
0
0
0
0
0
0
0
0
0
0
0
0
0
0
0
0
0
0
0
0
0
0
0
0
0
0
0
0
0
0
0
0
0
0
0
0
0
0
0
0
0
0
0
0
0
0
0
0
0
0
0
0
0
0
0
0
0
0
0
0
0
0
0
0
0
0
0
0
0
0
0
0
0
0
0
0
0
0
0
0
0
0
0
0
0
0
0
0
0
0
0
0
0
0
0
0
0
0
0
0
0
0
0
0
0
0
0
0
0
0
0
0
0
0
0
0
0
0
0
0
0
0
0
0
0
0
0
0
0
0
0
0
0
0
0
0
0
0
0
0
0
0
0
0
0
0
0
0
0
0
0
0
0
0
0
0
0
0
0
0
0
0
0
0
0
0
0
0
0
0
0
0
0
0
0
0
0
0
0
0
0
0
0
0
0
0
0
0
0
0
0
0
0
0
0
0
0
0
0
0
0
0
0
0
0
0
0
0
0
0
0
0
0
0
0
0
0
0
0
0
0
0
0
0
0
0
0
0
0
0
0
0
0
0
0
0
0
0
0
0
0
0
0
0
0
0
0
0
0
0
0
0
0
0
0
0
0
0
0
0
0
0
0
0
0
0
0
0
0
0
0
0
0
0
0
0
0
0
0
0
0
0
0
0
0
0
0
0
0
0
0
0
0
0
0
0
0
0
0
0
0
0
0
0
0
0
0
0
0
0
0
0
0
0
0
0
0
0
0
0
0
0
0
0
0
0
0
0
0
0
0
0
0
0
0
0
0
0
0
0
0
0
0
0
0
0
0
0
0
0
0
0
0
0
0
0
0
0
0
0
0
0
0
0
0
0
0
0
0
0
0
0
0
0
0
0
0
0
0
0
0
0
0
0
0
0
0
0
0
0
0
0
0
0
0
0
0
0
0
0
0
0
0
0
0
0
0
0
0
0
0
0
0
0
0
0
0
0
0
0
0
0
0
0
0
0
0
0
0
0
0
0
0
0
0
0
0
0
0
0
0
0
0
0
0
0
0
0
0
0
0
0
0
0
0
0
0
0
0
0
0
0
0
0
0
0
0
0
0
0
0
0
0
0
0
0
0
0
0
0
0
0
0
0
0
0
0
0
0
0
0
0
0
0
0
0
0
0
0
0
0
0
0
0
0
0
0
0
0
0
0
0
0
0
0
0
0
0
0
0
0
0
0
0
0
0
0
0
0
0
0
0
0
0
0
0
0
0
0
0
0
0
0
0
0
0
0
0
0
0
0
0
0
0
0
0
0
0
0
0
0
0
0
0
0
0
0
0
0
0
0
0
0
0
0
0
0
0
0
0
0
0
0
0
0
0
0
0
0
0
0
0
0
0
0
0
0
0
0
0
0
0
0
0
0
0
0
0
0
0
0
0
0
0
0
0
0
0
0
0
0
0
0
0
0
0
0
0
0
0
0
0
0
0
0
0
0
0
0
0
0
0
0
0
0
0
0
0
0
0
0
0
0
0
0
0
0
0
0
0
0
0
0
0
0
0
0
0
0
0
0
0
0
0
0
0
0
0
0
0
0
0
0
0
0
0
0
0
0
0
0
0
0
0
0
0
0
0
0
0
0
0
0
0
0
0
0
0
0
0
0
0
0
0
0
0
0
0
0
0
0
0
0
0
0
0
0
0
0
0
0
0
0
0
0
0
0
0
0
0
0
0
0
0
0
0
0
0
0
0
0
0
0
0
0
0
0
0
0
0
0
0
0
0
0
0
0
0
0
0
0
0
0
0
0
0
0
0
0
0
0
0
0
0
0
0
0
0
0
0
0
0
0
0
0
0
0
0
0
0
0
0
0
0
0
0
0
0
0
0
0
0
0
0
0
0
0
0
0
0
0
0
0
0
0
0
0
0
0
0
0
0
0
0
0
0
0
0
0
0
0
0
0
0
0
0
0
0
0
0
0
0
0
0
0
0
0
0
0
0
0
0
0
0
0
0
0
0
0
0
0
0
0
0
0
0
0
0
0
0
0
0
0
0
0
0
0
0
0
0
0
0
0
0
0
0
0
0
0
0
0
0
0
0
0
0
0
0
0
0
0
0
0
0
0
0
0
0
0
0
0
0
0
0
0
0
0
0
0
0
0
0
0
0
0
0
0
0
0
0
0
0
0
0
0
0
0
0
0
0
0
0
0
0
0
0
0
0
0
0
0
0
0
0
0
0
0
0
0
0
0
0
0
0
0
0
0
0
0
0
0
0
0
0
0
0
0
0
0
0
0
0
0
0
0
0
0
0
0
0
0
0
0
0
0
0
0
0
0
0
0
0
0
0
0
0
0
0
0
0
0
0
0
0
0
0
0
0
0
0
0
0
0
0
0
0
0
0
0
0
0
0
0
0
0
0
0
0
0
0
0
0
0
0
0
0
0
0
0
0
0
0
0
0
0
0
0
0
0
0
0
0
0
0
0
0
0
0
0
0
0
0
0
0
0
0
0
0
0
0
0
0
0
0
0
0
0
0
0
0
0
0
0
0
0
0
0
0
0
0
0
0
0
0
0
0
0
0
0
0
0
0
0
0
0
0
0
0
0
0
0
0
0
0
0
0
0
0
0
0
0
0
0
0
0
0
0
0
0
0
0
0
0
0
0
0
0
0
0
0
0
0
0
0
0
0
0
0
0
0
0
0
0
0
0
0
0
0
0
0
0
0
0
0
0
0
0
0
0
0
0
0
0
0
0
0
0
0
0
0
0
0
0
0
0
0
0
0
0
0
0
0
0
0
0
0
0
0
0
0
0
0
0
0
0
0
0
0
0
0
0
0
0
0
0
0
0
0
0
0
0
0
0
0
0
0
0
0
0
0
0
0
0
0
0
0
0
0
0
0
0
0
0
0
0
0
0
0
0
0
0
0
0
0
0
0
0
0
0
0
0
0
0
0
0
0
0
0
0
0
0
0
0
0
0
0
0
0
0
0
0
0
0
0
0
0
0
0
0
0
0
0
0
0
0
0
0
0
0
0
0
0
0
0
0
0
0
0
0
0
0
0
0
0
0
0
0
0
0
0
0
0
0
0
0
0
0
0
0
0
0
0
0
0
0
0
0
0
0
0
0
0
0
0
0
0
0
0
0
0
0
0
0
0
0
0
0
0
0
0
0
0
0
0
0
0
0
0
0
0
0
0
0
0
0
0
0
0
0
0
0
0
0
0
0
0
0
0
0
0
0
0
0
0
0
0
0
0
0
0
0
0
0
0
0
0
0
0
0
0
0
0
0
0
0
0
0
0
0
0
0
0
0
0
0
0
0
0
0
0
0
0
0
0
0
0
0
0
0
0
0
0
0
0
0
0
0
0
0
0
0
0
0
0
0
0
0
0
0
0
0
0
0
0
0
0
0
0
0
0
0
0
0
0
0
0
0
0
0
0
0
0
0
0
0
0
0
0
0
0
0
0
0
0
0
0
0
0
0
0
0
0
0
0
0
0
0
0
0
0
0
0
0
0
0
0
0
0
0
0
0
0
0
0
0
0
0
0
0
0
0
0
0
0
0
0
0
0
0
0
0
0
0
0
0
0
0
0
0
0
0
0
0
0
0
0
0
0
0
0
0
0
0
0
0
0
0
0
0
0
0
0
0
0
0
0
0
0
0
0
0
0
0
0
0
0
0
0
0
0
0
0
0
0
0
0
0
0
0
0
0
0
0
0
0
0
0
0
0
0
0
0
0
0
0
0
0
0
0
0
0
0
0
0
0
0
0
0
0
0
0
0
0
0
0
0
0
0
0
0
0
0
0
0
0
0
0
0
0
0
0
0
0
0
0
0
0
0
0
0
0
0
0
0
0
0
0
0
0
0
0
0
0
0
0
0
0
0
0
0
0
0
0
0
0
0
0
0
0
0
0
0
0
0
0
0
0
0
0
0
0
0
0
0
0
0
0
0
0
0
0
0
0
0
0
0
0
0
0
0
0
0
0
0
0
0
0
0
0
0
0
0
0
0
0
0
0
0
0
0
0
0
0
0
0
0
0
0
0
0
0
0
0
0
0
0
0
0
0
0
0
0
0
0
0
0
0
0
0
0
0
0
0
0
0
0
0
0
0
0
0
0
0
0
0
0
0
0
0
0
0
0
0
0
0
0
0
0
0
0
0
0
0
0
0
0
0
0
0
0
0
0
0
0
0
0
0
0
0
0
0
0
0
0
0
0
0
0
0
0
0
0
0
0
0
0
0
0
0
0
0
0
0
0
0
0
0
0
0
0
0
0
0
0
0
0
0
0
0
0
0
0
0
0
0
0
0
0
0
0
0
0
0
0
0
0
0
0
0
0
0
0
0
0
0
0
0
0
0
0
0
0
0
0
0
0
0
0
0
0
0
0
0
0
0
0
0
0
0
0
0
0
0
0
0
0
0
0
0
0
0
0
0
0
0
0
0
0
0
0
0
0
0
0
0
0
0
0
0
0
0
0
0
0
0
0
0
0
0
0
0
0
0
0
0
0
0
0
0
0
0
0
0
0
0
0
0
0
0
0
0
0
0
0
0
0
0
0
0
0
0
0
0
0
0
0
0
0
0
0
0
0
0
0
0
0
0
0
0
0
0
0
0
0
0
0
0
0
0
0
0
0
0
0
0
0
0
0
0
0
0
0
0
0
0
0
0
0
0
0
0
0
0
0
0
0
0
0
0
0
0
0
0
0
0
0
0
0
0
0
0
0
0
0
0
0
0
0
0
0
0
0
0
0
0
0
0
0
0
0
0
0
0
0
0
0
0
0
0
0
0
0
0
0
0
0
0
0
0
0
0
0
0
0
0
0
0
0
0
0
0
0
0
0
0
0
0
0
0
0
0
0
0
0
0
0
0
0
0
0
0
0
0
0
0
0
0
0
0
0
0
0
0
0
0
0
0
0
0
0
0
0
0
0
0
0
0
0
0
0
0
0
0
0
0
0
0
0
0
0
0
0
0
0
0
0
0
0
0
0
0
0
0
0
0
0
0
0
0
0
0
0
0
0
0
0
0
0
0
0
0
0
0
0
0
0
0
0
0
0
0
0
0
0
0
0
0
0
0
0
0
0
0
0
0
0
0
0
0
0
0
0
0
0
0
0
0
0
0
0
0
0
0
0
0
0
0
0
0
0
0
0
0
0
0
0
0
0
0
0
0
0
0
0
0
0
0
0
0
0
0
0
0
0
0
0
0
0
0
0
0
0
0
0
0
0
0
0
0
0
0
0
0
0
0
0
0
0
0
0
0
0
0
0
0
0
0
0
0
0
0
0
0
0
0
0
0
0
0
0
0
0
0
0
0
0
0
0
0
0
0
0
0
0
0
0
0
0
0
0
0
0
0
0
0
0
0
0
0
0
0
0
0
0
0
0
0
0
0
0
0
0
0
0
0
0
0
0
0
0
0
0
0
0
0
0
0
0
0
0
0
0
0
0
0
0
0
0
0
0
0
0
0
0
0
0
0
0
0
0
0
0
0
0
0
0
0
0
0
0
0
0
0
0
0
0
0
0
0
0
0
0
0
0
0
0
0
0
0
0
0
0
0
0
0
0
0
0
0
0
0
0
0
0
0
0
0
0
0
0
0
0
0
0
0
0
0
0
0
0
0
0
0
0
0
0
0
0
0
0
0
0
0
0
0
0
0
0
0
0
0
0
0
0
0
0
0
0
0
0
0
0
0
0
0
0
0
0
0
0
0
0
0
0
0
0
0
0
0
0
0
0
0
0
0
0
0
0
0
0
0
0
0
0
0
0
0
0
0
0
0
0
0
0
0
0
0
0
0
0
0
0
0
0
0
0
0
0
0
0
0
0
0
0
0
0
0
0
0
0
0
0
0
0
0
0
0
0
0
0
0
0
0
0
0
0
0
0
0
0
0
0
0
0
0
0
0
0
0
0
0
0
0
0
0
0
0
0
0
0
0
0
0
0
0
0
0
0
0
0
0
0
0
0
0
0
0
0
0
0
0
0
0
0
0
0
0
0
0
0
0
0
0
0
0
0
0
0
0
0
0
0
0
0
0
0
0
0
0
0
0
0
0
0
0
0
0
0
0
0
0
0
0
0
0
0
0
0
0
0
0
0
0
0
0
0
0
0
0
0
0
0
0
0
0
0
0
0
0
0
0
0
0
0
0
0
0
0
0
0
0
0
0
0
0
0
0
0
0
0
0
0
0
0
0
0
0
0
0
0
0
0
0
0
0
0
0
0
0
0
0
0
0
0
0
0
0
0
0
0
0
0
0
0
0
0
0
0
0
0
0
0
0
0
0
0
0
0
0
0
0
0
0
0
0
0
0
0
0
0
0
0
0
0
0
0
0
0
0
0
0
0
0
0
0
0
0
0
0
0
0
0
0
0
0
0
0
0
0
0
0
0
0
0
0
0
0
0
0
0
0
0
0
0
0
0
0
0
0
0
0
0
0
0
0
0
0
0
0
0
0
0
0
0
0
0
0
0
0
0
0
0
0
0
0
0
0
0
0
0
0
0
0
0
0
0
0
0
0
0
0
0
0
0
0
0
0
0
0
0
0
0
0
0
0
0
0
0
0
0
0
0
0
0
0
0
0
0
0
0
0
0
0
0
0
0
0
0
0
0
0
0
0
0
0
0
0
0
0
0
0
0
0
0
0
0
0
0
0
0
0
0
0
0
0
0
0
0
0
0
0
0
0
0
0
0
0
0
0
0
0
0
0
0
0
0
0
0
0
0
0
0
0
0
0
0
0
0
0
0
0
0
0
0
0
0
0
0
0
0
0
0
0
0
0
0
0
0
0
0
0
0
0
0
0
0
0
0
0
0
0
0
0
0
0
0
0
0
0
0
0
0
0
0
0
0
0
0
0
0
0
0
0
0
0
0
0
0
0
0
0
0
0
0
0
0
0
0
0
0
0
0
0
0
0
0
0
0
0
0
0
0
0
0
0
0
0
0
0
0
0
0
0
0
0
0
0
0
0
0
0
0
0
0
0
0
0
0
0
0
0
0
0
0
0
0
0
0
0
0
0
0
0
0
0
0
0
0
0
0
0
0
0
0
0
0
0
0
0
0
0
0
0
0
0
0
0
0
0
0
0
0
0
0
0
0
0
0
0
0
0
0
0
0
0
0
0
0
0
0
0
0
0
0
0
0
0
0
0
0
0
0
0
0
0
0
0
0
0
0
0
0
0
0
0
0
0
0
0
0
0
0
0
0
0
0
0
0
0
0
0
0
0
0
0
0
0
0
0
0
0
0
0
0
0
0
0
0
0
0
0
0
0
0
0
0
0
0
0
0
0
0
0
0
0
0
0
0
0
0
0
0
0
0
0
0
0
0
0
0
0
0
0
0
0
0
0
0
0
0
0
0
0
0
0
0
0
0
0
0
0
0
0
0
0
0
0
0
0
0
0
0
0
0
0
0
0
0
0
0
0
0
0
0
0
0
0
0
0
0
0
0
0
0
0
0
0
0
0
0
0
0
0
0
0
0
0
0
0
0
0
0
0
0
0
0
0
0
0
0
0
0
0
0
0
0
0
0
0
0
0
0
0
0
0
0
0
0
0
0
0
0
0
0
0
0
0
0
0
0
0
0
0
0
0
0
0
0
0
0
0
0
0
0
0
0
0
0
0
0
0
0
0
0
0
0
0
0
0
0
0
0
0
0
0
0
0
0
0
0
0
0
0
0
0
0
0
0
0
0
0
0
0
0
0
0
0
0
0
0
0
0
0
0
0
0
0
0
0
0
0
0
0
0
0
0
0
0
0
0
0
0
0
0
0
0
0
0
0
0
0
0
0
0
0
0
0
0
0
0
0
0
0
0
0
0
0
0
0
0
0
0
0
0
0
0
0
0
0
0
0
0
0
0
0
0
0
0
0
0
0
0
0
0
0
0
0
0
0
0
0
0
0
0
0
0
0
0
0
0
0
0
0
0
0
0
0
0
0
0
0
0
0
0
0
0
0
0
0
0
0
0
0
0
0
0
0
0
0
0
0
0
0
0
0
0
0
0
0
0
0
0
0
0
0
0
0
0
0
0
0
0
0
0
0
0
0
0
0
0
0
0
0
0
0
0
0
0
0
0
0
0
0
0
0
0
0
0
0
0
0
0
0
0
0
0
0
0
0
0
0
0
0
0
0
0
0
0
0
0
0
0
0
0
0
0
0
0
0
0
0
0
0
0
0
0
0
0
0
0
0
0
0
0
0
0
0
0
0
0
0
0
0
0
0
0
0
0
0
0
0
0
0
0
0
0
0
0
0
0
0
0
0
0
0
0
0
0
0
0
0
0
0
0
0
0
0
0
0
0
0
0
0
0
0
0
0
0
0
0
0
0
0
0
0
0
0
0
0
0
0
0
0
0
0
0
0
0
0
0
0
0
0
0
0
0
0
0
0
0
0
0
0
0
0
0
0
0
0
0
0
0
0
0
0
0
0
0
0
0
0
0
0
0
0
0
0
0
0
0
0
0
0
0
0
0
0
0
0
0
0
0
0
0
0
0
0
0
0
0
0
0
0
0
0
0
0
0
0
0
0
0
0
0
0
0
0
0
0
0
0
0
0
0
0
0
0
0
0
0
0
0
0
0
0
0
0
0
0
0
0
0
0
0
0
0
0
0
0
0
0
0
0
0
0
0
0
0
0
0
0
0
0
0
0
0
0
0
0
0
0
0
0
0
0
0
0
0
0
0
0
0
0
0
0
0
0
0
0
0
0
0
0
0
0
0
0
0
0
0
0
0
0
0
0
0
0
0
0
0
0
0
0
0
0
0
0
0
0
0
0
0
0
0
0
0
0
0
0
0
0
0
0
0
0
0
0
0
0
0
0
0
0
0
0
0
0
0
0
0
0
0
0
0
0
0
0
0
0
0
0
0
0
0
0
0
0
0
0
0
0
0
0
0
0
0
0
0
0
0
0
0
0
0
0
0
0
0
0
0
0
0
0
0
0
0
0
0
0
0
0
0
0
0
0
0
0
0
0
0
0
0
0
0
0
0
0
0
0
0
0
0
0
0
0
0
0
0
0
0
0
0
0
0
0
0
0
0
0
0
0
0
0
0
0
0
0
0
0
0
0
0
0
0
0
0
0
0
0
0
0
0
0
0
0
0
0
0
0
0
0
0
0
0
0
0
0
0
0
0
0
0
0
0
0
0
0
0
0
0
0
0
0
0
0
0
0
0
0
0
0
0
0
0
0
0
0
0
0
0
0
0
0
0
0
0
0
0
0
0
0
0
0
0
0
0
0
0
0
0
0
0
0
0
0
0
0
0
0
0
0
0
0
0
0
0
0
0
0
0
0
0
0
0
0
0
0
0
0
0
0
0
0
0
0
0
0
0
0
0
0
0
0
0
0
0
0
0
0
0
0
0
0
0
0
0
0
0
0
0
0
0
0
0
0
0
0
0
0
0
0
0
0
0
0
0
0
0
0
0
0
0
0
0
0
0
0
0
0
0
0
0
0
0
0
0
0
0
0
0
0
0
0
0
0
0
0
0
0
0
0
0
0
0
0
0
0
0
0
0
0
0
0
0
0
0
0
0
0
0
0
0
0
0
0
0
0
0
0
0
0
0
0
0
0
0
0
0
0
0
0
0
0
0
0
0
0
0
0
0
0
0
0
0
0
0
0
0
0
0
0
0
0
0
0
0
0
0
0
0
0
0
0
0
0
0
0
0
0
0
0
0
0
0
0
0
0
0
0
0
0
0
0
0
0
0
0
0
0
0
0
0
0
0
0
0
0
0
0
0
0
0
0
0
0
0
0
0
0
0
0
0
0
0
0
0
0
0
0
0
0
0
0
0
0
0
0
0
0
0
0
0
0
0
0
0
0
0
0
0
0
0
0
0
0
0
0
0
0
0
0
0
0
0
0
0
0
0
0
0
0
0
0
0
0
0
0
0
0
0
0
0
0
0
0
0
0
0
0
0
0
0
0
0
0
0
0
0
0
0
0
0
0
0
0
0
0
0
0
0
0
0
0
0
0
0
0
0
0
0
0
0
0
0
0
0
0
0
0
0
0
0
0
0
0
0
0
0
0
0
0
0
0
0
0
0
0
0
0
0
0
0
0
0
0
0
0
0
0
0
0
0
0
0
0
0
0
0
0
0
0
0
0
0
0
0
0
0
0
0
0
0
0
0
0
0
0
0
0
0
0
0
0
0
0
0
0
0
0
0
0
0
0
0
0
0
0
0
0
0
0
0
0
0
0
0
0
0
0
0
0
0
0
0
0
0
0
0
0
0
0
0
0
0
0
0
0
0
0
0
0
0
0
0
0
0
0
0
0
0
0
0
0
0
0
0
0
0
0
0
0
0
0
0
0
0
0
0
0
0
0
0
0
0
0
0
0
0
0
0
0
0
0
0
0
0
0
0
0
0
0
0
0
0
0
0
0
0
0
0
0
0
0
0
0
0
0
0
0
0
0
0
0
0
0
0
0
0
0
0
0
0
0
0
0
0
0
0
0
0
0
0
0
0
0
0
0
0
0
0
0
0
0
0
0
0
0
0
0
0
0
0
0
0
0
0
0
0
0
0
0
0
0
0
0
0
0
0
0
0
0
0
0
0
0
0
0
0
0
0
0
0
0
0
0
0
0
0
0
0
0
0
0
0
0
0
0
0
0
0
0
0
0
0
0
0
0
0
0
0
0
0
0
0
0
0
0
0
0
0
0
0
0
0
0
0
0
0
0
0
0
0
0
0
0
0
0
0
0
0
0
0
0
0
0
0
0
0
0
0
0
0
0
0
0
0
0
0
0
0
0
0
0
0
0
0
0
0
0
0
0
0
0
0
0
0
0
0
0
0
0
0
0
0
0
0
0
0
0
0
0
0
0
0
0
0
0
0
0
0
0
0
0
0
0
0
0
0
0
0
0
0
0
0
0
0
0
0
0
0
0
0
0
0
0
0
0
0
0
0
0
0
0
0
0
0
0
0
0
0
0
0
0
0
0
0
0
0
0
0
0
0
0
0
0
0
0
0
0
0
0
0
0
0
0
0
0
0
0
0
0
0
0
0
0
0
0
0
0
0
0
0
0
0
0
0
0
0
0
0
0
0
0
0
0
0
0
0
0
0
0
0
0
0
0
0
0
0
0
0
0
0
0
0
0
0
0
0
0
0
0
0
0
0
0
0
0
0
0
0
0
0
0
0
0
0
0
0
0
0
0
0
0
0
0
0
0
0
0
0
0
0
0
0
0
0
0
0
0
0
0
0
0
0
0
0
0
0
0
0
0
0
0
0
0
0
0
0
0
0
0
0
0
0
0
0
0
0
0
0
0
0
0
0
0
0
0
0
0
0
0
0
0
0
0
0
0
0
0
0
0
0
0
0
0
0
0
0
0
0
0
0
0
0
0
0
0
0
0
0
0
0
0
0
0
0
0
0
0
0
0
0
0
0
0
0
0
0
0
0
0
0
0
0
0
0
0
0
0
0
0
0
0
0
0
0
0
0
0
0
0
0
0
0
0
0
0
0
0
0
0
0
0
0
0
0
0
0
0
0
0
0
0
0
0
0
0
0
0
0
0
0
0
0
0
0
0
0
0
0
0
0
0
0
0
0
0
0
0
0
0
0
0
0
0
0
0
0
0
0
0
0
0
0
0
0
0
0
0
0
0
0
0
0
0
0
0
0
0
0
0
0
0
0
0
0
0
0
0
0
0
0
0
0
0
0
0
0
0
0
0
0
0
0
0
0
0
0
0
0
0
0
0
0
0
0
0
0
0
0
0
0
0
0
0
0
0
0
0
0
0
0
0
0
0
0
0
0
0
0
0
0
0
0
0
0
0
0
0
0
0
0
0
0
0
0
0
0
0
0
0
0
0
0
0
0
0
0
0
0
0
0
0
0
0
0
0
0
0
0
0
0
0
0
0
0
0
0
0
0
0
0
0
0
0
0
0
0
0
0
0
0
0
0
0
0
0
0
0
0
0
0
0
0
0
0
0
0
0
0
0
0
0
0
0
0
0
0
0
0
0
0
0
0
0
0
0
0
0
0
0
0
0
0
0
0
0
0
0
0
0
0
0
0
0
0
0
0
0
0
0
0
0
0
0
0
0
0
0
0
0
0
0
0
0
0
0
0
0
0
0
0
0
0
0
0
0
0
0
0
0
0
0
0
0
0
0
0
0
0
0
0
0
0
0
0
0
0
0
0
0
0
0
0
0
0
0
0
0
0
0
0
0
0
0
0
0
0
0
0
0
0
0
0
0
0
0
0
0
0
0
0
0
0
0
0
0
0
0
0
0
0
0
0
0
0
0
0
0
0
0
0
0
0
0
0
0
0
0
0
0
0
0
0
0
0
0
0
0
0
0
0
0
0
0
0
0
0
0
0
0
0
0
0
0
0
0
0
0
0
0
0
0
0
0
0
0
0
0
0
0
0
0
0
0
0
0
0
0
0
0
0
0
0
0
0
0
0
0
0
0
0
0
0
0
0
0
0
0
0
0
0
0
0
0
0
0
0
0
0
0
0
0
0
0
0
0
0
0
0
0
0
0
0
0
0
0
0
0
0
0
0
0
0
0
0
0
0
0
0
0
0
0
0
0
0
0
0
0
0
0
0
0
0
0
0
0
0
0
0
0
0
0
0
0
0
0
0
0
0
0
0
0
0
0
0
0
0
0
0
0
0
0
0
0
0
0
0
0
0
0
0
0
0
0
0
0
0
0
0
0
0
0
0
0
0
0
0
0
0
0
0
0
0
0
0
0
0
0
0
0
0
0
0
0
0
0
0
0
0
0
0
0
0
0
0
0
0
0
0
0
0
0
0
0
0
0
0
0
0
0
0
0
0
0
0
0
0
0
0
0
0
0
0
0
0
0
0
0
0
0
0
0
0
0
0
0
0
0
0
0
0
0
0
0
0
0
0
0
0
0
0
0
0
0
0
0
0
0
0
0
0
0
0
0
0
0
0
0
0
0
0
0
0
0
0
0
0
0
0
0
0
0
0
0
0
0
0
0
0
0
0
0
0
0
0
0
0
0
0
0
0
0
0
0
0
0
0
0
0
0
0
0
0
0
0
0
0
0
0
0
0
0
0
0
0
0
0
0
0
0
0
0
0
0
0
0
0
0
0
0
0
0
0
0
0
0
0
0
0
0
0
0
0
0
0
0
0
0
0
0
0
0
0
0
0
0
0
0
0
0
0
0
0
0
0
0
0
0
0
0
0
0
0
0
0
0
0
0
0
0
0
0
0
0
0
0
0
0
0
0
0
0
0
0
0
0
0
0
0
0
0
0
0
0
0
0
0
0
0
0
0
0
0
0
0
0
0
0
0
0
0
0
0
0
0
0
0
0
0
0
0
0
0
0
0
0
0
0
0
0
0
0
0
0
0
0
0
0
0
0
0
0
0
0
0
0
0
0
0
0
0
0
0
0
0
0
0
0
0
0
0
0
0
0
0
0
0
0
0
0
0
0
0
0
0
0
0
0
0
0
0
0
0
0
0
0
0
0
0
0
0
0
0
0
0
0
0
0
0
0
0
0
0
0
0
0
0
0
0
0
0
0
0
0
0
0
0
0
0
0
0
0
0
0
0
0
0
0
0
0
0
0
0
0
0
0
0
0
0
0
0
0
0
0
0
0
0
0
0
0
0
0
0
0
0
0
0
0
0
0
0
0
0
0
0
0
0
0
0
0
0
0
0
0
0
0
0
0
0
0
0
0
0
0
0
0
0
0
0
0
0
0
0
0
0
0
0
0
0
0
0
0
0
0
0
0
0
0
0
0
0
0
0
0
0
0
0
0
0
0
0
0
0
0
0
0
0
0
0
0
0
0
0
0
0
0
0
0
0
0
0
0
0
0
0
0
0
0
0
0
0
0
0
0
0
0
0
0
0
0
0
0
0
0
0
0
0
0
0
0
0
0
0
0
0
0
0
0
0
0
0
0
0
0
0
0
0
0
0
0
0
0
0
0
0
0
0
0
0
0
0
0
0
0
0
0
0
0
0
0
0
0
0
0
0
0
0
0
0
0
0
0
0
0
0
0
0
0
0
0
0
0
0
0
0
0
0
0
0
0
0
0
0
0
0
0
0
0
0
0
0
0
0
0
0
0
0
0
0
0
0
0
0
0
0
0
0
0
0
0
0
0
0
0
0
0
0
0
0
0
0
0
0
0
0
0
0
0
0
0
0
0
0
0
0
0
0
0
0
0
0
0
0
0
0
0
0
0
0
0
0
0
0
0
0
0
0
0
0
0
0
0
0
0
0
0
0
0
0
0
0
0
0
0
0
0
0
0
0
0
0
0
0
0
0
0
0
0
0
0
0
0
0
0
0
0
0
0
0
0
0
0
0
0
0
0
0
0
0
0
0
0
0
0
0
0
0
0
0
0
0
0
0
0
0
0
0
0
0
0
0
0
0
0
0
0
0
0
0
0
0
0
0
0
0
0
0
0
0
0
0
0
0
0
0
0
0
0
0
0
0
0
0
0
0
0
0
0
0
0
0
0
0
0
0
0
0
0
0
0
0
0
0
0
0
0
0
0
0
0
0
0
0
0
0
0
0
0
0
0
0
0
0
0
0
0
0
0
0
0
0
0
0
0
0
0
0
0
0
0
0
0
0
0
0
0
0
0
0
0
0
0
0
0
0
0
0
0
0
0
0
0
0
0
0
0
0
0
0
0
0
0
0
0
0
0
0
0
0
0
0
0
0
0
0
0
0
0
0
0
0
0
0
0
0
0
0
0
0
0
0
0
0
0
0
0
0
0
0
0
0
0
0
0
0
0
0
0
0
0
0
0
0
0
0
0
0
0
0
0
0
0
0
0
0
0
0
0
0
0
0
0
0
0
0
0
0
0
0
0
0
0
0
0
0
0
0
0
0
0
0
0
0
0
0
0
0
0
0
0
0
0
0
0
0
0
0
0
0
0
0
0
0
0
0
0
0
0
0
0
0
0
0
0
0
0
0
0
0
0
0
0
0
0
0
0
0
0
0
0
0
0
0
0
0
0
0
0
0
0
0
0
0
0
0
0
0
0
0
0
0
0
0
0
0
0
0
0
0
0
0
0
0
0
0
0
0
0
0
0
0
0
0
0
0
0
0
0
0
0
0
0
0
0
0
0
0
0
0
0
0
0
0
0
0
0
0
0
0
0
0
0
0
0
0
0
0
0
0
0
0
0
0
0
0
0
0
0
0
0
0
0
0
0
0
0
0
0
0
0
0
0
0
0
0
0
0
0
0
0
0
0
0
0
0
0
0
0
0
0
0
0
0
0
0
0
0
0
0
0
0
0
0
0
0
0
0
0
0
0
0
0
0
0
0
0
0
0
0
0
0
0
0
0
0
0
0
0
0
0
0
0
0
0
0
0
0
0
0
0
0
0
0
0
0
0
0
0
0
0
0
0
0
0
0
0
0
0
0
0
0
0
0
0
0
0
0
0
0
0
0
0
0
0
0
0
0
0
0
0
0
0
0
0
0
0
0
0
0
0
0
0
0
0
0
0
0
0
0
0
0
0
0
0
0
0
0
0
0
0
0
0
0
0
0
0
0
0
0
0
0
0
0
0
0
0
0
0
0
0
0
0
0
0
0
0
0
0
0
0
0
0
0
0
0
0
0
0
0
0
0
0
0
0
0
0
0
0
0
0
0
0
0
0
0
0
0
0
0
0
0
0
0
0
0
0
0
0
0
0
0
0
0
0
0
0
0
0
0
0
0
0
0
0
0
0
0
0
0
0
0
0
0
0
0
0
0
0
0
0
0
0
0
0
0
0
0
0
0
0
0
0
0
0
0
0
0
0
0
0
0
0
0
0
0
0
0
0
0
0
0
0
0
0
0
0
0
0
0
0
0
0
0
0
0
0
0
0
0
0
0
0
0
0
0
0
0
0
0
0
0
0
0
0
0
0
0
0
0
0
0
0
0
0
0
0
0
0
0
0
0
0
0
0
0
0
0
0
0
0
0
0
0
0
0
0
0
0
0
0
0
0
0
0
0
0
0
0
0
0
0
0
0
0
0
0
0
0
0
0
0
0
0
0
0
0
0
0
0
0
0
0
0
0
0
0
0
0
0
0
0
0
0
0
0
0
0
0
0
0
0
0
0
0
0
0
0
0
0
0
0
0
0
0
0
0
0
0
0
0
0
0
0
0
0
0
0
0
0
0
0
0
0
0
0
0
0
0
0
0
0
0
0
0
0
0
0
0
0
0
0
0
0
0
0
0
0
0
0
0
0
0
0
0
0
0
0
0
0
0
0
0
0
0
0
0
0
0
0
0
0
0
0
0
0
0
0
0
0
0
0
0
0
0
0
0
0
0
0
0
0
0
0
0
0
0
0
0
0
0
0
0
0
0
0
0
0
0
0
0
0
0
0
0
0
0
0
0
0
0
0
0
0
0
0
0
0
0
0
0
0
0
0
0
0
0
0
0
0
0
0
0
0
0
0
0
0
0
0
0
0
0
0
0
0
0
0
0
0
0
0
0
0
0
0
0
0
0
0
0
0
0
0
0
0
0
0
0
0
0
0
0
0
0
0
0
0
0
0
0
0
0
0
0
0
0
0
0
0
0
0
0
0
0
0
0
0
0
0
0
0
0
0
0
0
0
0
0
0
0
0
0
0
0
0
0
0
0
0
0
0
0
0
0
0
0
0
0
0
0
0
0
0
0
0
0
0
0
0
0
0
0
0
0
0
0
0
0
0
0
0
0
0
0
0
0
0
0
0
0
0
0
0
0
0
0
0
0
0
0
0
0
0
0
0
0
0
0
0
0
0
0
0
0
0
0
0
0
0
0
0
0
0
0
0
0
0
0
0
0
0
0
0
0
0
0
0
0
0
0
0
0
0
0
0
0
0
0
0
0
0
0
0
0
0
0
0
0
0
0
0
0
0
0
0
0
0
0
0
0
0
0
0
0
0
0
0
0
0
0
0
0
0
0
0
0
0
0
0
0
0
0
0
0
0
0
0
0
0
0
0
0
0
0
0
0
0
0
0
0
0
0
0
0
0
0
0
0
0
0
0
0
0
0
0
0
0
0
0
0
0
0
0
0
0
0
0
0
0
0
0
0
0
0
0
0
0
0
0
0
0
0
0
0
0
0
0
0
0
0
0
0
0
0
0
0
0
0
0
0
0
0
0
0
0
0
0
0
0
0
0
0
0
0
0
0
0
0
0
0
0
0
0
0
0
0
0
0
0
0
0
0
0
0
0
0
0
0
0
0
0
0
0
0
0
0
0
0
0
0
0
0
0
0
0
0
0
0
0
0
0
0
0
0
0
0
0
0
0
0
0
0
0
0
0
0
0
0
0
0
0
0
0
0
0
0
0
0
0
0
0
0
0
0
0
0
0
0
0
0
0
0
0
0
0
0
0
0
0
0
0
0
0
0
0
0
0
0
0
0
0
0
0
0
0
0
0
0
0
0
0
0
0
0
0
0
0
0
0
0
0
0
0
0
0
0
0
0
0
0
0
0
0
0
0
0
0
0
0
0
0
0
0
0
0
0
0
0
0
0
0
0
0
0
0
0
0
0
0
0
0
0
0
0
0
0
0
0
0
0
0
0
0
0
0
0
0
0
0
0
0
0
0
0
0
0
0
0
0
0
0
0
0
0
0
0
0
0
0
0
0
0
0
0
0
0
0
0
0
0
0
0
0
0
0
0
0
0
0
0
0
0
0
0
0
0
0
0
0
0
0
0
0
0
0
0
0
0
0
0
0
0
0
0
0
0
0
0
0
0
0
0
0
0
0
0
0
0
0
0
0
0
0
0
0
0
0
0
0
0
0
0
0
0
0
0
0
0
0
0
0
0
0
0
0
0
0
0
0
0
0
0
0
0
0
0
0
0
0
0
0
0
0
0
0
0
0
0
0
0
0
0
0
0
0
0
0
0
0
0
0
0
0
0
0
0
0
0
0
0
0
0
0
0
0
0
0
0
0
0
0
0
0
0
0
0
0
0
0
0
0
0
0
0
0
0
0
0
0
0
0
0
0
0
0
0
0
0
0
0
0
0
0
0
0
0
0
0
0
0
0
0
0
0
0
0
0
0
0
0
0
0
0
0
0
0
0
0
0
0
0
0
0
0
0
0
0
0
0
0
0
0
0
0
0
0
0
0
0
0
0
0
0
0
0
0
0
0
0
0
0
0
0
0
0
0
0
0
0
0
0
0
0
0
0
0
0
0
0
0
0
0
0
0
0
0
0
0
0
0
0
0
0
0
0
0
0
0
0
0
0
0
0
0
0
0
0
0
0
0
0
0
0
0
0
0
0
0
0
0
0
0
0
0
0
0
0
0
0
0
0
0
0
0
0
0
0
0
0
0
0
0
0
0
0
0
0
0
0
0
0
0
0
0
0
0
0
0
0
0
0
0
0
0
0
0
0
0
0
0
0
0
0
0
0
0
0
0
0
0
0
0
0
0
0
0
0
0
0
0
0
0
0
0
0
0
0
0
0
0
0
0
0
0
0
0
0
0
0
0
0
0
0
0
0
0
0
0
0
0
0
0
0
0
0
0
0
0
0
0
0
0
0
0
0
0
0
0
0
0
0
0
0
0
0
0
0
0
0
0
0
0
0
0
0
0
0
0
0
0
0
0
0
0
0
0
0
0
0
0
0
0
0
0
0
0
0
0
0
0
0
0
0
0
0
0
0
0
0
0
0
0
0
0
0
0
0
0
0
0
0
0
0
0
0
0
0
0
0
0
0
0
0
0
0
0
0
0
0
0
0
0
0
0
0
0
0
0
0
0
0
0
0
0
0
0
0
0
0
0
0
0
0
0
0
0
0
0
0
0
0
0
0
0
0
0
0
0
0
0
0
0
0
0
0
0
0
0
0
0
0
0
0
0
0
0
0
0
0
0
0
0
0
0
0
0
0
0
0
0
0
0
0
0
0
0
0
0
0
0
0
0
0
0
0
0
0
0
0
0
0
0
0
0
0
0
0
0
0
0
0
0
0
0
0
0
0
0
0
0
0
0
0
0
0
0
0
0
0
0
0
0
0
0
0
0
0
0
0
0
0
0
0
0
0
0
0
0
0
0
0
0
0
0
0
0
0
0
0
0
0
0
0
0
0
0
0
0
0
0
0
0
0
0
0
0
0
0
0
0
0
0
0
0
0
0
0
0
0
0
0
0
0
0
0
0
0
0
0
0
0
0
0
0
0
0
0
0
0
0
0
0
0
0
0
0
0
0
0
0
0
0
0
0
0
0
0
0
0
0
0
0
0
0
0
0
0
0
0
0
0
0
0
0
0
0
0
0
0
0
0
0
0
0
0
0
0
0
0
0
0
0
0
0
0
0
0
0
0
0
0
0
0
0
0
0
0
0
0
0
0
0
0
0
0
0
0
0
0
0
0
0
0
0
0
0
0
0
0
0
0
0
0
0
0
0
0
0
0
0
0
0
0
0
0
0
0
0
0
0
0
0
0
0
0
0
0
0
0
0
0
0
0
0
0
0
0
0
0
0
0
0
0
0
0
0
0
0
0
0
0
0
0
0
0
0
0
0
0
0
0
0
0
0
0
0
0
0
0
0
0
0
0
0
0
0
0
0
0
0
0
0
0
0
0
0
0
0
0
0
0
0
0
0
0
0
0
0
0
0
0
0
0
0
0
0
0
0
0
0
0
0
0
0
0
0
0
0
0
0
0
0
0
0
0
0
0
0
0
0
0
0
0
0
0
0
0
0
0
0
0
0
0
0
0
0
0
0
0
0
0
0
0
0
0
0
0
0
0
0
0
0
0
0
0
0
0
0
0
0
0
0
0
0
0
0
0
0
0
0
0
0
0
0
0
0
0
0
0
0
0
0
0
0
0
0
0
0
0
0
0
0
0
0
0
0
0
0
0
0
0
0
0
0
0
0
0
0
0
0
0
0
0
0
0
0
0
0
0
0
0
0
0
0
0
0
0
0
0
0
0
0
0
0
0
0
0
0
0
0
0
0
0
0
0
0
0
0
0
0
0
0
0
0
0
0
0
0
0
0
0
0
0
0
0
0
0
0
0
0
0
0
0
0
0
0
0
0
0
0
0
0
0
0
0
0
0
0
0
0
0
0
0
0
0
0
0
0
0
0
0
0
0
0
0
0
0
0
0
0
0
0
0
0
0
0
0
0
0
0
0
0
0
0
0
0
0
0
0
0
0
0
0
0
0
0
0
0
0
0
0
0
0
0
0
0
0
0
0
0
0
0
0
0
0
0
0
0
0
0
0
0
0
0
0
0
0
0
0
0
0
0
0
0
0
0
0
0
0
0
0
0
0
0
0
0
0
0
0
0
0
0
0
0
0
0
0
0
0
0
0
0
0
0
0
0
0
0
0
0
0
0
0
0
0
0
0
0
0
0
0
0
0
0
0
0
0
0
0
0
0
0
0
0
0
0
0
0
0
0
0
0
0
0
0
0
0
0
0
0
0
0
0
0
0
0
0
0
0
0
0
0
0
0
0
0
0
0
0
0
0
0
0
0
0
0
0
0
0
0
0
0
0
0
0
0
0
0
0
0
0
0
0
0
0
0
0
0
0
0
0
0
0
0
0
0
0
0
0
0
0
0
0
0
0
0
0
0
0
0
0
0
0
0
0
0
0
0
0
0
0
0
0
0
0
0
0
0
0
0
0
0
0
0
0
0
0
0
0
0
0
0
0
0
0
0
0
0
0
0
0
0
0
0
0
0
0
0
0
0
0
0
0
0
0
0
0
0
0
0
0
0
0
0
0
0
0
0
0
0
0
0
0
0
0
0
0
0
0
0
0
0
0
0
0
0
0
0
0
0
0
0
0
0
0
0
0
0
0
0
0
0
0
0
0
0
0
0
0
0
0
0
0
0
0
0
0
0
0
0
0
0
0
0
0
0
0
0
0
0
0
0
0
0
0
0
0
0
0
0
0
0
0
0
0
0
0
0
0
0
0
0
0
0
0
0
0
0
0
0
0
0
0
0
0
0
0
0
0
0
0
0
0
0
0
0
0
0
0
0
0
0
0
0
0
0
0
0
0
0
0
0
0
0
0
0
0
0
0
0
0
0
0
0
0
0
0
0
0
0
0
0
0
0
0
0
0
0
0
0
0
0
0
0
0
0
0
0
0
0
0
0
0
0
0
0
0
0
0
0
0
0
0
0
0
0
0
0
0
0
0
0
0
0
0
0
0
0
0
0
0
0
0
0
0
0
0
0
0
0
0
0
0
0
0
0
0
0
0
0
0
0
0
0
0
0
0
0
0
0
0
0
0
0
0
0
0
0
0
0
0
0
0
0
0
0
0
0
0
0
0
0
0
0
0
0
0
0
0
0
0
0
0
0
0
0
0
0
0
0
0
0
0
0
0
0
0
0
0
0
0
0
0
0
0
0
0
0
0
0
0
0
0
0
0
0
0
0
0
0
0
0
0
0
0
0
0
0
0
0
0
0
0
0
0
0
0
0
0
0
0
0
0
0
0
0
0
0
0
0
0
0
0
0
0
0
0
0
0
0
0
0
0
0
0
0
0
0
0
0
0
0
0
0
0
0
0
0
0
0
0
0
0
0
0
0
0
0
0
0
0
0
0
0
0
0
0
0
0
0
0
0
0
0
0
0
0
0
0
0
0
0
0
0
0
0
0
0
0
0
0
0
0
0
0
0
0
0
0
0
0
0
0
0
0
0
0
0
0
0
0
0
0
0
0
0
0
0
0
0
0
0
0
0
0
0
0
0
0
0
0
0
0
0
0
0
0
0
0
0
0
0
0
0
0
0
0
0
0
0
0
0
0
0
0
0
0
0
0
0
0
0
0
0
0
0
0
0
0
0
0
0
0
0
0
0
0
0
0
0
0
0
0
0
0
0
0
0
0
0
0
0
0
0
0
0
0
0
0
0
0
0
0
0
0
0
0
0
0
0
0
0
0
0
0
0
0
0
0
0
0
0
0
0
0
0
0
0
0
0
0
0
0
0
0
0
0
0
0
0
0
0
0
0
0
0
0
0
0
0
0
0
0
0
0
0
0
0
0
0
0
0
0
0
0
0
0
0
0
0
0
0
0
0
0
0
0
0
0
0
0
0
0
0
0
0
0
0
0
0
0
0
0
0
0
0
0
0
0
0
0
0
0
0
0
0
0
0
0
0
0
0
0
0
0
0
0
0
0
0
0
0
0
0
0
0
0
0
0
0
0
0
0
0
0
0
0
0
0
0
0
0
0
0
0
0
0
0
0
0
0
0
0
0
0
0
0
0
0
0
0
0
0
0
0
0
0
0
0
0
0
0
0
0
0
0
0
0
0
0
0
0
0
0
0
0
0
0
0
0
0
0
0
0
0
0
0
0
0
0
0
0
0
0
0
0
0
0
0
0
0
0
0
0
0
0
0
0
0
0
0
0
0
0
0
0
0
0
0
0
0
0
0
0
0
0
0
0
0
0
0
0
0
0
0
0
0
0
0
0
0
0
0
0
0
0
0
0
0
0
0
0
0
0
0
0
0
0
0
0
0
0
0
0
0
0
0
0
0
0
0
0
0
0
0
0
0
0
0
0
0
0
0
0
0
0
0
0
0
0
0
0
0
0
0
0
0
0
0
0
0
0
0
0
0
0
0
0
0
0
0
0
0
0
0
0
0
0
0
0
0
0
0
0
0
0
0
0
0
0
0
0
0
0
0
0
0
0
0
0
0
0
0
0
0
0
0
0
0
0
0
0
0
0
0
0
0
0
0
0
0
0
0
0
0
0
0
0
0
0
0
0
0
0
0
0
0
0
0
0
0
0
0
0
0
0
0
0
0
0
0
0
0
0
0
0
0
0
0
0
0
0
0
0
0
0
0
0
0
0
0
0
0
0
0
0
0
0
0
0
0
0
0
0
0
0
0
0
0
0
0
0
0
0
0
0
0
0
0
0
0
0
0
0
0
0
0
0
0
0
0
0
0
0
0
0
0
0
0
0
0
0
0
0
0
0
0
0
0
0
0
0
0
0
0
0
0
0
0
0
0
0
0
0
0
0
0
0
0
0
0
0
0
0
0
0
0
0
0
0
0
0
0
0
0
0
0
0
0
0
0
0
0
0
0
0
0
0
0
0
0
0
0
0
0
0
0
0
0
0
0
0
0
0
0
0
0
0
0
0
0
0
0
0
0
0
0
0
0
0
0
0
0
0
0
0
0
0
0
0
0
0
0
0
0
0
0
0
0
0
0
0
0
0
0
0
0
0
0
0
0
0
0
0
0
0
0
0
0
0
0
0
0
0
0
0
0
0
0
0
0
0
0
0
0
0
0
0
0
0
0
0
0
0
0
0
0
0
0
0
0
0
0
0
0
0
0
0
0
0
0
0
0
0
0
0
0
0
0
0
0
0
0
0
0
0
0
0
0
0
0
0
0
0
0
0
0
0
0
0
0
0
0
0
0
0
0
0
0
0
0
0
0
0
0
0
0
0
0
0
0
0
0
0
0
0
0
0
0
0
0
0
0
0
0
0
0
0
0
0
0
0
0
0
0
0
0
0
0
0
0
0
0
0
0
0
0
0
0
0
0
0
0
0
0
0
0
0
0
0
0
0
0
0
0
0
0
0
0
0
0
0
0
0
0
0
0
0
0
0
0
0
0
0
0
0
0
0
0
0
0
0
0
0
0
0
0
0
0
0
0
0
0
0
0
0
0
0
0
0
0
0
0
0
0
0
0
0
0
0
0
0
0
0
0
0
0
0
0
0
0
0
0
0
0
0
0
0
0
0
0
0
0
0
0
0
0
0
0
0
0
0
0
0
0
0
0
0
0
0
0
0
0
0
0
0
0
0
0
0
0
0
0
0
0
0
0
0
0
0
0
0
0
0
0
0
0
0
0
0
0
0
0
0
0
0
0
0
0
0
0
0
0
0
0
0
0
0
0
0
0
0
0
0
0
0
0
0
0
0
0
0
0
0
0
0
0
0
0
0
0
0
0
0
0
0
0
0
0
0
0
0
0
0
0
0
0
0
0
0
0
0
0
0
0
0
0
0
0
0
0
0
0
0
0
0
0
0
0
0
0
0
0
0
0
0
0
0
0
0
0
0
0
0
0
0
0
0
0
0
0
0
0
0
0
0
0
0
0
0
0
0
0
0
0
0
0
0
0
0
0
0
0
0
0
0
0
0
0
0
0
0
0
0
0
0
0
0
0
0
0
0
0
0
0
0
0
0
0
0
0
0
0
0
0
0
0
0
0
0
0
0
0
0
0
0
0
0
0
0
0
0
0
0
0
0
0
0
0
0
0
0
0
0
0
0
0
0
0
0
0
0
0
0
0
0
0
0
0
0
0
0
0
0
0
0
0
0
0
0
0
0
0
0
0
0
0
0
0
0
0
0
0
0
0
0
0
0
0
0
0
0
0
0
0
0
0
0
0
0
0
0
0
0
0
0
0
0
0
0
0
0
0
0
0
0
0
0
0
0
0
0
0
0
0
0
0
0
0
0
0
0
0
0
0
0
0
0
0
0
0
0
0
0
0
0
0
0
0
0
0
0
0
0
0
0
0
0
0
0
0
0
0
0
0
0
0
0
0
0
0
0
0
0
0
0
0
0
0
0
0
0
0
0
0
0
0
0
0
0
0
0
0
0
0
0
0
0
0
0
0
0
0
0
0
0
0
0
0
0
0
0
0
0
0
0
0
0
0
0
0
0
0
0
0
0
0
0
0
0
0
0
0
0
0
0
0
0
0
0
0
0
0
0
0
0
0
0
0
0
0
0
0
0
0
0
0
0
0
0
0
0
0
0
0
0
0
0
0
0
0
0
0
0
0
0
0
0
0
0
0
0
0
0
0
0
0
0
0
0
0
0
0
0
0
0
0
0
0
0
0
0
0
0
0
0
0
0
0
0
0
0
0
0
0
0
0
0
0
0
0
0
0
0
0
0
0
0
0
0
0
0
0
0
0
0
0
0
0
0
0
0
0
0
0
0
0
0
0
0
0
0
0
0
0
0
0
0
0
0
0
0
0
0
0
0
0
0
0
0
0
0
0
0
0
0
0
0
0
0
0
0
0
0
0
0
0
0
0
0
0
0
0
0
0
0
0
0
0
0
0
0
0
0
0
0
0
0
0
0
0
0
0
0
0
0
0
0
0
0
0
0
0
0
0
0
0
0
0
0
0
0
0
0
0
0
0
0
0
0
0
0
0
0
0
0
0
0
0
0
0
0
0
0
0
0
0
0
0
0
0
0
0
0
0
0
0
0
0
0
0
0
0
0
0
0
0
0
0
0
0
0
0
0
0
0
0
0
0
0
0
0
0
0
0
0
0
0
0
0
0
0
0
0
0
0
0
0
0
0
0
0
0
0
0
0
0
0
0
0
0
0
0
0
0
0
0
0
0
0
0
0
0
0
0
0
0
0
0
0
0
0
0
0
0
0
0
0
0
0
0
0
0
0
0
0
0
0
0
0
0
0
0
0
0
0
0
0
0
0
0
0
0
0
0
0
0
0
0
0
0
0
0
0
0
0
0
0
0
0
0
0
0
0
0
0
0
0
0
0
0
0
0
0
0
0
0
0
0
0
0
0
0
0
0
0
0
0
0
0
0
0
0
0
0
0
0
0
0
0
0
0
0
0
0
0
0
0
0
0
0
0
0
0
0
0
0
0
0
0
0
0
0
0
0
0
0
0
0
0
0
0
0
0
0
0
0
0
0
0
0
0
0
0
0
0
0
0
0
0
0
0
0
0
0
0
0
0
0
0
0
0
0
0
0
0
0
0
0
0
0
0
0
0
0
0
0
0
0
0
0
0
0
0
0
0
0
0
0
0
0
0
0
0
0
0
0
0
0
0
0
0
0
0
0
0
0
0
0
0
0
0
0
0
0
0
0
0
0
0
0
0
0
0
0
0
0
0
0
0
0
0
0
0
0
0
0
0
0
0
0
0
0
0
0
0
0
0
0
0
0
0
0
0
0
0
0
0
0
0
0
0
0
0
0
0
0
0
0
0
0
0
0
0
0
0
0
0
0
0
0
0
0
0
0
0
0
0
0
0
0
0
0
0
0
0
0
0
0
0
0
0
0
0
0
0
0
0
0
0
0
0
0
0
0
0
0
0
0
0
0
0
0
0
0
0
0
0
0
0
0
0
0
0
0
0
0
0
0
0
0
0
0
0
0
0
0
0
0
0
0
0
0
0
0
0
0
0
0
0
0
0
0
0
0
0
0
0
0
0
0
0
0
0
0
0
0
0
0
0
0
0
0
0
0
0
0
0
0
0
0
0
0
0
0
0
0
0
0
0
0
0
0
0
0
0
0
0
0
0
0
0
0
0
0
0
0
0
0
0
0
0
0
0
0
0
0
0
0
0
0
0
0
0
0
0
0
0
0
0
0
0
0
0
0
0
0
0
0
0
0
0
0
0
0
0
0
0
0
0
0
0
0
0
0
0
0
0
0
0
0
0
0
0
0
0
0
0
0
0
0
0
0
0
0
0
0
0
0
0
0
0
0
0
0
0
0
0
0
0
0
0
0
0
0
0
0
0
0
0
0
0
0
0
0
0
0
0
0
0
0
0
0
0
0
0
0
0
0
0
0
0
0
0
0
0
0
0
0
0
0
0
0
0
0
0
0
0
0
0
0
0
0
0
0
0
0
0
0
0
0
0
0
0
0
0
0
0
0
0
0
0
0
0
0
0
0
0
0
0
0
0
0
0
0
0
0
0
0
0
0
0
0
0
0
0
0
0
0
0
0
0
0
0
0
0
0
0
0
0
0
0
0
0
0
0
0
0
0
0
0
0
0
0
0
0
0
0
0
0
0
0
0
0
0
0
0
0
0
0
0
0
0
0
0
0
0
0
0
0
0
0
0
0
0
0
0
0
0
0
0
0
0
0
0
0
0
0
0
0
0
0
0
0
0
0
0
0
0
0
0
0
0
0
0
0
0
0
0
0
0
0
0
0
0
0
0
0
0
0
0
0
0
0
0
0
0
0
0
0
0
0
0
0
0
0
0
0
0
0
0
0
0
0
0
0
0
0
0
0
0
0
0
0
0
0
0
0
0
0
0
0
0
0
0
0
0
0
0
0
0
0
0
0
0
0
0
0
0
0
0
0
0
0
0
0
0
0
0
0
0
0
0
0
0
0
0
0
0
0
0
0
0
0
0
0
0
0
0
0
0
0
0
0
0
0
0
0
0
0
0
0
0
0
0
0
0
0
0
0
0
0
0
0
0
0
0
0
0
0
0
0
0
0
0
0
0
0
0
0
0
0
0
0
0
0
0
0
0
0
0
0
0
0
0
0
0
0
0
0
0
0
0
0
0
0
0
0
0
0
0
0
0
0
0
0
0
0
0
0
0
0
0
0
0
0
0
0
0
0
0
0
0
0
0
0
0
0
0
0
0
0
0
0
0
0
0
0
0
0
0
0
0
0
0
0
0
0
0
0
0
0
0
0
0
0
0
0
0
0
0
0
0
0
0
0
0
0
0
0
0
0
0
0
0
0
0
0
0
0
0
0
0
0
0
0
0
0
0
0
0
0
0
0
0
0
0
0
0
0
0
0
0
0
0
0
0
0
0
0
0
0
0
0
0
0
0
0
0
0
0
0
0
0
0
0
0
0
0
0
0
0
0
0
0
0
0
0
0
0
0
0
0
0
0
0
0
0
0
0
0
0
0
0
0
0
0
0
0
0
0
0
0
0
0
0
0
0
0
0
0
0
0
0
0
0
0
0
0
0
0
0
0
0
0
0
0
0
0
0
0
0
0
0
0
0
0
0
0
0
0
0
0
0
0
0
0
0
0
0
0
0
0
0
0
0
0
0
0
0
0
0
0
0
0
0
0
0
0
0
0
0
0
0
0
0
0
0
0
0
0
0
0
0
0
0
0
0
0
0
0
0
0
0
0
0
0
0
0
0
0
0
0
0
0
0
0
0
0
0
0
0
0
0
0
0
0
0
0
0
0
0
0
0
0
0
0
0
0
0
0
0
0
0
0
0
0
0
0
0
0
0
0
0
0
0
0
0
0
0
0
0
0
0
0
0
0
0
0
0
0
0
0
0
0
0
0
0
0
0
0
0
0
0
0
0
0
0
0
0
0
0
0
0
0
0
0
0
0
0
0
0
0
0
0
0
0
0
0
0
0
0
0
0
0
0
0
0
0
0
0
0
0
0
0
0
0
0
0
0
0
0
0
0
0
0
0
0
0
0
0
0
0
0
0
0
0
0
0
0
0
0
0
0
0
0
0
0
0
0
0
0
0
0
0
0
0
0
0
0
0
0
0
0
0
0
0
0
0
0
0
0
0
0
0
0
0
0
0
0
0
0
0
0
0
0
0
0
0
0
0
0
0
0
0
0
0
0
0
0
0
0
0
0
0
0
0
0
0
0
0
0
0
0
0
0
0
0
0
0
0
0
0
0
0
0
0
0
0
0
0
0
0
0
0
0
0
0
0
0
0
0
0
0
0
0
0
0
0
0
0
0
0
0
0
0
0
0
0
0
0
0
0
0
0
0
0
0
0
0
0
0
0
0
0
0
0
0
0
0
0
0
0
0
0
0
0
0
0
0
0
0
0
0
0
0
0
0
0
0
0
0
0
0
0
0
0
0
0
0
0
0
0
0
0
0
0
0
0
0
0
0
0
0
0
0
0
0
0
0
0
0
0
0
0
0
0
0
0
0
0
0
0
0
0
0
0
0
0
0
0
0
0
0
0
0
0
0
0
0
0
0
0
0
0
0
0
0
0
0
0
0
0
0
0
0
0
0
0
0
0
0
0
0
0
0
0
0
0
0
0
0
0
0
0
0
0
0
0
0
0
0
0
0
0
0
0
0
0
0
0
0
0
0
0
0
0
0
0
0
0
0
0
0
0
0
0
0
0
0
0
0
0
0
0
0
0
0
0
0
0
0
0
0
0
0
0
0
0
0
0
0
0
0
0
0
0
0
0
0
0
0
0
0
0
0
0
0
0
0
0
0
0
0
0
0
0
0
0
0
0
0
0
0
0
0
0
0
0
0
0
0
0
0
0
0
0
0
0
0
0
0
0
0
0
0
0
0
0
0
0
0
0
0
0
0
0
0
0
0
0
0
0
0
0
0
0
0
0
0
0
0
0
0
0
0
0
0
0
0
0
0
0
0
0
0
0
0
0
0
0
0
0
0
0
0
0
0
0
0
0
0
0
0
0
0
0
0
0
0
0
0
0
0
0
0
0
0
0
0
0
0
0
0
0
0
0
0
0
0
0
0
0
0
0
0
0
0
0
0
0
0
0
0
0
0
0
0
0
0
0
0
0
0
0
0
0
0
0
0
0
0
0
0
0
0
0
0
0
0
0
0
0
0
0
0
0
0
0
0
0
0
0
0
0
0
0
0
0
0
0
0
0
0
0
0
0
0
0
0
0
0
0
0
0
0
0
0
0
0
0
0
0
0
0
0
0
0
0
0
0
0
0
0
0
0
0
0
0
0
0
0
0
0
0
0
0
0
0
0
0
0
0
0
0
0
0
0
0
0
0
0
0
0
0
0
0
0
0
0
0
0
0
0
0
0
0
0
0
0
0
0
0
0
0
0
0
0
0
0
0
0
0
0
0
0
0
0
0
0
0
0
0
0
0
0
0
0
0
0
0
0
0
0
0
0
0
0
0
0
0
0
0
0
0
0
0
0
0
0
0
0
0
0
0
0
0
0
0
0
0
0
0
0
0
0
0
0
0
0
0
0
0
0
0
0
0
0
0
0
0
0
0
0
0
0
0
0
0
0
0
0
0
0
0
0
0
0
0
0
0
0
0
0
0
0
0
0
0
0
0
0
0
0
0
0
0
0
0
0
0
0
0
0
0
0
0
0
0
0
0
0
0
0
0
0
0
0
0
0
0
0
0
0
0
0
0
0
0
0
0
0
0
0
0
0
0
0
0
0
0
0
0
0
0
0
0
0
0
0
0
0
0
0
0
0
0
0
0
0
0
0
0
0
0
0
0
0
0
0
0
0
0
0
0
0
0
0
0
0
0
0
0
0
0
0
0
0
0
0
0
0
0
0
0
0
0
0
0
0
0
0
0
0
0
0
0
0
0
0
0
0
0
0
0
0
0
0
0
0
0
0
0
0
0
0
0
0
0
0
0
0
0
0
0
0
0
0
0
0
0
0
0
0
0
0
0
0
0
0
0
0
0
0
0
0
0
0
0
0
0
0
0
0
0
0
0
0
0
0
0
0
0
0
0
0
0
0
0
0
0
0
0
0
0
0
0
0
0
0
0
0
0
0
0
0
0
0
0
0
0
0
0
0
0
0
0
0
0
0
0
0
0
0
0
0
0
0
0
0
0
0
0
0
0
0
0
0
0
0
0
0
0
0
0
0
0
0
0
0
0
0
0
0
0
0
0
0
0
0
0
0
0
0
0
0
0
0
0
0
0
0
0
0
0
0
0
0
0
0
0
0
0
0
0
0
0
0
0
0
0
0
0
0
0
0
0
0
0
0
0
0
0
0
0
0
0
0
0
0
0
0
0
0
0
0
0
0
0
0
0
0
0
0
0
0
0
0
0
0
0
0
0
0
0
0
0
0
0
0
0
0
0
0
0
0
0
0
0
0
0
0
0
0
0
0
0
0
0
0
0
0
0
0
0
0
0
0
0
0
0
0
0
0
0
0
0
0
0
0
0
0
0
0
0
0
0
0
0
0
0
0
0
0
0
0
0
0
0
0
0
0
0
0
0
0
0
0
0
0
0
0
0
0
0
0
0
0
0
0
0
0
0
0
0
0
0
0
0
0
0
0
0
0
0
0
0
0
0
0
0
0
0
0
0
0
0
0
0
0
0
0
0
0
0
0
0
0
0
0
0
0
0
0
0
0
0
0
0
0
0
0
0
0
0
0
0
0
0
0
0
0
0
0
0
0
0
0
0
0
0
0
0
0
0
0
0
0
0
0
0
0
0
0
0
0
0
0
0
0
0
0
0
0
0
0
0
0
0
0
0
0
0
0
0
0
0
0
0
0
0
0
0
0
0
0
0
0
0
0
0
0
0
0
0
0
0
0
0
0
0
0
0
0
0
0
0
0
0
0
0
0
0
0
0
0
0
0
0
0
0
0
0
0
0
0
0
0
0
0
0
0
0
0
0
0
0
0
0
0
0
0
0
0
0
0
0
0
0
0
0
0
0
0
0
0
0
0
0
0
0
0
0
0
0
0
0
0
0
0
0
0
0
0
0
0
0
0
0
0
0
0
0
0
0
0
0
0
0
0
0
0
0
0
0
0
0
0
0
0
0
0
0
0
0
0
0
0
0
0
0
0
0
0
0
0
0
0
0
0
0
0
0
0
0
0
0
0
0
0
0
0
0
0
0
0
0
0
0
0
0
0
0
0
0
0
0
0
0
0
0
0
0
0
0
0
0
0
0
0
0
0
0
0
0
0
0
0
0
0
0
0
0
0
0
0
0
0
0
0
0
0
0
0
0
0
0
0
0
0
0
0
0
0
0
0
0
0
0
0
0
0
0
0
0
0
0
0
0
0
0
0
0
0
0
0
0
0
0
0
0
0
0
0
0
0
0
0
0
0
0
0
0
0
0
0
0
0
0
0
0
0
0
0
0
0
0
0
0
0
0
0
0
0
0
0
0
0
0
0
0
0
0
0
0
0
0
0
0
0
0
0
0
0
0
0
0
0
0
0
0
0
0
0
0
0
0
0
0
0
0
0
0
0
0
0
0
0
0
0
0
0
0
0
0
0
0
0
0
0
0
0
0
0
0
0
0
0
0
0
0
0
0
0
0
0
0
0
0
0
0
0
0
0
0
0
0
0
0
0
0
0
0
0
0
0
0
0
0
0
0
0
0
0
0
0
0
0
0
0
0
0
0
0
0
0
0
0
0
0
0
0
0
0
0
0
0
0
0
0
0
0
0
0
0
0
0
0
0
0
0
0
0
0
0
0
0
0
0
0
0
0
0
0
0
0
0
0
0
0
0
0
0
0
0
0
0
0
0
0
0
0
0
0
0
0
0
0
0
0
0
0
0
0
0
0
0
0
0
0
0
0
0
0
0
0
0
0
0
0
0
0
0
0
0
0
0
0
0
0
0
0
0
0
0
0
0
0
0
0
0
0
0
0
0
0
0
0
0
0
0
0
0
0
0
0
0
0
0
0
0
0
0
0
0
0
0
0
0
0
0
0
0
0
0
0
0
0
0
0
0
0
0
0
0
0
0
0
0
0
0
0
0
0
0
0
0
0
0
0
0
0
0
0
0
0
0
0
0
0
0
0
0
0
0
0
0
0
0
0
0
0
0
0
0
0
0
0
0
0
0
0
0
0
0
0
0
0
0
0
0
0
0
0
0
0
0
0
0
0
0
0
0
0
0
0
0
0
0
0
0
0
0
0
0
0
0
0
0
0
0
0
0
0
0
0
0
0
0
0
0
0
0
0
0
0
0
0
0
0
0
0
0
0
0
0
0
0
0
0
0
0
0
0
0
0
0
0
0
0
0
0
0
0
0
0
0
0
0
0
0
0
0
0
0
0
0
0
0
0
0
0
0
0
0
0
0
0
0
0
0
0
0
0
0
0
0
0
0
0
0
0
0
0
0
0
0
0
0
0
0
0
0
0
0
0
0
0
0
0
0
0
0
0
0
0
0
0
0
0
0
0
0
0
0
0
0
0
0
0
0
0
0
0
0
0
0
0
0
0
0
0
0
0
0
0
0
0
0
0
0
0
0
0
0
0
0
0
0
0
0
0
0
0
0
0
0
0
0
0
0
0
0
0
0
0
0
0
0
0
0
0
0
0
0
0
0
0
0
0
0
0
0
0
0
0
0
0
0
0
0
0
0
0
0
0
0
0
0
0
0
0
0
0
0
0
0
0
0
0
0
0
0
0
0
0
0
0
0
0
0
0
0
0
0
0
0
0
0
0
0
0
0
0
0
0
0
0
0
0
0
0
0
0
0
0
0
0
0
0
0
0
0
0
0
0
0
0
0
0
0
0
0
0
0
0
0
0
0
0
0
0
0
0
0
0
0
0
0
0
0
0
0
0
0
0
0
0
0
0
0
0
0
0
0
0
0
0
0
0
0
0
0
0
0
0
0
0
0
0
0
0
0
0
0
0
0
0
0
0
0
0
0
0
0
0
0
0
0
0
0
0
0
0
0
0
0
0
0
0
0
0
0
0
0
0
0
0
0
0
0
0
0
0
0
0
0
0
0
0
0
0
0
0
0
0
0
0
0
0
0
0
0
0
0
0
0
0
0
0
0
0
0
0
0
0
0
0
0
0
0
0
0
0
0
0
0
0
0
0
0
0
0
0
0
0
0
0
0
0
0
0
0
0
0
0
0
0
0
0
0
0
0
0
0
0
0
0
0
0
0
0
0
0
0
0
0
0
0
0
0
0
0
0
0
0
0
0
0
0
0
0
0
0
0
0
0
0
0
0
0
0
0
0
0
0
0
0
0
0
0
0
0
0
0
0
0
0
0
0
0
0
0
0
0
0
0
0
0
0
0
0
0
0
0
0
0
0
0
0
0
0
0
0
0
0
0
0
0
0
0
0
0
0
0
0
0
0
0
0
0
0
0
0
0
0
0
0
0
0
0
0
0
0
0
0
0
0
0
0
0
0
0
0
0
0
0
0
0
0
0
0
0
0
0
0
0
0
0
0
0
0
0
0
0
0
0
0
0
0
0
0
0
0
0
0
0
0
0
0
0
0
0
0
0
0
0
0
0
0
0
0
0
0
0
0
0
0
0
0
0
0
0
0
0
0
0
0
0
0
0
0
0
0
0
0
0
0
0
0
0
0
0
0
0
0
0
0
0
0
0
0
0
0
0
0
0
0
0
0
0
0
0
0
0
0
0
0
0
0
0
0
0
0
0
0
0
0
0
0
0
0
0
0
0
0
0
0
0
0
0
0
0
0
0
0
0
0
0
0
0
0
0
0
0
0
0
0
0
0
0
0
0
0
0
0
0
0
0
0
0
0
0
0
0
0
0
0
0
0
0
0
0
0
0
0
0
0
0
0
0
0
0
0
0
0
0
0
0
0
0
0
0
0
0
0
0
0
0
0
0
0
0
0
0
0
0
0
0
0
0
0
0
0
0
0
0
0
0
0
0
0
0
0
0
0
0
0
0
0
0
0
0
0
0
0
0
0
0
0
0
0
0
0
0
0
0
0
0
0
0
0
0
0
0
0
0
0
0
0
0
0
0
0
0
0
0
0
0
0
0
0
0
0
0
0
0
0
0
0
0
0
0
0
0
0
0
0
0
0
0
0
0
0
0
0
0
0
0
0
0
0
0
0
0
0
0
0
0
0
0
0
0
0
0
0
0
0
0
0
0
0
0
0
0
0
0
0
0
0
0
0
0
0
0
0
0
0
0
0
0
0
0
0
0
0
0
0
0
0
0
0
0
0
0
0
0
0
0
0
0
0
0
0
0
0
0
0
0
0
0
0
0
0
0
0
0
0
0
0
0
0
0
0
0
0
0
0
0
0
0
0
0
0
0
0
0
0
0
0
0
0
0
0
0
0
0
0
0
0
0
0
0
0
0
0
0
0
0
0
0
0
0
0
0
0
0
0
0
0
0
0
0
0
0
0
0
0
0
0
0
0
0
0
0
0
0
0
0
0
0
0
0
0
0
0
0
0
0
0
0
0
0
0
0
0
0
0
0
0
0
0
0
0
0
0
0
0
0
0
0
0
0
0
0
0
0
0
0
0
0
0
0
0
0
0
0
0
0
0
0
0
0
0
0
0
0
0
0
0
0
0
0
0
0
0
0
0
0
0
0
0
0
0
0
0
0
0
0
0
0
0
0
0
0
0
0
0
0
0
0
0
0
0
0
0
0
0
0
0
0
0
0
0
0
0
0
0
0
0
0
0
0
0
0
0
0
0
0
0
0
0
0
0
0
0
0
0
0
0
0
0
0
0
0
0
0
0
0
0
0
0
0
0
0
0
0
0
0
0
0
0
0
0
0
0
0
0
0
0
0
0
0
0
0
0
0
0
0
0
0
0
0
0
0
0
0
0
0
0
0
0
0
0
0
0
0
0
0
0
0
0
0
0
0
0
0
0
0
0
0
0
0
0
0
0
0
0
0
0
0
0
0
0
0
0
0
0
0
0
0
0
0
0
0
0
0
0
0
0
0
0
0
0
0
0
0
0
0
0
0
0
0
0
0
0
0
0
0
0
0
0
0
0
0
0
0
0
0
0
0
0
0
0
0
0
0
0
0
0
0
0
0
0
0
0
0
0
0
0
0
0
0
0
0
0
0
0
0
0
0
0
0
0
0
0
0
0
0
0
0
0
0
0
0
0
0
0
0
0
0
0
0
0
0
0
0
0
0
0
0
0
0
0
0
0
0
0
0
0
0
0
0
0
0
0
0
0
0
0
0
0
0
0
0
0
0
0
0
0
0
0
0
0
0
0
0
0
0
0
0
0
0
0
0
0
0
0
0
0
0
0
0
0
0
0
0
0
0
0
0
0
0
0
0
0
0
0
0
0
0
0
0
0
0
0
0
0
0
0
0
0
0
0
0
0
0
0
0
0
0
0
0
0
0
0
0
0
0
0
0
0
0
0
0
0
0
0
0
0
0
0
0
0
0
0
0
0
0
0
0
0
0
0
0
0
0
0
0
0
0
0
0
0
0
0
0
0
0
0
0
0
0
0
0
0
0
0
0
0
0
0
0
0
0
0
0
0
0
0
0
0
0
0
0
0
0
0
0
0
0
0
0
0
0
0
0
0
0
0
0
0
0
0
0
0
0
0
0
0
0
0
0
0
0
0
0
0
0
0
0
0
0
0
0
0
0
0
0
0
0
0
0
0
0
0
0
0
0
0
0
0
0
0
0
0
0
0
0
0
0
0
0
0
0
0
0
0
0
0
0
0
0
0
0
0
0
0
0
0
0
0
0
0
0
0
0
0
0
0
0
0
0
0
0
0
0
0
0
0
0
0
0
0
0
0
0
0
0
0
0
0
0
0
0
0
0
0
0
0
0
0
0
0
0
0
0
0
0
0
0
0
0
0
0
0
0
0
0
0
0
0
0
0
0
0
0
0
0
0
0
0
0
0
0
0
0
0
0
0
0
0
0
0
0
0
0
0
0
0
0
0
0
0
0
0
0
0
0
0
0
0
0
0
0
0
0
0
0
0
0
0
0
0
0
0
0
0
0
0
0
0
0
0
0
0
0
0
0
0
0
0
0
0
0
0
0
0
0
0
0
0
0
0
0
0
0
0
0
0
0
0
0
0
0
0
0
0
0
0
0
0
0
0
0
0
0
0
0
0
0
0
0
0
0
0
0
0
0
0
0
0
0
0
0
0
0
0
0
0
0
0
0
0
0
0
0
0
0
0
0
0
0
0
0
0
0
0
0
0
0
0
0
0
0
0
0
0
0
0
0
0
0
0
0
0
0
0
0
0
0
0
0
0
0
0
0
0
0
0
0
0
0
0
0
0
0
0
0
0
0
0
0
0
0
0
0
0
0
0
0
0
0
0
0
0
0
0
0
0
0
0
0
0
0
0
0
0
0
0
0
0
0
0
0
0
0
0
0
0
0
0
0
0
0
0
0
0
0
0
0
0
0
0
0
0
0
0
0
0
0
0
0
0
0
0
0
0
0
0
0
0
0
0
0
0
0
0
0
0
0
0
0
0
0
0
0
0
0
0
0
0
0
0
0
0
0
0
0
0
0
0
0
0
0
0
0
0
0
0
0
0
0
0
0
0
0
0
0
0
0
0
0
0
0
0
0
0
0
0
0
0
0
0
0
0
0
0
0
0
0
0
0
0
0
0
0
0
0
0
0
0
0
0
0
0
0
0
0
0
0
0
0
0
0
0
0
0
0
0
0
0
0
0
0
0
0
0
0
0
0
0
0
0
0
0
0
0
0
0
0
0
0
0
0
0
0
0
0
0
0
0
0
0
0
0
0
0
0
0
0
0
0
0
0
0
0
0
0
0
0
0
0
0
0
0
0
0
0
0
0
0
0
0
0
0
0
0
0
0
0
0
0
0
0
0
0
0
0
0
0
0
0
0
0
0
0
0
0
0
0
0
0
0
0
0
0
0
0
0
0
0
0
0
0
0
0
0
0
0
0
0
0
0
0
0
0
0
0
0
0
0
0
0
0
0
0
0
0
0
0
0
0
0
0
0
0
0
0
0
0
0
0
0
0
0
0
0
0
0
0
0
0
0
0
0
0
0
0
0
0
0
0
0
0
0
0
0
0
0
0
0
0
0
0
0
0
0
0
0
0
0
0
0
0
0
0
0
0
0
0
0
0
0
0
0
0
0
0
0
0
0
0
0
0
0
0
0
0
0
0
0
0
0
0
0
0
0
0
0
0
0
0
0
0
0
0
0
0
0
0
0
0
0
0
0
0
0
0
0
0
0
0
0
0
0
0
0
0
0
0
0
0
0
0
0
0
0
0
0
0
0
0
0
0
0
0
0
0
0
0
0
0
0
0
0
0
0
0
0
0
0
0
0
0
0
0
0
0
0
0
0
0
0
0
0
0
0
0
0
0
0
0
0
0
0
0
0
0
0
0
0
0
0
0
0
0
0
0
0
0
0
0
0
0
0
0
0
0
0
0
0
0
0
0
0
0
0
0
0
0
0
0
0
0
0
0
0
0
0
0
0
0
0
0
0
0
0
0
0
0
0
0
0
0
0
0
0
0
0
0
0
0
0
0
0
0
0
0
0
0
0
0
0
0
0
0
0
0
0
0
0
0
0
0
0
0
0
0
0
0
0
0
0
0
0
0
0
0
0
0
0
0
0
0
0
0
0
0
0
0
0
0
0
0
0
0
0
0
0
0
0
0
0
0
0
0
0
0
0
0
0
0
0
0
0
0
0
0
0
0
0
0
0
0
0
0
0
0
0
0
0
0
0
0
0
0
0
0
0
0
0
0
0
0
0
0
0
0
0
0
0
0
0
0
0
0
0
0
0
0
0
0
0
0
0
0
0
0
0
0
0
0
0
0
0
0
0
0
0
0
0
0
0
0
0
0
0
0
0
0
0
0
0
0
0
0
0
0
0
0
0
0
0
0
0
0
0
0
0
0
0
0
0
0
0
0
0
0
0
0
0
0
0
0
0
0
0
0
0
0
0
0
0
0
0
0
0
0
0
0
0
0
0
0
0
0
0
0
0
0
0
0
0
0
0
0
0
0
0
0
0
0
0
0
0
0
0
0
0
0
0
0
0
0
0
0
0
0
0
0
0
0
0
0
0
0
0
0
0
0
0
0
0
0
0
0
0
0
0
0
0
0
0
0
0
0
0
0
0
0
0
0
0
0
0
0
0
0
0
0
0
0
0
0
0
0
0
0
0
0
0
0
0
0
0
0
0
0
0
0
0
0
0
0
0
0
0
0
0
0
0
0
0
0
0
0
0
0
0
0
0
0
0
0
0
0
0
0
0
0
0
0
0
0
0
0
0
0
0
0
0
0
0
0
0
0
0
0
0
0
0
0
0
0
0
0
0
0
0
0
0
0
0
0
0
0
0
0
0
0
0
0
0
0
0
0
0
0
0
0
0
0
0
0
0
0
0
0
0
0
0
0
0
0
0
0
0
0
0
0
0
0
0
0
0
0
0
0
0
0
0
0
0
0
0
0
0
0
0
0
0
0
0
0
0
0
0
0
0
0
0
0
0
0
0
0
0
0
0
0
0
0
0
0
0
0
0
0
0
0
0
0
0
0
0
0
0
0
0
0
0
0
0
0
0
0
0
0
0
0
0
0
0
0
0
0
0
0
0
0
0
0
0
0
0
0
0
0
0
0
0
0
0
0
0
0
0
0
0
0
0
0
0
0
0
0
0
0
0
0
0
0
0
0
0
0
0
0
0
0
0
0
0
0
0
0
0
0
0
0
0
0
0
0
0
0
0
0
0
0
0
0
0
0
0
0
0
0
0
0
0
0
0
0
0
0
0
0
0
0
0
0
0
0
0
0
0
0
0
0
0
0
0
0
0
0
0
0
0
0
0
0
0
0
0
0
0
0
0
0
0
0
0
0
0
0
0
0
0
0
0
0
0
0
0
0
0
0
0
0
0
0
0
0
0
0
0
0
0
0
0
0
0
0
0
0
0
0
0
0
0
0
0
0
0
0
0
0
0
0
0
0
0
0
0
0
0
0
0
0
0
0
0
0
0
0
0
0
0
0
0
0
0
0
0
0
0
0
0
0
0
0
0
0
0
0
0
0
0
0
0
0
0
0
0
0
0
0
0
0
0
0
0
0
0
0
0
0
0
0
0
0
0
0
0
0
0
0
0
0
0
0
0
0
0
0
0
0
0
0
0
0
0
0
0
0
0
0
0
0
0
0
0
0
0
0
0
0
0
0
0
0
0
0
0
0
0
0
0
0
0
0
0
0
0
0
0
0
0
0
0
0
0
0
0
0
0
0
0
0
0
0
0
0
0
0
0
0
0
0
0
0
0
0
0
0
0
0
0
0
0
0
0
0
0
0
0
0
0
0
0
0
0
0
0
0
0
0
0
0
0
0
0
0
0
0
0
0
0
0
0
0
0
0
0
0
0
0
0
0
0
0
0
0
0
0
0
0
0
0
0
0
0
0
0
0
0
0
0
0
0
0
0
0
0
0
0
0
0
0
0
0
0
0
0
0
0
0
0
0
0
0
0
0
0
0
0
0
0
0
0
0
0
0
0
0
0
0
0
0
0
0
0
0
0
0
0
0
0
0
0
0
0
0
0
0
0
0
0
0
0
0
0
0
0
0
0
0
0
0
0
0
0
0
0
0
0
0
0
0
0
0
0
0
0
0
0
0
0
0
0
0
0
0
0
0
0
0
0
0
0
0
0
0
0
0
0
0
0
0
0
0
0
0
0
0
0
0
0
0
0
0
0
0
0
0
0
0
0
0
0
0
0
0
0
0
0
0
0
0
0
0
0
0
0
0
0
0
0
0
0
0
0
0
0
0
0
0
0
0
0
0
0
0
0
0
0
0
0
0
0
0
0
0
0
0
0
0
0
0
0
0
0
0
0
0
0
0
0
0
0
0
0
0
0
0
0
0
0
0
0
0
0
0
0
0
0
0
0
0
0
0
0
0
0
0
0
0
0
0
0
0
0
0
0
0
0
0
0
0
0
0
0
0
0
0
0
0
0
0
0
0
0
0
0
0
0
0
0
0
0
0
0
0
0
0
0
0
0
0
0
0
0
0
0
0
0
0
0
0
0
0
0
0
0
0
0
0
0
0
0
0
0
0
0
0
0
0
0
0
0
0
0
0
0
0
0
0
0
0
0
0
0
0
0
0
0
0
0
0
0
0
0
0
0
0
0
0
0
0
0
0
0
0
0
0
0
0
0
0
0
0
0
0
0
0
0
0
0
0
0
0
0
0
0
0
0
0
0
0
0
0
0
0
0
0
0
0
0
0
0
0
0
0
0
0
0
0
0
0
0
0
0
0
0
0
0
0
0
0
0
0
0
0
0
0
0
0
0
0
0
0
0
0
0
0
0
0
0
0
0
0
0
0
0
0
0
0
0
0
0
0
0
0
0
0
0
0
0
0
0
0
0
0
0
0
0
0
0
0
0
0
0
0
0
0
0
0
0
0
0
0
0
0
0
0
0
0
0
0
0
0
0
0
0
0
0
0
0
0
0
0
0
0
0
0
0
0
0
0
0
0
0
0
0
0
0
0
0
0
0
0
0
0
0
0
0
0
0
0
0
0
0
0
0
0
0
0
0
0
0
0
0
0
0
0
0
0
0
0
0
0
0
0
0
0
0
0
0
0
0
0
0
0
0
0
0
0
0
0
0
0
0
0
0
0
0
0
0
0
0
0
0
0
0
0
0
0
0
0
0
0
0
0
0
0
0
0
0
0
0
0
0
0
0
0
0
0
0
0
0
0
0
0
0
0
0
0
0
0
0
0
0
0
0
0
0
0
0
0
0
0
0
0
0
0
0
0
0
0
0
0
0
0
0
0
0
0
0
0
0
0
0
0
0
0
0
0
0
0
0
0
0
0
0
0
0
0
0
0
0
0
0
0
0
0
0
0
0
0
0
0
0
0
0
0
0
0
0
0
0
0
0
0
0
0
0
0
0
0
0
0
0
0
0
0
0
0
0
0
0
0
0
0
0
0
0
0
0
0
0
0
0
0
0
0
0
0
0
0
0
0
0
0
0
0
0
0
0
0
0
0
0
0
0
0
0
0
0
0
0
0
0
0
0
0
0
0
0
0
0
0
0
0
0
0
0
0
0
0
0
0
0
0
0
0
0
0
0
0
0
0
0
0
0
0
0
0
0
0
0
0
0
0
0
0
0
0
0
0
0
0
0
0
0
0
0
0
0
0
0
0
0
0
0
0
0
0
0
0
0
0
0
0
0
0
0
0
0
0
0
0
0
0
0
0
0
0
0
0
0
0
0
0
0
0
0
0
0
0
0
0
0
0
0
0
0
0
0
0
0
0
0
0
0
0
0
0
0
0
0
0
0
0
0
0
0
0
0
0
0
0
0
0
0
0
0
0
0
0
0
0
0
0
0
0
0
0
0
0
0
0
0
0
0
0
0
0
0
0
0
0
0
0
0
0
0
0
0
0
0
0
0
0
0
0
0
0
0
0
0
0
0
0
0
0
0
0
0
0
0
0
0
0
0
0
0
0
0
0
0
0
0
0
0
0
0
0
0
0
0
0
0
0
0
0
0
0
0
0
0
0
0
0
0
0
0
0
0
0
0
0
0
0
0
0
0
0
0
0
0
0
0
0
0
0
0
0
0
0
0
0
0
0
0
0
0
0
0
0
0
0
0
0
0
0
0
0
0
0
0
0
0
0
0
0
0
0
0
0
0
0
0
0
0
0
0
0
0
0
0
0
0
0
0
0
0
0
0
0
0
0
0
0
0
0
0
0
0
0
0
0
0
0
0
0
0
0
0
0
0
0
0
0
0
0
0
0
0
0
0
0
0
0
0
0
0
0
0
0
0
0
0
0
0
0
0
0
0
0
0
0
0
0
0
0
0
0
0
0
0
0
0
0
0
0
0
0
0
0
0
0
0
0
0
0
0
0
0
0
0
0
0
0
0
0
0
0
0
0
0
0
0
0
0
0
0
0
0
0
0
0
0
0
0
0
0
0
0
0
0
0
0
0
0
0
0
0
0
0
0
0
0
0
0
0
0
0
0
0
0
0
0
0
0
0
0
0
0
0
0
0
0
0
0
0
0
0
0
0
0
0
0
0
0
0
0
0
0
0
0
0
0
0
0
0
0
0
0
0
0
0
0
0
0
0
0
0
0
0
0
0
0
0
0
0
0
0
0
0
0
0
0
0
0
0
0
0
0
0
0
0
0
0
0
0
0
0
0
0
0
0
0
0
0
0
0
0
0
0
0
0
0
0
0
0
0
0
0
0
0
0
0
0
0
0
0
0
0
0
0
0
0
0
0
0
0
0
0
0
0
0
0
0
0
0
0
0
0
0
0
0
0
0
0
0
0
0
0
0
0
0
0
0
0
0
0
0
0
0
0
0
0
0
0
0
0
0
0
0
0
0
0
0
0
0
0
0
0
0
0
0
0
0
0
0
0
0
0
0
0
0
0
0
0
0
0
0
0
0
0
0
0
0
0
0
0
0
0
0
0
0
0
0
0
0
0
0
0
0
0
0
0
0
0
0
0
0
0
0
0
0
0
0
0
0
0
0
0
0
0
0
0
0
0
0
0
0
0
0
0
0
0
0
0
0
0
0
0
0
0
0
0
0
0
0
0
0
0
0
0
0
0
0
0
0
0
0
0
0
0
0
0
0
0
0
0
0
0
0
0
0
0
0
0
0
0
0
0
0
0
0
0
0
0
0
0
0
0
0
0
0
0
0
0
0
0
0
0
0
0
0
0
0
0
0
0
0
0
0
0
0
0
0
0
0
0
0
0
0
0
0
0
0
0
0
0
0
0
0
0
0
0
0
0
0
0
0
0
0
0
0
0
0
0
0
0
0
0
0
0
0
0
0
0
0
0
0
0
0
0
0
0
0
0
0
0
0
0
0
0
0
0
0
0
0
0
0
0
0
0
0
0
0
0
0
0
0
0
0
0
0
0
0
0
0
0
0
0
0
0
0
0
0
0
0
0
0
0
0
0
0
0
0
0
0
0
0
0
0
0
0
0
0
0
0
0
0
0
0
0
0
0
0
0
0
0
0
0
0
0
0
0
0
0
0
0
0
0
0
0
0
0
0
0
0
0
0
0
0
0
0
0
0
0
0
0
0
0
0
0
0
0
0
0
0
0
0
0
0
0
0
0
0
0
0
0
0
0
0
0
0
0
0
0
0
0
0
0
0
0
0
0
0
0
0
0
0
0
0
0
0
0
0
0
0
0
0
0
0
0
0
0
0
0
0
0
0
0
0
0
0
0
0
0
0
0
0
0
0
0
0
0
0
0
0
0
0
0
0
0
0
0
0
0
0
0
0
0
0
0
0
0
0
0
0
0
0
0
0
0
0
0
0
0
0
0
0
0
0
0
0
0
0
0
0
0
0
0
0
0
0
0
0
0
0
0
0
0
0
0
0
0
0
0
0
0
0
0
0
0
0
0
0
0
0
0
0
0
0
0
0
0
0
0
0
0
0
0
0
0
0
0
0
0
0
0
0
0
0
0
0
0
0
0
0
0
0
0
0
0
0
0
0
0
0
0
0
0
0
0
0
0
0
0
0
0
0
0
0
0
0
0
0
0
0
0
0
0
0
0
0
0
0
0
0
0
0
0
0
0
0
0
0
0
0
0
0
0
0
0
0
0
0
0
0
0
0
0
0
0
0
0
0
0
0
0
0
0
0
0
0
0
0
0
0
0
0
0
0
0
0
0
0
0
0
0
0
0
0
0
0
0
0
0
0
0
0
0
0
0
0
0
0
0
0
0
0
0
0
0
0
0
0
0
0
0
0
0
0
0
0
0
0
0
0
0
0
0
0
0
0
0
0
0
0
0
0
0
0
0
0
0
0
0
0
0
0
0
0
0
0
0
0
0
0
0
0
0
0
0
0
0
0
0
0
0
0
0
0
0
0
0
0
0
0
0
0
0
0
0
0
0
0
0
0
0
0
0
0
0
0
0
0
0
0
0
0
0
0
0
0
0
0
0
0
0
0
0
0
0
0
0
0
0
0
0
0
0
0
0
0
0
0
0
0
0
0
0
0
0
0
0
0
0
0
0
0
0
0
0
0
0
0
0
0
0
0
0
0
0
0
0
0
0
0
0
0
0
0
0
0
0
0
0
0
0
0
0
0
0
0
0
0
0
0
0
0
0
0
0
0
0
0
0
0
0
0
0
0
0
0
0
0
0
0
0
0
0
0
0
0
0
0
0
0
0
0
0
0
0
0
0
0
0
0
0
0
0
0
0
0
0
0
0
0
0
0
0
0
0
0
0
0
0
0
0
0
0
0
0
0
0
0
0
0
0
0
0
0
0
0
0
0
0
0
0
0
0
0
0
0
0
0
0
0
0
0
0
0
0
0
0
0
0
0
0
0
0
0
0
0
0
0
0
0
0
0
0
0
0
0
0
0
0
0
0
0
0
0
0
0
0
0
0
0
0
0
0
0
0
0
0
0
0
0
0
0
0
0
0
0
0
0
0
0
0
0
0
0
0
0
0
0
0
0
0
0
0
0
0
0
0
0
0
0
0
0
0
0
0
0
0
0
0
0
0
0
0
0
0
0
0
0
0
0
0
0
0
0
0
0
0
0
0
0
0
0
0
0
0
0
0
0
0
0
0
0
0
0
0
0
0
0
0
0
0
0
0
0
0
0
0
0
0
0
0
0
0
0
0
0
0
0
0
0
0
0
0
0
0
0
0
0
0
0
0
0
0
0
0
0
0
0
0
0
0
0
0
0
0
0
0
0
0
0
0
0
0
0
0
0
0
0
0
0
0
0
0
0
0
0
0
0
0
0
0
0
0
0
0
0
0
0
0
0
0
0
0
0
0
0
0
0
0
0
0
0
0
0
0
0
0
0
0
0
0
0
0
0
0
0
0
0
0
0
0
0
0
0
0
0
0
0
0
0
0
0
0
0
0
0
0
0
0
0
0
0
0
0
0
0
0
0
0
0
0
0
0
0
0
0
0
0
0
0
0
0
0
0
0
0
0
0
0
0
0
0
0
0
0
0
0
0
0
0
0
0
0
0
0
0
0
0
0
0
0
0
0
0
0
0
0
0
0
0
0
0
0
0
0
0
0
0
0
0
0
0
0
0
0
0
0
0
0
0
0
0
0
0
0
0
0
0
0
0
0
0
0
0
0
0
0
0
0
0
0
0
0
0
0
0
0
0
0
0
0
0
0
0
0
0
0
0
0
0
0
0
0
0
0
0
0
0
0
0
0
0
0
0
0
0
0
0
0
0
0
0
0
0
0
0
0
0
0
0
0
0
0
0
0
0
0
0
0
0
0
0
0
0
0
0
0
0
0
0
0
0
0
0
0
0
0
0
0
0
0
0
0
0
0
0
0
0
0
0
0
0
0
0
0
0
0
0
0
0
0
0
0
0
0
0
0
0
0
0
0
0
0
0
0
0
0
0
0
0
0
0
0
0
0
0
0
0
0
0
0
0
0
0
0
0
0
0
0
0
0
0
0
0
0
0
0
0
0
0
0
0
0
0
0
0
0
0
0
0
0
0
0
0
0
0
0
0
0
0
0
0
0
0
0
0
0
0
0
0
0
0
0
0
0
0
0
0
0
0
0
0
0
0
0
0
0
0
0
0
0
0
0
0
0
0
0
0
0
0
0
0
0
0
0
0
0
0
0
0
0
0
0
0
0
0
0
0
0
0
0
0
0
0
0
0
0
0
0
0
0
0
0
0
0
0
0
0
0
0
0
0
0
0
0
0
0
0
0
0
0
0
0
0
0
0
0
0
0
0
0
0
0
0
0
0
0
0
0
0
0
0
0
0
0
0
0
0
0
0
0
0
0
0
0
0
0
0
0
0
0
0
0
0
0
0
0
0
0
0
0
0
0
0
0
0
0
0
0
0
0
0
0
0
0
0
0
0
0
0
0
0
0
0
0
0
0
0
0
0
0
0
0
0
0
0
0
0
0
0
0
0
0
0
0
0
0
0
0
0
0
0
0
0
0
0
0
0
0
0
0
0
0
0
0
0
0
0
0
0
0
0
0
0
0
0
0
0
0
0
0
0
0
0
0
0
0
0
0
0
0
0
0
0
0
0
0
0
0
0
0
0
0
0
0
0
0
0
0
0
0
0
0
0
0
0
0
0
0
0
0
0
0
0
0
0
0
0
0
0
0
0
0
0
0
0
0
0
0
0
0
0
0
0
0
0
0
0
0
0
0
0
0
0
0
0
0
0
0
0
0
0
0
0
0
0
0
0
0
0
0
0
0
0
0
0
0
0
0
0
0
0
0
0
0
0
0
0
0
0
0
0
0
0
0
0
0
0
0
0
0
0
0
0
0
0
0
0
0
0
0
0
0
0
0
0
0
0
0
0
0
0
0
0
0
0
0
0
0
0
0
0
0
0
0
0
0
0
0
0
0
0
0
0
0
0
0
0
0
0
0
0
0
0
0
0
0
0
0
0
0
0
0
0
0
0
0
0
0
0
0
0
0
0
0
0
0
0
0
0
0
0
0
0
0
0
0
0
0
0
0
0
0
0
0
0
0
0
0
0
0
0
0
0
0
0
0
0
0
0
0
0
0
0
0
0
0
0
0
0
0
0
0
0
0
0
0
0
0
0
0
0
0
0
0
0
0
0
0
0
0
0
0
0
0
0
0
0
0
0
0
0
0
0
0
0
0
0
0
0
0
0
0
0
0
0
0
0
0
0
0
0
0
0
0
0
0
0
0
0
0
0
0
0
0
0
0
0
0
0
0
0
0
0
0
0
0
0
0
0
0
0
0
0
0
0
0
0
0
0
0
0
0
0
0
0
0
0
0
0
0
0
0
0
0
0
0
0
0
0
0
0
0
0
0
0
0
0
0
0
0
0
0
0
0
0
0
0
0
0
0
0
0
0
0
0
0
0
0
0
0
0
0
0
0
0
0
0
0
0
0
0
0
0
0
0
0
0
0
0
0
0
0
0
0
0
0
0
0
0
0
0
0
0
0
0
0
0
0
0
0
0
0
0
0
0
0
0
0
0
0
0
0
0
0
0
0
0
0
0
0
0
0
0
0
0
0
0
0
0
0
0
0
0
0
0
0
0
0
0
0
0
0
0
0
0
0
0
0
0
0
0
0
0
0
0
0
0
0
0
0
0
0
0
0
0
0
0
0
0
0
0
0
0
0
0
0
0
0
0
0
0
0
0
0
0
0
0
0
0
0
0
0
0
0
0
0
0
0
0
0
0
0
0
0
0
0
0
0
0
0
0
0
0
0
0
0
0
0
0
0
0
0
0
0
0
0
0
0
0
0
0
0
0
0
0
0
0
0
0
0
0
0
0
0
0
0
0
0
0
0
0
0
0
0
0
0
0
0
0
0
0
0
0
0
0
0
0
0
0
0
0
0
0
0
0
0
0
0
0
0
0
0
0
0
0
0
0
0
0
0
0
0
0
0
0
0
0
0
0
0
0
0
0
0
0
0
0
0
0
0
0
0
0
0
0
0
0
0
0
0
0
0
0
0
0
0
0
0
0
0
0
0
0
0
0
0
0
0
0
0
0
0
0
0
0
0
0
0
0
0
0
0
0
0
0
0
0
0
0
0
0
0
0
0
0
0
0
0
0
0
0
0
0
0
0
0
0
0
0
0
0
0
0
0
0
0
0
0
0
0
0
0
0
0
0
0
0
0
0
0
0
0
0
0
0
0
0
0
0
0
0
0
0
0
0
0
0
0
0
0
0
0
0
0
0
0
0
0
0
0
0
0
0
0
0
0
0
0
0
0
0
0
0
0
0
0
0
0
0
0
0
0
0
0
0
0
0
0
0
0
0
0
0
0
0
0
0
0
0
0
0
0
0
0
0
0
0
0
0
0
0
0
0
0
0
0
0
0
0
0
0
0
0
0
0
0
0
0
0
0
0
0
0
0
0
0
0
0
0
0
0
0
0
0
0
0
0
0
0
0
0
0
0
0
0
0
0
0
0
0
0
0
0
0
0
0
0
0
0
0
0
0
0
0
0
0
0
0
0
0
0
0
0
0
0
0
0
0
0
0
0
0
0
0
0
0
0
0
0
0
0
0
0
0
0
0
0
0
0
0
0
0
0
0
0
0
0
0
0
0
0
0
0
0
0
0
0
0
0
0
0
0
0
0
0
0
0
0
0
0
0
0
0
0
0
0
0
0
0
0
0
0
0
0
0
0
0
0
0
0
0
0
0
0
0
0
0
0
0
0
0
0
0
0
0
0
0
0
0
0
0
0
0
0
0
0
0
0
0
0
0
0
0
0
0
0
0
0
0
0
0
0
0
0
0
0
0
0
0
0
0
0
0
0
0
0
0
0
0
0
0
0
0
0
0
0
0
0
0
0
0
0
0
0
0
0
0
0
0
0
0
0
0
0
0
0
0
0
0
0
0
0
0
0
0
0
0
0
0
0
0
0
0
0
0
0
0
0
0
0
0
0
0
0
0
0
0
0
0
0
0
0
0
0
0
0
0
0
0
0
0
0
0
0
0
0
0
0
0
0
0
0
0
0
0
0
0
0
0
0
0
0
0
0
0
0
0
0
0
0
0
0
0
0
0
0
0
0
0
0
0
0
0
0
0
0
0
0
0
0
0
0
0
0
0
0
0
0
0
0
0
0
0
0
0
0
0
0
0
0
0
0
0
0
0
0
0
0
0
0
0
0
0
0
0
0
0
0
0
0
0
0
0
0
0
0
0
0
0
0
0
0
0
0
0
0
0
0
0
0
0
0
0
0
0
0
0
0
0
0
0
0
0
0
0
0
0
0
0
0
0
0
0
0
0
0
0
0
0
0
0
0
0
0
0
0
0
0
0
0
0
0
0
0
0
0
0
0
0
0
0
0
0
0
0
0
0
0
0
0
0
0
0
0
0
0
0
0
0
0
0
0
0
0
0
0
0
0
0
0
0
0
0
0
0
0
0
0
0
0
0
0
0
0
0
0
0
0
0
0
0
0
0
0
0
0
0
0
0
0
0
0
0
0
0
0
0
0
0
0
0
0
0
0
0
0
0
0
0
0
0
0
0
0
0
0
0
0
0
0
0
0
0
0
0
0
0
0
0
0
0
0
0
0
0
0
0
0
0
0
0
0
0
0
0
0
0
0
0
0
0
0
0
0
0
0
0
0
0
0
0
0
0
0
0
0
0
0
0
0
0
0
0
0
0
0
0
0
0
0
0
0
0
0
0
0
0
0
0
0
0
0
0
0
0
0
0
0
0
0
0
0
0
0
0
0
0
0
0
0
0
0
0
0
0
0
0
0
0
0
0
0
0
0
0
0
0
0
0
0
0
0
0
0
0
0
0
0
0
0
0
0
0
0
0
0
0
0
0
0
0
0
0
0
0
0
0
0
0
0
0
0
0
0
0
0
0
0
0
0
0
0
0
0
0
0
0
0
0
0
0
0
0
0
0
0
0
0
0
0
0
0
0
0
0
0
0
0
0
0
0
0
0
0
0
0
0
0
0
0
0
0
0
0
0
0
0
0
0
0
0
0
0
0
0
0
0
0
0
0
0
0
0
0
0
0
0
0
0
0
0
0
0
0
0
0
0
0
0
0
0
0
0
0
0
0
0
0
0
0
0
0
0
0
0
0
0
0
0
0
0
0
0
0
0
0
0
0
0
0
0
0
0
0
0
0
0
0
0
0
0
0
0
0
0
0
0
0
0
0
0
0
0
0
0
0
0
0
0
0
0
0
0
0
0
0
0
0
0
0
0
0
0
0
0
0
0
0
0
0
0
0
0
0
0
0
0
0
0
0
0
0
0
0
0
0
0
0
0
0
0
0
0
0
0
0
0
0
0
0
0
0
0
0
0
0
0
0
0
0
0
0
0
0
0
0
0
0
0
0
0
0
0
0
0
0
0
0
0
0
0
0
0
0
0
0
0
0
0
0
0
0
0
0
0
0
0
0
0
0
0
0
0
0
0
0
0
0
0
0
0
0
0
0
0
0
0
0
0
0
0
0
0
0
0
0
0
0
0
0
0
0
0
0
0
0
0
0
0
0
0
0
0
0
0
0
0
0
0
0
0
0
0
0
0
0
0
0
0
0
0
0
0
0
0
0
0
0
0
0
0
0
0
0
0
0
0
0
0
0
0
0
0
0
0
0
0
0
0
0
0
0
0
0
0
0
0
0
0
0
0
0
0
0
0
0
0
0
0
0
0
0
0
0
0
0
0
0
0
0
0
0
0
0
0
0
0
0
0
0
0
0
0
0
0
0
0
0
0
0
0
0
0
0
0
0
0
0
0
0
0
0
0
0
0
0
0
0
0
0
0
0
0
0
0
0
0
0
0
0
0
0
0
0
0
0
0
0
0
0
0
0
0
0
0
0
0
0
0
0
0
0
0
0
0
0
0
0
0
0
0
0
0
0
0
0
0
0
0
0
0
0
0
0
0
0
0
0
0
0
0
0
0
0
0
0
0
0
0
0
0
0
0
0
0
0
0
0
0
0
0
0
0
0
0
0
0
0
0
0
0
0
0
0
0
0
0
0
0
0
0
0
0
0
0
0
0
0
0
0
0
0
0
0
0
0
0
0
0
0
0
0
0
0
0
0
0
0
0
0
0
0
0
0
0
0
0
0
0
0
0
0
0
0
0
0
0
0
0
0
0
0
0
0
0
0
0
0
0
0
0
0
0
0
0
0
0
0
0
0
0
0
0
0
0
0
0
0
0
0
0
0
0
0
0
0
0
0
0
0
0
0
0
0
0
0
0
0
0
0
0
0
0
0
0
0
0
0
0
0
0
0
0
0
0
0
0
0
0
0
0
0
0
0
0
0
0
0
0
0
0
0
0
0
0
0
0
0
0
0
0
0
0
0
0
0
0
0
0
0
0
0
0
0
0
0
0
0
0
0
0
0
0
0
0
0
0
0
0
0
0
0
0
0
0
0
0
0
0
0
0
0
0
0
0
0
0
0
0
0
0
0
0
0
0
0
0
0
0
0
0
0
0
0
0
0
0
0
0
0
0
0
0
0
0
0
0
0
0
0
0
0
0
0
0
0
0
0
0
0
0
0
0
0
0
0
0
0
0
0
0
0
0
0
0
0
0
0
0
0
0
0
0
0
0
0
0
0
0
0
0
0
0
0
0
0
0
0
0
0
0
0
0
0
0
0
0
0
0
0
0
0
0
0
0
0
0
0
0
0
0
0
0
0
0
0
0
0
0
0
0
0
0
0
0
0
0
0
0
0
0
0
0
0
0
0
0
0
0
0
0
0
0
0
0
0
0
0
0
0
0
0
0
0
0
0
0
0
0
0
0
0
0
0
0
0
0
0
0
0
0
0
0
0
0
0
0
0
0
0
0
0
0
0
0
0
0
0
0
0
0
0
0
0
0
0
0
0
0
0
0
0
0
0
0
0
0
0
0
0
0
0
0
0
0
0
0
0
0
0
0
0
0
0
0
0
0
0
0
0
0
0
0
0
0
0
0
0
0
0
0
0
0
0
0
0
0
0
0
0
0
0
0
0
0
0
0
0
0
0
0
0
0
0
0
0
0
0
0
0
0
0
0
0
0
0
0
0
0
0
0
0
0
0
0
0
0
0
0
0
0
0
0
0
0
0
0
0
0
0
0
0
0
0
0
0
0
0
0
0
0
0
0
0
0
0
0
0
0
0
0
0
0
0
0
0
0
0
0
0
0
0
0
0
0
0
0
0
0
0
0
0
0
0
0
0
0
0
0
0
0
0
0
0
0
0
0
0
0
0
0
0
0
0
0
0
0
0
0
0
0
0
0
0
0
0
0
0
0
0
0
0
0
0
0
0
0
0
0
0
0
0
0
0
0
0
0
0
0
0
0
0
0
0
0
0
0
0
0
0
0
0
0
0
0
0
0
0
0
0
0
0
0
0
0
0
0
0
0
0
0
0
0
0
0
0
0
0
0
0
0
0
0
0
0
0
0
0
0
0
0
0
0
0
0
0
0
0
0
0
0
0
0
0
0
0
0
0
0
0
0
0
0
0
0
0
0
0
0
0
0
0
0
0
0
0
0
0
0
0
0
0
0
0
0
0
0
0
0
0
0
0
0
0
0
0
0
0
0
0
0
0
0
0
0
0
0
0
0
0
0
0
0
0
0
0
0
0
0
0
0
0
0
0
0
0
0
0
0
0
0
0
0
0
0
0
0
0
0
0
0
0
0
0
0
0
0
0
0
0
0
0
0
0
0
0
0
0
0
0
0
0
0
0
0
0
0
0
0
0
0
0
0
0
0
0
0
0
0
0
0
0
0
0
0
0
0
0
0
0
0
0
0
0
0
0
0
0
0
0
0
0
0
0
0
0
0
0
0
0
0
0
0
0
0
0
0
0
0
0
0
0
0
0
0
0
0
0
0
0
0
0
0
0
0
0
0
0
0
0
0
0
0
0
0
0
0
0
0
0
0
0
0
0
0
0
0
0
0
0
0
0
0
0
0
0
0
0
0
0
0
0
0
0
0
0
0
0
0
0
0
0
0
0
0
0
0
0
0
0
0
0
0
0
0
0
0
0
0
0
0
0
0
0
0
0
0
0
0
0
0
0
0
0
0
0
0
0
0
0
0
0
0
0
0
0
0
0
0
0
0
0
0
0
0
0
0
0
0
0
0
0
0
0
0
0
0
0
0
0
0
0
0
0
0
0
0
0
0
0
0
0
0
0
0
0
0
0
0
0
0
0
0
0
0
0
0
0
0
0
0
0
0
0
0
0
0
0
0
0
0
0
0
0
0
0
0
0
0
0
0
0
0
0
0
0
0
0
0
0
0
0
0
0
0
0
0
0
0
0
0
0
0
0
0
0
0
0
0
0
0
0
0
0
0
0
0
0
0
0
0
0
0
0
0
0
0
0
0
0
0
0
0
0
0
0
0
0
0
0
0
0
0
0
0
0
0
0
0
0
0
0
0
0
0
0
0
0
0
0
0
0
0
0
0
0
0
0
0
0
0
0
0
0
0
0
0
0
0
0
0
0
0
0
0
0
0
0
0
0
0
0
0
0
0
0
0
0
0
0
0
0
0
0
0
0
0
0
0
0
0
0
0
0
0
0
0
0
0
0
0
0
0
0
0
0
0
0
0
0
0
0
0
0
0
0
0
0
0
0
0
0
0
0
0
0
0
0
0
0
0
0
0
0
0
0
0
0
0
0
0
0
0
0
0
0
0
0
0
0
0
0
0
0
0
0
0
0
0
0
0
0
0
0
0
0
0
0
0
0
0
0
0
0
0
0
0
0
0
0
0
0
0
0
0
0
0
0
0
0
0
0
0
0
0
0
0
0
0
0
0
0
0
0
0
0
0
0
0
0
0
0
0
0
0
0
0
0
0
0
0
0
0
0
0
0
0
0
0
0
0
0
0
0
0
0
0
0
0
0
0
0
0
0
0
0
0
0
0
0
0
0
0
0
0
0
0
0
0
0
0
0
0
0
0
0
0
0
0
0
0
0
0
0
0
0
0
0
0
0
0
0
0
0
0
0
0
0
0
0
0
0
0
0
0
0
0
0
0
0
0
0
0
0
0
0
0
0
0
0
0
0
0
0
0
0
0
0
0
0
0
0
0
0
0
0
0
0
0
0
0
0
0
0
0
0
0
0
0
0
0
0
0
0
0
0
0
0
0
0
0
0
0
0
0
0
0
0
0
0
0
0
0
0
0
0
0
0
0
0
0
0
0
0
0
0
0
0
0
0
0
0
0
0
0
0
0
0
0
0
0
0
0
0
0
0
0
0
0
0
0
0
0
0
0
0
0
0
0
0
0
0
0
0
0
0
0
0
0
0
0
0
0
0
0
0
0
0
0
0
0
0
0
0
0
0
0
0
0
0
0
0
0
0
0
0
0
0
0
0
0
0
0
0
0
0
0
0
0
0
0
0
0
0
0
0
0
0
0
0
0
0
0
0
0
0
0
0
0
0
0
0
0
0
0
0
0
0
0
0
0
0
0
0
0
0
0
0
0
0
0
0
0
0
0
0
0
0
0
0
0
0
0
0
0
0
0
0
0
0
0
0
0
0
0
0
0
0
0
0
0
0
0
0
0
0
0
0
0
0
0
0
0
0
0
0
0
0
0
0
0
0
0
0
0
0
0
0
0
0
0
0
0
0
0
0
0
0
0
0
0
0
0
0
0
0
0
0
0
0
0
0
0
0
0
0
0
0
0
0
0
0
0
0
0
0
0
0
0
0
0
0
0
0
0
0
0
0
0
0
0
0
0
0
0
0
0
0
0
0
0
0
0
0
0
0
0
0
0
0
0
0
0
0
0
0
0
0
0
0
0
0
0
0
0
0
0
0
0
0
0
0
0
0
0
0
0
0
0
0
0
0
0
0
0
0
0
0
0
0
0
0
0
0
0
0
0
0
0
0
0
0
0
0
0
0
0
0
0
0
0
0
0
0
0
0
0
0
0
0
0
0
0
0
0
0
0
0
0
0
0
0
0
0
0
0
0
0
0
0
0
0
0
0
0
0
0
0
0
0
0
0
0
0
0
0
0
0
0
0
0
0
0
0
0
0
0
0
0
0
0
0
0
0
0
0
0
0
0
0
0
0
0
0
0
0
0
0
0
0
0
0
0
0
0
0
0
0
0
0
0
0
0
0
0
0
0
0
0
0
0
0
0
0
0
0
0
0
0
0
0
0
0
0
0
0
0
0
0
0
0
0
0
0
0
0
0
0
0
0
0
0
0
0
0
0
0
0
0
0
0
0
0
0
0
0
0
0
0
0
0
0
0
0
0
0
0
0
0
0
0
0
0
0
0
0
0
0
0
0
0
0
0
0
0
0
0
0
0
0
0
0
0
0
0
0
0
0
0
0
0
0
0
0
0
0
0
0
0
0
0
0
0
0
0
0
0
0
0
0
0
0
0
0
0
0
0
0
0
0
0
0
0
0
0
0
0
0
0
0
0
0
0
0
0
0
0
0
0
0
0
0
0
0
0
0
0
0
0
0
0
0
0
0
0
0
0
0
0
0
0
0
0
0
0
0
0
0
0
0
0
0
0
0
0
0
0
0
0
0
0
0
0
0
0
0
0
0
0
0
0
0
0
0
0
0
0
0
0
0
0
0
0
0
0
0
0
0
0
0
0
0
0
0
0
0
0
0
0
0
0
0
0
0
0
0
0
0
0
0
0
0
0
0
0
0
0
0
0
0
0
0
0
0
0
0
0
0
0
0
0
0
0
0
0
0
0
0
0
0
0
0
0
0
0
0
0
0
0
0
0
0
0
0
0
0
0
0
0
0
0
0
0
0
0
0
0
0
0
0
0
0
0
0
0
0
0
0
0
0
0
0
0
0
0
0
0
0
0
0
0
0
0
0
0
0
0
0
0
0
0
0
0
0
0
0
0
0
0
0
0
0
0
0
0
0
0
0
0
0
0
0
0
0
0
0
0
0
0
0
0
0
0
0
0
0
0
0
0
0
0
0
0
0
0
0
0
0
0
0
0
0
0
0
0
0
0
0
0
0
0
0
0
0
0
0
0
0
0
0
0
0
0
0
0
0
0
0
0
0
0
0
0
0
0
0
0
0
0
0
0
0
0
0
0
0
0
0
0
0
0
0
0
0
0
0
0
0
0
0
0
0
0
0
0
0
0
0
0
0
0
0
0
0
0
0
0
0
0
0
0
0
0
0
0
0
0
0
0
0
0
0
0
0
0
0
0
0
0
0
0
0
0
0
0
0
0
0
0
0
0
0
0
0
0
0
0
0
0
0
0
0
0
0
0
0
0
0
0
0
0
0
0
0
0
0
0
0
0
0
0
0
0
0
0
0
0
0
0
0
0
0
0
0
0
0
0
0
0
0
0
0
0
0
0
0
0
0
0
0
0
0
0
0
0
0
0
0
0
0
0
0
0
0
0
0
0
0
0
0
0
0
0
0
0
0
0
0
0
0
0
0
0
0
0
0
0
0
0
0
0
0
0
0
0
0
0
0
0
0
0
0
0
0
0
0
0
0
0
0
0
0
0
0
0
0
0
0
0
0
0
0
0
0
0
0
0
0
0
0
0
0
0
0
0
0
0
0
0
0
0
0
0
0
0
0
0
0
0
0
0
0
0
0
0
0
0
0
0
0
0
0
0
0
0
0
0
0
0
0
0
0
0
0
0
0
0
0
0
0
0
0
0
0
0
0
0
0
0
0
0
0
0
0
0
0
0
0
0
0
0
0
0
0
0
0
0
0
0
0
0
0
0
0
0
0
0
0
0
0
0
0
0
0
0
0
0
0
0
0
0
0
0
0
0
0
0
0
0
0
0
0
0
0
0
0
0
0
0
0
0
0
0
0
0
0
0
0
0
0
0
0
0
0
0
0
0
0
0
0
0
0
0
0
0
0
0
0
0
0
0
0
0
0
0
0
0
0
0
0
0
0
0
0
0
0
0
0
0
0
0
0
0
0
0
0
0
0
0
0
0
0
0
0
0
0
0
0
0
0
0
0
0
0
0
0
0
0
0
0
0
0
0
0
0
0
0
0
0
0
0
0
0
0
0
0
0
0
0
0
0
0
0
0
0
0
0
0
0
0
0
0
0
0
0
0
0
0
0
0
0
0
0
0
0
0
0
0
0
0
0
0
0
0
0
0
0
0
0
0
0
0
0
0
0
0
0
0
0
0
0
0
0
0
0
0
0
0
0
0
0
0
0
0
0
0
0
0
0
0
0
0
0
0
0
0
0
0
0
0
0
0
0
0
0
0
0
0
0
0
0
0
0
0
0
0
0
0
0
0
0
0
0
0
0
0
0
0
0
0
0
0
0
0
0
0
0
0
0
0
0
0
0
0
0
0
0
0
0
0
0
0
0
0
0
0
0
0
0
0
0
0
0
0
0
0
0
0
0
0
0
0
0
0
0
0
0
0
0
0
0
0
0
0
0
0
0
0
0
0
0
0
0
0
0
0
0
0
0
0
0
0
0
0
0
0
0
0
0
0
0
0
0
0
0
0
0
0
0
0
0
0
0
0
0
0
0
0
0
0
0
0
0
0
0
0
0
0
0
0
0
0
0
0
0
0
0
0
0
0
0
0
0
0
0
0
0
0
0
0
0
0
0
0
0
0
0
0
0
0
0
0
0
0
0
0
0
0
0
0
0
0
0
0
0
0
0
0
0
0
0
0
0
0
0
0
0
0
0
0
0
0
0
0
0
0
0
0
0
0
0
0
0
0
0
0
0
0
0
0
0
0
0
0
0
0
0
0
0
0
0
0
0
0
0
0
0
0
0
0
0
0
0
0
0
0
0
0
0
0
0
0
0
0
0
0
0
0
0
0
0
0
0
0
0
0
0
0
0
0
0
0
0
0
0
0
0
0
0
0
0
0
0
0
0
0
0
0
0
0
0
0
0
0
0
0
0
0
0
0
0
0
0
0
0
0
0
0
0
0
0
0
0
0
0
0
0
0
0
0
0
0
0
0
0
0
0
0
0
0
0
0
0
0
0
0
0
0
0
0
0
0
0
0
0
0
0
0
0
0
0
0
0
0
0
0
0
0
0
0
0
0
0
0
0
0
0
0
0
0
0
0
0
0
0
0
0
0
0
0
0
0
0
0
0
0
0
0
0
0
0
0
0
0
0
0
0
0
0
0
0
0
0
0
0
0
0
0
0
0
0
0
0
0
0
0
0
0
0
0
0
0
0
0
0
0
0
0
0
0
0
0
0
0
0
0
0
0
0
0
0
0
0
0
0
0
0
0
0
0
0
0
0
0
0
0
0
0
0
0
0
0
0
0
0
0
0
0
0
0
0
0
0
0
0
0
0
0
0
0
0
0
0
0
0
0
0
0
0
0
0
0
0
0
0
0
0
0
0
0
0
0
0
0
0
0
0
0
0
0
0
0
0
0
0
0
0
0
0
0
0
0
0
0
0
0
0
0
0
0
0
0
0
0
0
0
0
0
0
0
0
0
0
0
0
0
0
0
0
0
0
0
0
0
0
0
0
0
0
0
0
0
0
0
0
0
0
0
0
0
0
0
0
0
0
0
0
0
0
0
0
0
0
0
0
0
0
0
0
0
0
0
0
0
0
0
0
0
0
0
0
0
0
0
0
0
0
0
0
0
0
0
0
0
0
0
0
0
0
0
0
0
0
0
0
0
0
0
0
0
0
0
0
0
0
0
0
0
0
0
0
0
0
0
0
0
0
0
0
0
0
0
0
0
0
0
0
0
0
0
0
0
0
0
0
0
0
0
0
0
0
0
0
0
0
0
0
0
0
0
0
0
0
0
0
0
0
0
0
0
0
0
0
0
0
0
0
0
0
0
0
0
0
0
0
0
0
0
0
0
0
0
0
0
0
0
0
0
0
0
0
0
0
0
0
0
0
0
0
0
0
0
0
0
0
0
0
0
0
0
0
0
0
0
0
0
0
0
0
0
0
0
0
0
0
0
0
0
0
0
0
0
0
0
0
0
0
0
0
0
0
0
0
0
0
0
0
0
0
0
0
0
0
0
0
0
0
0
0
0
0
0
0
0
0
0
0
0
0
0
0
0
0
0
0
0
0
0
0
0
0
0
0
0
0
0
0
0
0
0
0
0
0
0
0
0
0
0
0
0
0
0
0
0
0
0
0
0
0
0
0
0
0
0
0
0
0
0
0
0
0
0
0
0
0
0
0
0
0
0
0
0
0
0
0
0
0
0
0
0
0
0
0
0
0
0
0
0
0
0
0
0
0
0
0
0
0
0
0
0
0
0
0
0
0
0
0
0
0
0
0
0
0
0
0
0
0
0
0
0
0
0
0
0
0
0
0
0
0
0
0
0
0
0
0
0
0
0
0
0
0
0
0
0
0
0
0
0
0
0
0
0
0
0
0
0
0
0
0
0
0
0
0
0
0
0
0
0
0
0
0
0
0
0
0
0
0
0
0
0
0
0
0
0
0
0
0
0
0
0
0
0
0
0
0
0
0
0
0
0
0
0
0
0
0
0
0
0
0
0
0
0
0
0
0
0
0
0
0
0
0
0
0
0
0
0
0
0
0
0
0
0
0
0
0
0
0
0
0
0
0
0
0
0
0
0
0
0
0
0
0
0
0
0
0
0
0
0
0
0
0
0
0
0
0
0
0
0
0
0
0
0
0
0
0
0
0
0
0
0
0
0
0
0
0
0
0
0
0
0
0
0
0
0
0
0
0
0
0
0
0
0
0
0
0
0
0
0
0
0
0
0
0
0
0
0
0
0
0
0
0
0
0
0
0
0
0
0
0
0
0
0
0
0
0
0
0
0
0
0
0
0
0
0
0
0
0
0
0
0
0
0
0
0
0
0
0
0
0
0
0
0
0
0
0
0
0
0
0
0
0
0
0
0
0
0
0
0
0
0
0
0
0
0
0
0
0
0
0
0
0
0
0
0
0
0
0
0
0
0
0
0
0
0
0
0
0
0
0
0
0
0
0
0
0
0
0
0
0
0
0
0
0
0
0
0
0
0
0
0
0
0
0
0
0
0
0
0
0
0
0
0
0
0
0
0
0
0
0
0
0
0
0
0
0
0
0
0
0
0
0
0
0
0
0
0
0
0
0
0
0
0
0
0
0
0
0
0
0
0
0
0
0
0
0
0
0
0
0
0
0
0
0
0
0
0
0
0
0
0
0
0
0
0
0
0
0
0
0
0
0
0
0
0
0
0
0
0
0
0
0
0
0
0
0
0
0
0
0
0
0
0
0
0
0
0
0
0
0
0
0
0
0
0
0
0
0
0
0
0
0
0
0
0
0
0
0
0
0
0
0
0
0
0
0
0
0
0
0
0
0
0
0
0
0
0
0
0
0
0
0
0
0
0
0
0
0
0
0
0
0
0
0
0
0
0
0
0
0
0
0
0
0
0
0
0
0
0
0
0
0
0
0
0
0
0
0
0
0
0
0
0
0
0
0
0
0
0
0
0
0
0
0
0
0
0
0
0
0
0
0
0
0
0
0
0
0
0
0
0
0
0
0
0
0
0
0
0
0
0
0
0
0
0
0
0
0
0
0
0
0
0
0
0
0
0
0
0
0
0
0
0
0
0
0
0
0
0
0
0
0
0
0
0
0
0
0
0
0
0
0
0
0
0
0
0
0
0
0
0
0
0
0
0
0
0
0
0
0
0
0
0
0
0
0
0
0
0
0
0
0
0
0
0
0
0
0
0
0
0
0
0
0
0
0
0
0
0
0
0
0
0
0
0
0
0
0
0
0
0
0
0
0
0
0
0
0
0
0
0
0
0
0
0
0
0
0
0
0
0
0
0
0
0
0
0
0
0
0
0
0
0
0
0
0
0
0
0
0
0
0
0
0
0
0
0
0
0
0
0
0
0
0
0
0
0
0
0
0
0
0
0
0
0
0
0
0
0
0
0
0
0
0
0
0
0
0
0
0
0
0
0
0
0
0
0
0
0
0
0
0
0
0
0
0
0
0
0
0
0
0
0
0
0
0
0
0
0
0
0
0
0
0
0
0
0
0
0
0
0
0
0
0
0
0
0
0
0
0
0
0
0
0
0
0
0
0
0
0
0
0
0
0
0
0
0
0
0
0
0
0
0
0
0
0
0
0
0
0
0
0
0
0
0
0
0
0
0
0
0
0
0
0
0
0
0
0
0
0
0
0
0
0
0
0
0
0
0
0
0
0
0
0
0
0
0
0
0
0
0
0
0
0
0
0
0
0
0
0
0
0
0
0
0
0
0
0
0
0
0
0
0
0
0
0
0
0
0
0
0
0
0
0
0
0
0
0
0
0
0
0
0
0
0
0
0
0
0
0
0
0
0
0
0
0
0
0
0
0
0
0
0
0
0
0
0
0
0
0
0
0
0
0
0
0
0
0
0
0
0
0
0
0
0
0
0
0
0
0
0
0
0
0
0
0
0
0
0
0
0
0
0
0
0
0
0
0
0
0
0
0
0
0
0
0
0
0
0
0
0
0
0
0
0
0
0
0
0
0
0
0
0
0
0
0
0
0
0
0
0
0
0
0
0
0
0
0
0
0
0
0
0
0
0
0
0
0
0
0
0
0
0
0
0
0
0
0
0
0
0
0
0
0
0
0
0
0
0
0
0
0
0
0
0
0
0
0
0
0
0
0
0
0
0
0
0
0
0
0
0
0
0
0
0
0
0
0
0
0
0
0
0
0
0
0
0
0
0
0
0
0
0
0
0
0
0
0
0
0
0
0
0
0
0
0
0
0
0
0
0
0
0
0
0
0
0
0
0
0
0
0
0
0
0
0
0
0
0
0
0
0
0
0
0
0
0
0
0
0
0
0
0
0
0
0
0
0
0
0
0
0
0
0
0
0
0
0
0
0
0
0
0
0
0
0
0
0
0
0
0
0
0
0
0
0
0
0
0
0
0
0
0
0
0
0
0
0
0
0
0
0
0
0
0
0
0
0
0
0
0
0
0
0
0
0
0
0
0
0
0
0
0
0
0
0
0
0
0
0
0
0
0
0
0
0
0
0
0
0
0
0
0
0
0
0
0
0
0
0
0
0
0
0
0
0
0
0
0
0
0
0
0
0
0
0
0
0
0
0
0
0
0
0
0
0
0
0
0
0
0
0
0
0
0
0
0
0
0
0
0
0
0
0
0
0
0
0
0
0
0
0
0
0
0
0
0
0
0
0
0
0
0
0
0
0
0
0
0
0
0
0
0
0
0
0
0
0
0
0
0
0
0
0
0
0
0
0
0
0
0
0
0
0
0
0
0
0
0
0
0
0
0
0
0
0
0
0
0
0
0
0
0
0
0
0
0
0
0
0
0
0
0
0
0
0
0
0
0
0
0
0
0
0
0
0
0
0
0
0
0
0
0
0
0
0
0
0
0
0
0
0
0
0
0
0
0
0
0
0
0
0
0
0
0
0
0
0
0
0
0
0
0
0
0
0
0
0
0
0
0
0
0
0
0
0
0
0
0
0
0
0
0
0
0
0
0
0
0
0
0
0
0
0
0
0
0
0
0
0
0
0
0
0
0
0
0
0
0
0
0
0
0
0
0
0
0
0
0
0
0
0
0
0
0
0
0
0
0
0
0
0
0
0
0
0
0
0
0
0
0
0
0
0
0
0
0
0
0
0
0
0
0
0
0
0
0
0
0
0
0
0
0
0
0
0
0
0
0
0
0
0
0
0
0
0
0
0
0
0
0
0
0
0
0
0
0
0
0
0
0
0
0
0
0
0
0
0
0
0
0
0
0
0
0
0
0
0
0
0
0
0
0
0
0
0
0
0
0
0
0
0
0
0
0
0
0
0
0
0
0
0
0
0
0
0
0
0
0
0
0
0
0
0
0
0
0
0
0
0
0
0
0
0
0
0
0
0
0
0
0
0
0
0
0
0
0
0
0
0
0
0
0
0
0
0
0
0
0
0
0
0
0
0
0
0
0
0
0
0
0
0
0
0
0
0
0
0
0
0
0
0
0
0
0
0
0
0
0
0
0
0
0
0
0
0
0
0
0
0
0
0
0
0
0
0
0
0
0
0
0
0
0
0
0
0
0
0
0
0
0
0
0
0
0
0
0
0
0
0
0
0
0
0
0
0
0
0
0
0
0
0
0
0
0
0
0
0
0
0
0
0
0
0
0
0
0
0
0
0
0
0
0
0
0
0
0
0
0
0
0
0
0
0
0
0
0
0
0
0
0
0
0
0
0
0
0
0
0
0
0
0
0
0
0
0
0
0
0
0
0
0
0
0
0
0
0
0
0
0
0
0
0
0
0
0
0
0
0
0
0
0
0
0
0
0
0
0
0
0
0
0
0
0
0
0
0
0
0
0
0
0
0
0
0
0
0
0
0
0
0
0
0
0
0
0
0
0
0
0
0
0
0
0
0
0
0
0
0
0
0
0
0
0
0
0
0
0
0
0
0
0
0
0
0
0
0
0
0
0
0
0
0
0
0
0
0
0
0
0
0
0
0
0
0
0
0
0
0
0
0
0
0
0
0
0
0
0
0
0
0
0
0
0
0
0
0
0
0
0
0
0
0
0
0
0
0
0
0
0
0
0
0
0
0
0
0
0
0
0
0
0
0
0
0
0
0
0
0
0
0
0
0
0
0
0
0
0
0
0
0
0
0
0
0
0
0
0
0
0
0
0
0
0
0
0
0
0
0
0
0
0
0
0
0
0
0
0
0
0
0
0
0
0
0
0
0
0
0
0
0
0
0
0
0
0
0
0
0
0
0
0
0
0
0
0
0
0
0
0
0
0
0
0
0
0
0
0
0
0
0
0
0
0
0
0
0
0
0
0
0
0
0
0
0
0
0
0
0
0
0
0
0
0
0
0
0
0
0
0
0
0
0
0
0
0
0
0
0
0
0
0
0
0
0
0
0
0
0
0
0
0
0
0
0
0
0
0
0
0
0
0
0
0
0
0
0
0
0
0
0
0
0
0
0
0
0
0
0
0
0
0
0
0
0
0
0
0
0
0
0
0
0
0
0
0
0
0
0
0
0
0
0
0
0
0
0
0
0
0
0
0
0
0
0
0
0
0
0
0
0
0
0
0
0
0
0
0
0
0
0
0
0
0
0
0
0
0
0
0
0
0
0
0
0
0
0
0
0
0
0
0
0
0
0
0
0
0
0
0
0
0
0
0
0
0
0
0
0
0
0
0
0
0
0
0
0
0
0
0
0
0
0
0
0
0
0
0
0
0
0
0
0
0
0
0
0
0
0
0
0
0
0
0
0
0
0
0
0
0
0
0
0
0
0
0
0
0
0
0
0
0
0
0
0
0
0
0
0
0
0
0
0
0
0
0
0
0
0
0
0
0
0
0
0
0
0
0
0
0
0
0
0
0
0
0
0
0
0
0
0
0
0
0
0
0
0
0
0
0
0
0
0
0
0
0
0
0
0
0
0
0
0
0
0
0
0
0
0
0
0
0
0
0
0
0
0
0
0
0
0
0
0
0
0
0
0
0
0
0
0
0
0
0
0
0
0
0
0
0
0
0
0
0
0
0
0
0
0
0
0
0
0
0
0
0
0
0
0
0
0
0
0
0
0
0
0
0
0
0
0
0
0
0
0
0
0
0
0
0
0
0
0
0
0
0
0
0
0
0
0
0
0
0
0
0
0
0
0
0
0
0
0
0
0
0
0
0
0
0
0
0
0
0
0
0
0
0
0
0
0
0
0
0
0
0
0
0
0
0
0
0
0
0
0
0
0
0
0
0
0
0
0
0
0
0
0
0
0
0
0
0
0
0
0
0
0
0
0
0
0
0
0
0
0
0
0
0
0
0
0
0
0
0
0
0
0
0
0
0
0
0
0
0
0
0
0
0
0
0
0
0
0
0
0
0
0
0
0
0
0
0
0
0
0
0
0
0
0
0
0
0
0
0
0
0
0
0
0
0
0
0
0
0
0
0
0
0
0
0
0
0
0
0
0
0
0
0
0
0
0
0
0
0
0
0
0
0
0
0
0
0
0
0
0
0
0
0
0
0
0
0
0
0
0
0
0
0
0
0
0
0
0
0
0
0
0
0
0
0
0
0
0
0
0
0
0
0
0
0
0
0
0
0
0
0
0
0
0
0
0
0
0
0
0
0
0
0
0
0
0
0
0
0
0
0
0
0
0
0
0
0
0
0
0
0
0
0
0
0
0
0
0
0
0
0
0
0
0
0
0
0
0
0
0
0
0
0
0
0
0
0
0
0
0
0
0
0
0
0
0
0
0
0
0
0
0
0
0
0
0
0
0
0
0
0
0
0
0
0
0
0
0
0
0
0
0
0
0
0
0
0
0
0
0
0
0
0
0
0
0
0
0
0
0
0
0
0
0
0
0
0
0
0
0
0
0
0
0
0
0
0
0
0
0
0
0
0
0
0.049154846
0.348323
0.02299742
0.39585466
0.039019723
0.13963881
0.059906549
0.14540469
0.38563969
0.034460129
0.22926209
0.050947426
0.028052631
0.10925227
0.023238661
0.029313421
0.12230109
0.30712056
0.18140692
0.12647035
0.22677978
0.067382215
0.19275719
0.020994776
0.40260598
0.088383653
0.027239419
0.36243017
0.12488775
0.039370819
0.092224362
0.17325959
0.25478761
0.21155126
0.028518
0.074562327
0.10206398
0.027901965
0.045006363
0.0255431
0.15698515
0.12552831
0.07471777
0.073895816
0.10163455
0.066280095
0.22970604
0.022588729
0.038568027
0.032413027
0.025489664
0.037655646
0.066055043
0.044766458
0.022380489
0.022346743
0.099301542
0.044353911
0.059158269
0.10905223
0.12478739
0.15437482
0.18447164
0.17870996
0.34351427
0.034553845
0.10374682
0.087246883
0.25521228
0.10000546
0.1231082
0.037705458
0.078215704
0.035916512
0.10511026
0.02403262
0.063265281
0.29555121
0.23259703
0.18566869
0.02225323
0.35234281
0.083277931
0.41344609
0.33480332
0.45565235
0.48358303
0.43910665
0.022853859
0.41298758
0.32619097
0.058187413
0.15978496
0.15546067
0.03417873
0.059616683
0.082023063
0.15650339
0.12819193
0.12099976
0.022538759
0.054821715
0.066782984
0.053477478
0.18830131
0.049380172
0.43452829
0.09026757
0.17007205
0.21981007
0.10247273
0.11497878
0.079037173
0.34037112
0.061871296
0.025570242
0.09601751
0.073767758
0.042565513
0.5096311
0.092707182
0.020894548
0.070554918
0.28519929
0.073713906
0.071455783
0.30993331
0.096230321
0.09139828
0.023564993
0.3940969
0.18836866
0.022180889
0.26771809
0.055219782
0.35699421
0.14077787
0.12774253
0.091176749
0.044659407
0.17783087
0.14771744
0.26644865
0.10219837
0.46976085
0.38486332
0.18623075
0.25190921
0.044349077
0.40461781
0.020135046
0.22882938
0.13214174
0.022365804
0.045469993
0.063878276
0.024913235
0.41517821
0.46010614
0.34484564
0.35585556
0.25291514
0.18079915
0.064430382
0.085710864
0.069276649
0.17698548
0.10796464
0.098614525
0.074524187
0.11125445
0.28450044
0.27136239
0.098203999
0.14122772
0.1347532
0.30012308
0.13459185
0.11942105
0.17838624
0.14675979
0.05146667
0.11844364
0.078026876
0.10055277
0.12047328
0.059155088
0.096256609
0.13117836
0.08707584
0.054824748
0.080193142
0.35224773
0.073452848
0.10295135
0.42569749
0.046414584
0.48716471
0.024853317
0.33132457
0.45258172
0.026870007
0.059618135
0.020880251
0.12262277
0.45695374
0.38779847
0.076420011
0.027519399
0.23651254
0.090510686
0.10245119
0.36655308
0.0915405
0.035352753
0.11174985
0.063660302
0.020242252
0.10128992
0.274914
0.042296454
0.2480202
0.12050578
0.12461447
0.042192993
0.21917007
0.083238353
0.4220082
0.36372156
0.021749162
0.038385826
0.13970524
0.025020758
0.13063145
0.076861851
0.43526163
0.04384121
0.22547265
0.21984725
0.36752419
0.27604079
0.04484808
0.023147638
0.095521772
0.076458753
0.2047614
0.067412279
0.02087477
0.06310719
0.028071325
0.052705528
0.31354289
0.071974406
0.29287469
0.41879153
0.02845695
0.32133325
0.48889126
0.44075561
0.030208784
0.53220845
0.40901549
0.057026594
0.070276374
0.23792936
0.37077431
0.49233602
0.32173998
0.034096047
0.050352937
0.158643
0.28445113
0.54258852
0.11873608
0.46595057
0.28379315
0.14284319
0.1661748
0.19651218
0.3899695
0.1633294
0.13631417
0.096806836
0.056769191
0.30712345
0.077834992
0.28693557
0.16652997
0.22178078
0.04858793
0.20017385
0.10668844
0.17128751
0.1267552
0.095260083
0.31608868
0.23725208
0.031193079
0.091592506
0.072310489
0.19011955
0.13376845
0.23293741
0.39578555
0.43871219
0.10392884
0.027970584
0.18305527
0.061577217
0.27358246
0.065117929
0.23865166
0.12490766
0.28471708
0.055245636
0.067602418
0.020342635
0.092030078
0.022968798
0.18204336
0.11774999
0.085872922
0.049096704
0.12166705
0.17732471
0.024649056
0.29059348
0.1695448
0.11042666
0.31436961
0.11541772
0.028023565
0.40480428
0.37190889
0.15317617
0.026633235
0.14511898
0.26653321
0.38757779
0.054750546
0.097587092
0.35402709
0.37598001
0.18387124
0.070220781
0.075070335
0.061794844
0.46640223
0.43895115
0.32684764
0.29888299
0.12554236
0.24483262
0.1234223
0.11648906
0.067626554
0.32549514
0.20386596
0.033355623
0.17557136
0.42312971
0.074069173
0.10738025
0.46731759
0.46049742
0.35692523
0.40947257
0.40139455
0.16144406
0.3634906
0.39293369
0.041123978
0.17762908
0.19473717
0.030765304
0.3703668
0.12246481
0.35684038
0.44429593
0.044053923
0.40343499
0.093329458
0.16109997
0.095896941
0.23528958
0.43608551
0.22574886
0.30962198
0.04843546
0.061390703
0.3821981
0.025721787
0.3617327
0.061722447
0.32135347
0.022542132
0.025053474
0.024067248
0.059497797
0.046542017
0.30337718
0.030965453
0.062369074
0.42285347
0.41742065
0.34544871
0.30863331
0.27359202
0.083431436
0.32081099
0.27677207
0.024435005
0.031728674
0.32529024
0.41253105
0.069074728
0.2988533
0.24915647
0.045780309
0.024922241
0.021265053
0.30402474
0.18021497
0.43148854
0.074457357
0.24762775
0.11203066
0.10920641
0.038815158
0.11694876
0.032487195
0.18756037
0.18948435
0.09987006
0.35602725
0.030463963
0.35420233
0.087122896
0.12478089
0.1855858
0.37860913
0.18437909
0.38309658
0.12741851
0.021207928
0.050605809
0.31223607
0.095876582
0.11609241
0.30706648
0.20409071
0.23140016
0.10171243
0.25916849
0.071717335
0.0888444
0.32710648
0.028851192
0.18565629
0.06735114
0.086404058
0.31928208
0.14133312
0.026921285
0.33203801
0.20220747
0.25775208
0.37845067
0.2816463
0.082307923
0.080910528
0.31780403
0.035229311
0.34852796
0.086024573
0.02723644
0.16589123
0.04847431
0.098619987
0.38004571
0.089294679
0.19235874
0.1770892
0.1184853
0.10908534
0.030561171
0.37674781
0.065062466
0.52046566
0.11753676
0.28862402
0.50400297
0.47014493
0.18348717
0.50736715
0.30274823
0.33729797
0.33410132
0.50900608
0.48216003
0.044793448
0.21680356
0.10515982
0.1382664
0.29890192
0.022938014
0.042177664
0.09442826
0.34114587
0.21060045
0.03615219
0.25500357
0.081539583
0.021970339
0.12877179
0.053211105
0.22051926
0.057192878
0.24158684
0.21072748
0.39642019
0.29648947
0.091847981
0.3779398
0.035684023
0.19163061
0.088804914
0.066781037
0.15637082
0.034008845
0.2758881
0.021758744
0.022080511
0.027556803
0.055521839
0.1017184
0.18893631
0.04748759
0.022939078
0.096512387
0.069145804
0.21828332
0.16603472
0.027938227
0.11857379
0.062049213
0.14007808
0.027466635
0.052710501
0.10993662
0.16294549
0.2406056
0.046101131
0.076762851
0.10308445
0.049412485
0.045840183
0.091784964
0.099432899
0.43573219
0.091409098
0.15325579
0.44476601
0.32312346
0.30447628
0.44317166
0.3657287
0.11100798
0.30934087
0.35020622
0.40860078
0.43366921
0.062703796
0.035644227
0.07435319
0.13325339
0.042886869
0.25435307
0.083499403
0.055079615
0.41886683
0.1149998
0.093026909
0.14774235
0.21166233
0.35275135
0.031592899
0.14611156
0.023333527
0.076769803
0.38829485
0.28668343
0.30200444
0.37785985
0.24093897
0.022174627
0.33178884
0.046712468
0.077834622
0.17639937
0.4340205
0.080042809
0.27829932
0.10229074
0.46465274
0.22188041
0.029408847
0.10043751
0.30634082
0.12615528
0.24197422
0.35164651
0.41567574
0.12343379
0.17090833
0.13405122
0.38459224
0.0413281
0.042791663
0.21464445
0.049377455
0.021216381
0.22191273
0.098599785
0.11812332
0.3139076
0.10591965
0.0747852
0.48699591
0.32273175
0.51403592
0.31488227
0.512304
0.11427734
0.067319983
0.37620362
0.35732429
0.3316005
0.20046765
0.020331579
0.045829106
0.091067497
0.43923043
0.023792928
0.056821199
0.31790621
0.023602136
0.14887052
0.1226331
0.21273502
0.13794836
0.15120561
0.25018432
0.092361263
0.1259602
0.17928602
0.21657032
0.50587661
0.4342421
0.10327022
0.099456112
0.26516132
0.029061014
0.4464746
0.075699721
0.34493474
0.36601144
0.29354713
0.12152908
0.48002651
0.13323636
0.044803189
0.18169902
0.080782355
0.34231182
0.15219726
0.40344029
0.18481757
0.34944905
0.02480622
0.41658757
0.062618978
0.30420985
0.41658244
0.07217354
0.026952319
0.29378963
0.14109562
0.062292062
0.17107281
0.20557005
0.11375509
0.056403826
0.083422933
0.076058609
0.48691926
0.50951946
0.45195574
0.33418617
0.24403685
0.098175937
0.17204093
0.083135847
0.10146228
0.27435703
0.074048968
0.19453
0.32627643
0.074734582
0.069599393
0.090329806
0.098313731
0.17675615
0.41154208
0.13918424
0.079973181
0.088461614
0.24553676
0.11704023
0.042584882
0.28117443
0.083712084
0.029161688
0.40332567
0.21116071
0.13929255
0.061980257
0.23080084
0.07820885
0.078397014
0.029912382
0.25525188
0.036467607
0.081864808
0.027244083
0.18909705
0.099043387
0.28576963
0.27195439
0.065903366
0.079107213
0.24833636
0.17034797
0.17532808
0.034911549
0.099230424
0.23556576
0.25230744
0.068205089
0.089984991
0.22579923
0.26033677
0.51085175
0.25543955
0.49992828
0.42502211
0.037610117
0.46758186
0.38529005
0.45362209
0.29784219
0.13088368
0.079137516
0.37132798
0.33375554
0.10509442
0.029645927
0.13285872
0.45742955
0.46436348
0.026614724
0.12677899
0.30613222
0.087059974
0.023472402
0.029100898
0.10046041
0.50727347
0.11802162
0.50290561
0.1192911
0.48852959
0.2834069
0.10195538
0.50156157
0.48047655
0.10731782
0.50176259
0.20291782
0.39553819
0.11969543
0.053139042
0.18903879
0.029833855
0.032975617
0.11003287
0.26027266
0.074708531
0.03797704
0.35821712
0.25184942
0.20221793
0.024090067
0.20892558
0.24364519
0.087578277
0.10235391
0.062056888
0.27655185
0.079450404
0.16499446
0.077246686
0.072235142
0.064112069
0.35216679
0.087271169
0.39116573
0.033639973
0.44939651
0.090114827
0.023706437
0.024027971
0.1184944
0.24640127
0.17039598
0.035332829
0.24606866
0.043585254
0.27671063
0.20561747
0.15073662
0.085388932
0.029371907
0.082416498
0.10177594
0.0358899
0.042185381
0.070953844
0.40993665
0.031450232
0.26710374
0.063006258
0.35981609
0.22844992
0.035309388
0.29319732
0.036351624
0.10033147
0.31356536
0.043757357
0.078412843
0.27753527
0.14645076
0.23690793
0.022616774
0.23748582
0.21447724
0.045254235
0.18429485
0.26067526
0.02619686
0.094684318
0.12006316
0.05766836
0.17256462
0.065284288
0.06545036
0.27175272
0.35040486
0.24251531
0.177288
0.029355156
0.11312354
0.022761176
0.22119087
0.076442441
0.21339513
0.074793982
0.17998725
0.37703395
0.25978654
0.082909696
0.048246127
0.046138912
0.29363825
0.26055518
0.28783204
0.2597744
0.053338782
0.16211534
0.46467779
0.24338544
0.35160106
0.1005377
0.475674
0.076391111
0.31545247
0.12026319
0.27928618
0.028868361
0.076168219
0.052531786
0.29179651
0.023929025
0.088651994
0.033524512
0.12818332
0.11556408
0.080117946
0.076840931
0.20713763
0.44267754
0.1399044
0.042568176
0.31309189
0.17263223
0.35500568
0.12289616
0.32160352
0.45245837
0.28168812
0.41037734
0.18264582
0.10007035
0.071597392
0.34734749
0.37765726
0.24399985
0.39466256
0.19056022
0.078312501
0.092036417
0.19927938
0.09017513
0.045773701
0.25824689
0.092677319
0.29795621
0.07353186
0.099313481
0.35527433
0.098809596
0.088150755
0.061458323
0.064969068
0.025476327
0.051893306
0.052447704
0.10416152
0.28014047
0.16935689
0.26366393
0.10021553
0.037466787
0.3431458
0.35123717
0.16101939
0.18297994
0.2507718
0.065119207
0.066533161
0.096820215
0.025672209
0.17970877
0.17370288
0.035382208
0.093782678
0.046362212
0.14630405
0.030593637
0.088349352
0.261587
0.49676733
0.44752612
0.41413128
0.49422589
0.3632462
0.22909919
0.27158468
0.1690964
0.20682137
0.24117156
0.30719403
0.079868823
0.053441977
0.14238403
0.054585728
0.083607156
0.04689809
0.090894121
0.17312311
0.035832747
0.099908094
0.077026456
0.12478114
0.08647003
0.30866299
0.24492847
0.11722862
0.28109134
0.10849366
0.11615033
0.11966724
0.27965677
0.073351923
0.052615621
0.2459064
0.13055319
0.15428971
0.025322261
0.066601671
0.33298116
0.073568209
0.32530342
0.073489956
0.33562053
0.057943151
0.02174638
0.28150867
0.29096132
0.073409891
0.11415943
0.022918596
0.022526661
0.021005116
0.035018494
0.27564016
0.13830947
0.051910679
0.042471508
0.36618725
0.096907766
0.21994485
0.31971922
0.13149707
0.19953639
0.094007752
0.095691169
0.33714659
0.12544295
0.16416455
0.14025756
0.027847256
0.066379202
0.17630189
0.29401377
0.18375208
0.26312913
0.037526909
0.11514643
0.023163143
0.30112241
0.15326121
0.19644056
0.022942679
0.29354351
0.099453201
0.14972605
0.096618585
0.25938794
0.074738588
0.30888901
0.24758789
0.12605398
0.048162281
0.030506766
0.040510206
0.11417091
0.051711861
0.15277457
0.070530628
0.44323718
0.03069066
0.047484565
0.15638668
0.070703565
0.42457843
0.026088939
0.022123316
0.020194142
0.2075748
0.094248655
0.21435175
0.036337494
0.32958057
0.34546253
0.23869315
0.060929056
0.38631357
0.12814272
0.090471639
0.13035594
0.095189291
0.072429482
0.022608836
0.16803058
0.076123068
0.10103172
0.33186394
0.1054361
0.040440018
0.19653742
0.28540523
0.25769098
0.15111877
0.02851291
0.072882703
0.17047726
0.055832
0.26194527
0.24833832
0.083616075
0.22360395
0.11171589
0.36360159
0.29341666
0.19887395
0.22328662
0.23005788
0.3372553
0.12010615
0.067372864
0.35904694
0.056518899
0.20409524
0.14339713
0.51175836
0.45837086
0.33204349
0.12470495
0.38658258
0.092225701
0.39799693
0.22986176
0.10429991
0.15519343
0.1763854
0.41905125
0.093269561
0.11753798
0.038661035
0.27248302
0.16975717
0.29588844
0.45802694
0.37817468
0.067509482
0.045744945
0.39865995
0.25516367
0.17787476
0.40801623
0.066103451
0.033690611
0.14642113
0.19723768
0.13556601
0.11220515
0.18830095
0.05742141
0.10684189
0.021400812
0.082160322
0.021121683
0.022297981
0.028318134
0.051415533
0.054190628
0.30169141
0.022933575
0.047386232
0.23429823
0.20271927
0.18696012
0.22683388
0.20657338
0.24906682
0.069601349
0.022728145
0.12785084
0.24864132
0.034218092
0.25791679
0.14814521
0.43989832
0.059784565
0.43337682
0.32967367
0.037894139
0.067885388
0.075934422
0.064108707
0.18868517
0.32253741
0.10311546
0.095388508
0.027739275
0.047718063
0.35553535
0.29736322
0.051469077
0.022459254
0.02723227
0.032623415
0.22991573
0.43627956
0.13185328
0.36334442
0.095768748
0.32524233
0.24951952
0.10243794
0.04465922
0.024245746
0.10381741
0.034175579
0.15073716
0.076634242
0.28305166
0.35265626
0.1935802
0.024337887
0.076648332
0.052969707
0.31737819
0.072282205
0.045004031
0.41789035
0.17524375
0.085147799
0.046672553
0.36136994
0.15862766
0.26837798
0.36222531
0.30212092
0.051113028
0.28751364
0.41051564
0.10711567
0.1011305
0.02766405
0.043113151
0.039984556
0.19969627
0.38146007
0.40544882
0.14000525
0.45807419
0.021673505
0.034213876
0.12349957
0.043066965
0.19296798
0.22202888
0.45104739
0.20745892
0.33258905
0.39638234
0.20913559
0.32607494
0.46778864
0.42751186
0.14098447
0.11476861
0.28258734
0.090448826
0.081377286
0.36344784
0.30487213
0.28191084
0.16519484
0.068482087
0.057243326
0.029364846
0.37070726
0.42239228
0.076580834
0.18181912
0.19302511
0.16549889
0.21605831
0.080276425
0.055144776
0.16252604
0.23049933
0.19665198
0.030858782
0.087661279
0.10093263
0.029420631
0.064179016
0.024928499
0.076381509
0.1270791
0.045259605
0.13436684
0.19759477
0.072935128
0.1527237
0.27323235
0.11138026
0.031425809
0.19878174
0.21230567
0.37364433
0.16708034
0.29003334
0.076438145
0.089037435
0.027753661
0.05887298
0.021331343
0.11216895
0.20641254
0.045568588
0.045396108
0.022289917
0.16308813
0.13390514
0.31366159
0.035300649
0.058716663
0.062769025
0.26195108
0.046701271
0.022618924
0.10715859
0.022640417
0.12543881
0.31316578
0.044875749
0.060137878
0.30141567
0.32012212
0.044802705
0.11336271
0.38299198
0.072933023
0.28826384
0.40680379
0.09284244
0.063475821
0.20527429
0.31151377
0.37666024
0.16625286
0.14137768
0.27101517
0.074849652
0.025809579
0.27506132
0.091585756
0.33372853
0.02296012
0.28884252
0.078590694
0.21909232
0.065660315
0.046616159
0.12160966
0.1019671
0.17532084
0.14463488
0.086706654
0.043226293
0.026685071
0.12505365
0.26879419
0.083326578
0.24716336
0.067976949
0.045391756
0.024869482
0.092449971
0.27517467
0.38989751
0.13433197
0.090761332
0.027023347
0.23342772
0.5120689
0.29052785
0.081100697
0.43891381
0.47098468
0.47363745
0.47950711
0.07758113
0.022385969
0.24465952
0.044718619
0.084918556
0.022014294
0.15126977
0.037277919
0.3107251
0.24211423
0.36911569
0.30189221
0.022995227
0.021782892
0.12116279
0.051804284
0.29838626
0.46396513
0.078868592
0.25088327
0.34983628
0.10899068
0.33498156
0.20650966
0.028114283
0.084083025
0.18740536
0.20707801
0.13482095
0.23634552
0.087623087
0.12952689
0.038899323
0.12359967
0.076240426
0.02811335
0.039199346
0.089164759
0.026285916
0.32507166
0.056705649
0.33673899
0.22559146
0.2057578
0.06627352
0.072756582
0.24621177
0.15196466
0.020238644
0.04933245
0.024481346
0.090928471
0.02087167
0.073128493
0.043364708
0.33432401
0.10859756
0.17509876
0.022081434
0.11271119
0.1304707
0.03915219
0.09400422
0.031610923
0.30913426
0.074346807
0.068176739
0.45595667
0.16899381
0.47894078
0.036015437
0.044328686
0.05224478
0.21350965
0.069277006
0.19622906
0.056781759
0.4129442
0.076502758
0.43498977
0.1087626
0.12927633
0.024044733
0.10036119
0.050464275
0.12548188
0.22388629
0.17195862
0.023214726
0.25421362
0.071785538
0.062263723
0.49261782
0.034410808
0.10412838
0.10648365
0.082024759
0.26187573
0.14560681
0.039988515
0.37985472
0.5059485
0.28730146
0.08484097
0.10170245
0.10473924
0.12023456
0.29567875
0.027935342
0.28043887
0.21610541
0.11666727
0.24154382
0.49042488
0.1519489
0.077481327
0.19370291
0.52221089
0.51666495
0.47756242
0.47665525
0.30247691
0.39608076
0.027595453
0.41772406
0.038439881
0.042098531
0.021426937
0.14780795
0.06676291
0.12572415
0.53387226
0.50978279
0.51144944
0.44330366
0.49831815
0.2537735
0.20470064
0.10743124
0.43137974
0.4155961
0.23416855
0.066704151
0.029919285
0.022218755
0.03000941
0.27238281
0.40553611
0.25847957
0.036103474
0.078749748
0.27756994
0.076184408
0.31184773
0.27150137
0.036747434
0.16554279
0.13433224
0.25652844
0.13878426
0.11396172
0.095689198
0.089073145
0.10495424
0.24694623
0.031549982
0.062743061
0.045453594
0.043624547
0.021608686
0.027204339
0.082012871
0.23067842
0.25374257
0.13545309
0.064940896
0.24193576
0.31230191
0.21647806
0.16436461
0.094123591
0.52476422
0.16832918
0.32383294
0.039982193
0.029881286
0.076174801
0.2933956
0.21992031
0.31698585
0.19215903
0.03963514
0.029843114
0.23821176
0.21801705
0.30420782
0.060725953
0.024167549
0.025195603
0.097982248
0.21307483
0.029314394
0.043940325
0.19480322
0.065652902
0.027138222
0.073891784
0.029811058
0.031961035
0.44083987
0.45219194
0.42735509
0.41244351
0.035432446
0.46746486
0.47752275
0.44801733
0.46663348
0.054293889
0.066010365
0.020772184
0.04287327
0.063834855
0.2302854
0.20202424
0.17683408
0.37338702
0.29163131
0.43030597
0.42287113
0.13983835
0.023273482
0.11645849
0.0435716
0.051940938
0.18625339
0.084633765
0.062789679
0.27707414
0.055612046
0.20329122
0.029597351
0.090131837
0.061178007
0.045296169
0.048838788
0.024523025
0.05906607
0.45577476
0.26629107
0.17862999
0.072896277
0.1370478
0.054037267
0.17765016
0.19011852
0.26339276
0.024984259
0.062622412
0.026969587
0.16321042
0.034534931
0.083200054
0.022759068
0.042351172
0.021245007
0.19227668
0.041444567
0.25314165
0.11868135
0.091626022
0.1449275
0.16509247
0.077219388
0.1055025
0.15195173
0.30345159
0.027692592
0.024131799
0.158734
0.088919571
0.036692323
0.26067525
0.038895965
0.12514703
0.1655041
0.076362823
0.082806206
0.11523266
0.082569479
0.11760989
0.42744775
0.18012336
0.16015209
0.18112595
0.025185784
0.063771784
0.1143052
0.30692431
0.11283755
0.0966435
0.043958682
0.021204131
0.063076048
0.15041805
0.07624638
0.12624021
0.046063906
0.28981189
0.42948263
0.12157106
0.032910877
0.077389202
0.056740484
0.07878552
0.37386545
0.20273286
0.15915244
0.10063522
0.044621202
0.046517342
0.048235694
0.023931979
0.024303716
0.4256895
0.031890513
0.11575042
0.11440553
0.090003021
0.34156839
0.18873625
0.23746108
0.023993385
0.3092718
0.40129931
0.29110597
0.39776692
0.059599797
0.043880973
0.13890711
0.057023898
0.033996197
0.29439155
0.068817061
0.02887019
0.048997234
0.024059187
0.043701194
0.067349583
0.091266173
0.046066073
0.046053312
0.091740821
0.071260611
0.20952611
0.076767989
0.12351366
0.31089204
0.13032961
0.11413886
0.38487465
0.34996125
0.34172956
0.36081087
0.247259
0.19197006
0.18032076
0.064858905
0.13931371
0.033987687
0.074901102
0.04083017
0.15714815
0.084360305
0.25703303
0.094192
0.24652363
0.069621656
0.026476642
0.12124576
0.33332445
0.21354046
0.067310798
0.045708206
0.096886848
0.26986096
0.045952237
0.069921214
0.2497495
0.044014403
0.021065742
0.023037016
0.077576137
0.10093339
0.046478098
0.021701293
0.32513584
0.19751683
0.26254178
0.24144063
0.03019069
0.075396053
0.091391659
0.040002165
0.027584738
0.03283225
0.17347914
0.031066017
0.068704171
0.18122239
0.078121264
0.021771912
0.089526379
0.043195179
0.04317441
0.0254947
0.048174966
0.36071466
0.14286681
0.26103954
0.24205154
0.27663902
0.051606612
0.11334931
0.094058044
0.028001531
0.16344374
0.044113645
0.02397822
0.026847233
0.11269981
0.14750395
0.29293381
0.048301189
0.048958262
0.056972882
0.022237146
0.033189295
0.17596863
0.18333773
0.041683665
0.25774311
0.084610349
0.11086825
0.082808851
0.043096363
0.19517006
0.022405435
0.14265631
0.026798376
0.064421567
0.18537693
0.25249973
0.02731366
0.25663679
0.093407178
0.043597796
0.090569237
0.044154653
0.089443589
0.045555154
0.020701837
0.045845793
0.026761662
0.12227391
0.33521384
0.12667307
0.32352174
0.43227929
0.30663751
0.067810809
0.08371415
0.063030652
0.075189438
0.10115058
0.043210777
0.050111183
0.10536194
0.081825858
0.063861643
0.039692541
0.33359363
0.14443337
0.24034704
0.23802424
0.079586992
0.024535151
0.32349754
0.32985783
0.16204238
0.027846902
0.065571374
0.072847109
0.17003525
0.18773022
0.036732291
0.088091509
0.087687834
0.087544919
0.066625001
0.065848017
0.065622595
0.22246387
0.15993668
0.042787631
0.021375992
0.041831959
0.020420321
0.11344307
0.25321361
0.27698222
0.021411638
0.24367112
0.074500843
0.076320233
0.20190157
0.028338526
0.39404959
0.13172521
0.059683723
0.086504158
0.37613933
0.20122376
0.27553823
0.082987249
0.18040739
0.14768044
0.038271982
0.071927585
0.090783662
0.35093328
0.20812589
0.27550759
0.087383189
0.081051984
0.088121986
0.060154731
0.10643914
0.047819734
0.24109518
0.32099731
0.38502456
0.15816547
0.082382568
0.30903771
0.026008368
0.030196872
0.034090845
0.080519551
0.30739902
0.23957047
0.20686868
0.18629951
0.093345138
0.27104954
0.15010806
0.025448805
0.022542089
0.094421839
0.068016452
0.0259477
0.048098687
0.028528328
0.15041649
0.25712288
0.23729904
0.069140368
0.47810247
0.42921492
0.46038942
0.30187043
0.32341016
0.12067726
0.028149908
0.44297859
0.24933458
0.35448215
0.2834149
0.39217183
0.27231909
0.043319158
0.021901638
0.17370605
0.20193703
0.14491686
0.24818968
0.32307547
0.23198308
0.29135363
0.26211796
0.088829244
0.1340709
0.046759578
0.094208728
0.030844522
0.050448451
0.09486195
0.031316746
0.068578825
0.15587486
0.17238737
0.0895859
0.21093951
0.082801474
0.094736411
0.074171666
0.063164163
0.10180142
0.11130614
0.25774342
0.037927568
0.16964734
0.055439134
0.042408503
0.029620969
0.16529336
0.024761639
0.060146073
0.3254142
0.028629029
0.30181718
0.4378652
0.044842739
0.21061282
0.11128802
0.085736254
0.05801248
0.022888846
0.43329413
0.36764647
0.043619501
0.04146131
0.29582931
0.39690093
0.33556634
0.27153525
0.095103116
0.11723686
0.36742191
0.22103466
0.064735099
0.022141073
0.12494531
0.18324655
0.10082045
0.048300678
0.049000591
0.036460099
0.25782586
0.13705386
0.093194855
0.3025884
0.12385955
0.4074954
0.28976874
0.53334411
0.27038501
0.070779335
0.05469945
0.082316765
0.24444306
0.11118954
0.057728687
0.11246171
0.10605703
0.02265417
0.020941853
0.17666475
0.052840768
0.054891874
0.23955008
0.08009098
0.18696164
0.027960763
0.044017235
0.086470436
0.020511331
0.043142846
0.19268526
0.060316814
0.12913513
0.022631515
0.068193663
0.1886791
0.28363768
0.080685112
0.24129275
0.080776779
0.16631687
0.20414531
0.17190516
0.37005365
0.27482247
0.30535666
0.046146061
0.02346999
0.10332313
0.075049599
0.086508701
0.1128101
0.41816214
0.25871075
0.31095639
0.32779643
0.23328288
0.057477818
0.096491751
0.094350724
0.065063601
0.025168611
0.19534732
0.21656319
0.11251541
0.072936295
0.28976627
0.22840135
0.095106214
0.11568084
0.33299187
0.33184364
0.075339034
0.19315961
0.23148939
0.034327205
0.17463074
0.28367652
0.39124029
0.35309676
0.36835931
0.082988981
0.21062876
0.2228942
0.022173425
0.060519324
0.084152166
0.088105089
0.054524918
0.14943411
0.034299218
0.038316525
0.022519117
0.18801963
0.11370779
0.021260723
0.1127869
0.35790773
0.28432193
0.29805224
0.19054859
0.37101289
0.15381484
0.31776184
0.40749662
0.13950916
0.060608418
0.16380564
0.12600221
0.087444335
0.035958099
0.22072823
0.051236896
0.13050947
0.056866139
0.12608918
0.19567166
0.26131272
0.28703411
0.21555652
0.10951486
0.31846811
0.042993968
0.021392078
0.047650813
0.090922949
0.045197983
0.0214624
0.10184526
0.047806105
0.045044581
0.095125278
0.18925848
0.072644367
0.074432883
0.028437243
0.065179355
0.026583244
0.32380095
0.26892577
0.43874728
0.10347311
0.084406905
0.23222583
0.12423292
0.22131947
0.24815912
0.42033555
0.30721568
0.51398197
0.23952023
0.49502054
0.50942579
0.4769486
0.32526041
0.51178189
0.22649861
0.48755277
0.023954087
0.20366899
0.055853002
0.071751491
0.088048207
0.17233146
0.0805498
0.11510895
0.37182716
0.047920754
0.15839617
0.024945962
0.051416675
0.016864027
0.042836498
0.048234796
0.046240005
0.089124008
0.031013125
0.046049585
0.12986616
0.10453406
0.28111362
0.11597219
0.083572471
0.24710676
0.090359645
0.25107766
0.036075688
0.11071677
0.18122522
0.090058149
0.16028559
0.025592589
0.03941788
0.036894259
0.020222375
0.041003661
0.3050666
0.22960854
0.37917921
0.040825691
0.060648017
0.0251769
0.25179416
0.17378693
0.11750514
0.17123094
0.038464174
0.099305579
0.082091186
0.091434459
0.072871816
0.064046623
0.029853886
0.062038508
0.085273064
0.074827143
0.046851617
0.02370101
0.044707255
0.043956025
0.023150606
0.090627876
0.045427634
0.089383659
0.045920621
0.22993191
0.27541304
0.22884888
0.046877858
0.13718549
0.044234079
0.027965422
0.19976698
0.02269573
0.087289512
0.26472902
0.091038929
0.10045976
0.031039364
0.077835197
0.10318731
0.18433413
0.087982925
0.12367586
0.22044888
0.033495193
0.090369966
0.066323593
0.065339171
0.022399376
0.023208023
0.0456074
0.22561274
0.1578497
0.26978808
0.10244261
0.17253866
0.38844151
0.36258112
0.06224049
0.084935097
0.079528444
0.40087417
0.35737362
0.23993705
0.32197073
0.32747425
0.26679022
0.15290575
0.088124782
0.11057995
0.12019091
0.13297993
0.057458533
0.40979919
0.22591454
0.33813284
0.30247878
0.32800897
0.40380964
0.35365929
0.13059937
0.14312263
0.15483742
0.021781888
0.054270549
0.087517858
0.042989816
0.11785782
0.050629955
0.020334511
0.12299564
0.23426925
0.047086593
0.15790206
0.031329774
0.074413649
0.082374142
0.20280644
0.18951372
0.36064027
0.2752649
0.10471931
0.22515161
0.052900876
0.051199074
0.12850265
0.064338729
0.05731857
0.25763518
0.31131412
0.19226325
0.078367688
0.044926558
0.099250285
0.044074494
0.09615596
0.029743611
0.058372482
0.032946919
0.075833789
0.060250047
0.13128616
0.19526972
0.043899781
0.12071013
0.19331357
0.085016685
0.095955594
0.06416392
0.036679958
0.30609272
0.21892545
0.031830519
0.1190809
0.43504526
0.22960547
0.11400674
0.33805461
0.1322332
0.0529296
0.32899936
0.035442641
0.034677753
0.021731597
0.073056957
0.096787444
0.083361818
0.2851355
0.13178048
0.057200548
0.048744588
0.20076943
0.30101036
0.051518612
0.25844964
0.33124968
0.10215294
0.081671212
0.37837457
0.24111771
0.034950574
0.065579487
0.23277621
0.033794924
0.13414132
0.10567643
0.085994513
0.18188528
0.041791468
0.32427485
0.2585559
0.023547022
0.12535378
0.15496225
0.064359917
0.021520733
0.042746693
0.19823455
0.30960063
0.21778275
0.12800395
0.02122596
0.099243492
0.10327997
0.06113603
0.020298118
0.23896878
0.36537208
0.25231366
0.32368949
0.023433125
0.028413227
0.1109351
0.39105629
0.16690386
0.3092959
0.10344382
0.072765788
0.09989386
0.089488153
0.031543227
0.083446138
0.020668904
0.12129292
0.051535827
0.25642141
0.18281423
0.28096378
0.39508005
0.04555639
0.20356828
0.4452945
0.066130458
0.044633982
0.032943225
0.043473257
0.061687729
0.098408031
0.028650941
0.19129074
0.41415599
0.39426641
0.037231793
0.1110228
0.050710532
0.16598678
0.024929375
0.069922531
0.072581092
0.032255912
0.022613247
0.20745442
0.10405926
0.13438075
0.022877902
0.045491149
0.10851409
0.035505204
0.043978516
0.022171002
0.36937785
0.49962343
0.51837419
0.13156945
0.12821516
0.32506855
0.19702899
0.42797212
0.19673615
0.33108955
0.5102014
0.45646089
0.038493385
0.39154483
0.40382601
0.34109837
0.34765092
0.3164083
0.45504784
0.11317878
0.14723638
0.42958517
0.045169885
0.02277316
0.062748528
0.088843711
0.17510153
0.080046524
0.030122069
0.15053014
0.10531858
0.034144275
0.27924599
0.04021322
0.13165088
0.21886035
0.34703618
0.052738676
0.02147884
0.02477382
0.1227986
0.054373934
0.044386343
0.15564962
0.057313234
0.14121808
0.060089772
0.16485819
0.05910961
0.069298333
0.14301446
0.094553901
0.023391567
0.026129232
0.073958227
0.068654575
0.14247939
0.18256839
0.16758025
0.25409209
0.13942518
0.08737791
0.037815157
0.32730352
0.44433235
0.068494601
0.023698964
0.02386403
0.034844756
0.23498942
0.11998126
0.082344041
0.12267598
0.031925859
0.12555204
0.028324517
0.020590331
0.094964979
0.19535136
0.091427287
0.036018876
0.033612088
0.077875567
0.076639333
0.16882199
0.093392551
0.23455783
0.021134877
0.16650159
0.11818209
0.020991551
0.045250732
0.24123593
0.12028178
0.092922912
0.33216654
0.111022
0.020993388
0.042752131
0.094220102
0.055846296
0.046736281
0.047764879
0.061322588
0.023310226
0.14104554
0.057193733
0.061838868
0.046231807
0.16176578
0.13600047
0.023752405
0.02617795
0.046056212
0.090306482
0.022744728
0.021008887
0.072838666
0.10509444
0.067450786
0.13746897
0.052211279
0.021106165
0.073363818
0.29299645
0.34865353
0.39301221
0.27266441
0.11558707
0.096172797
0.21077721
0.036805267
0.085697919
0.11237313
0.097526476
0.053510868
0.027922004
0.054757753
0.020846514
0.086199624
0.071022522
0.20279928
0.21245286
0.18735137
0.024835946
0.067597786
0.060308852
0.16448671
0.075469607
0.10512654
0.14795522
0.17696927
0.058361867
0.14764784
0.12816669
0.25387867
0.10212424
0.25833862
0.12677248
0.28326017
0.024356237
0.045944781
0.091624039
0.099346533
0.077677163
0.27415408
0.19798239
0.13195351
0.073295966
0.030000889
0.27069782
0.38684703
0.33754429
0.034012456
0.17883222
0.061912045
0.059689801
0.026354042
0.13764065
0.33837068
0.42299969
0.44952384
0.118798
0.13107775
0.030775561
0.073857343
0.044433574
0.12185781
0.26239062
0.20260348
0.20313233
0.13524532
0.24054803
0.23156069
0.21312248
0.075527271
0.084736421
0.094637001
0.066565889
0.028355738
0.42833936
0.20809578
0.3371779
0.44390277
0.036960549
0.016682935
0.023478226
0.060995029
0.14207472
0.031232261
0.023382056
0.05049993
0.10550039
0.24197062
0.0818718
0.28928683
0.022781276
0.049912159
0.1191505
0.051763507
0.056543229
0.19227311
0.12751256
0.02250421
0.026961188
0.18803842
0.056991165
0.15587116
0.059167256
0.18260632
0.15627551
0.31196076
0.17313093
0.25699253
0.046440458
0.17725728
0.031210571
0.21750362
0.097912912
0.023293923
0.036294418
0.035258365
0.14244325
0.089742632
0.30876455
0.25266953
0.08341386
0.25742928
0.24035238
0.032395479
0.030067837
0.21073204
0.22118541
0.14408133
0.21345701
0.25144275
0.049968578
0.25791428
0.1820083
0.038974406
0.074817027
0.063596632
0.17745183
0.025834852
0.057329459
0.065724275
0.044315239
0.022116652
0.084535947
0.036734498
0.10231902
0.083155193
0.082696252
0.15152604
0.034496892
0.06746599
0.031746219
0.14699695
0.024537842
0.11127718
0.030453202
0.035812519
0.4242817
0.33193156
0.45142204
0.34465306
0.14023114
0.2106573
0.31950069
0.40021026
0.27600408
0.027634768
0.09934489
0.078305548
0.10195279
0.21576368
0.032454098
0.071040099
0.20967577
0.048980805
0.077023484
0.021575282
0.085062205
0.13117142
0.033176681
0.067871091
0.092330481
0.17765418
0.079659437
0.04922233
0.13146883
0.06359774
0.022754552
0.10763351
0.045509833
0.1169007
0.045928027
0.092111211
0.10498203
0.053875718
0.13022684
0.022676071
0.067104606
0.030404301
0.11617802
0.11165262
0.091535583
0.36251536
0.2801059
0.43727276
0.42326188
0.11178451
0.29202946
0.31918853
0.20203869
0.10222541
0.28203059
0.32084436
0.45206478
0.18829941
0.31531066
0.44650299
0.081978427
0.032770717
0.04945864
0.043894222
0.021685303
0.09984311
0.38050925
0.23908205
0.20169259
0.065171678
0.048839175
0.020704447
0.024266977
0.045240566
0.022797598
0.083910126
0.10502043
0.12111222
0.022590444
0.10326507
0.24069865
0.11233687
0.087471345
0.28825754
0.39513322
0.3682314
0.1028992
0.12120734
0.1213738
0.094146266
0.27438253
0.2721355
0.114329
0.31452216
0.11587532
0.036891474
0.037769909
0.026572881
0.11077962
0.023073688
0.03375759
0.030198567
0.043291409
0.04610105
0.10784115
0.22629204
0.04851556
0.084579717
0.098171365
0.081992893
0.43604595
0.2678163
0.3660229
0.087950431
0.29352378
0.053988653
0.057628526
0.064665115
0.076664967
0.088000719
0.15029162
0.1191273
0.16982207
0.068096718
0.066929268
0.31103987
0.25055384
0.094522208
0.069492058
0.25229014
0.089351719
0.038144381
0.089124715
0.10124434
0.27314191
0.14036144
0.17451853
0.40179907
0.035288441
0.077479773
0.085045314
0.2507553
0.38695989
0.46259836
0.066074804
0.058138382
0.20844377
0.10637155
0.2943731
0.18016809
0.39381861
0.36935128
0.46337399
0.28515682
0.30082443
0.19462468
0.101043
0.10662117
0.23128468
0.033232734
0.19911861
0.028718711
0.44408207
0.44367462
0.32222823
0.36091978
0.1291803
0.28239549
0.40171688
0.45473377
0.24354343
0.44294691
0.28075825
0.30826192
0.020662067
0.083387925
0.051900101
0.14839254
0.045468288
0.15567092
0.19271824
0.070186892
0.036598327
0.19414982
0.14778749
0.055370306
0.063095693
0.028737186
0.038283281
0.26744128
0.19558349
0.13753647
0.26815116
0.16254005
0.25285833
0.16372666
0.08680274
0.067442841
0.11037355
0.29040314
0.11251632
0.42877915
0.49271462
0.096943583
0.45850712
0.52203307
0.23717453
0.45020198
0.09481675
0.51582103
0.52731942
0.1889807
0.38852417
0.47997921
0.32818566
0.45864392
0.47963439
0.0668111
0.036276539
0.23281614
0.026123119
0.039130742
0.111864
0.02711699
0.31788855
0.24599814
0.069434549
0.12859257
0.094911499
0.24511759
0.30901961
0.2487301
0.29977948
0.10188355
0.31424296
0.21704379
0.093718559
0.122428
0.2077777
0.29128277
0.26931465
0.20098701
0.028831366
0.18575033
0.26836102
0.076741977
0.16847697
0.0232244
0.13803673
0.046320916
0.072425179
0.030281172
0.19604412
0.29951401
0.20587688
0.13280898
0.056179578
0.054290681
0.022129536
0.10079137
0.10514646
0.023039173
0.13078554
0.25250722
0.29681936
0.13646655
0.026949065
0.073819603
0.097211271
0.11018077
0.10479305
0.07312479
0.06597877
0.079425852
0.027327354
0.023745927
0.039204868
0.11851218
0.066671008
0.033661126
0.17111561
0.1217863
0.026479523
0.32222227
0.29834048
0.059768464
0.12178875
0.02877021
0.089196906
0.038942608
0.028607791
0.051307683
0.072420017
0.025317233
0.13181217
0.14550335
0.32984516
0.22157459
0.031465074
0.029494757
0.087553883
0.12485528
0.086353771
0.21628709
0.33143841
0.22598944
0.022568013
0.19403153
0.084856441
0.048475242
0.10688243
0.18290946
0.12035162
0.078873736
0.031583228
0.24951473
0.24707402
0.33578192
0.18792376
0.091438154
0.069571177
0.15598509
0.085303572
0.025849175
0.026738348
0.19793098
0.082298881
0.045309916
0.25474671
0.31367408
0.074701077
0.10891697
0.093525743
0.021278582
0.049977058
0.072714525
0.040900276
0.32420168
0.50766246
0.45460186
0.12068705
0.3241433
0.12072031
0.31890976
0.50533374
0.45439292
0.12132398
0.32524222
0.12039793
0.27676766
0.029713443
0.099594841
0.40491776
0.37573075
0.10392797
0.28174668
0.28538291
0.077024778
0.04513057
0.10156118
0.32925458
0.48611474
0.45359746
0.11827567
0.34585172
0.16842143
0.32220452
0.4531529
0.4194275
0.12156521
0.32584873
0.12383329
0.068832996
0.066084954
0.076256058
0.026144234
0.068443056
0.07939782
0.034596103
0.02070803
0.035054282
0.024918278
0.11239109
0.049008345
0.14357812
0.12578506
0.06626858
0.24405625
0.066241309
0.035922132
0.09028474
0.082642766
0.20517188
0.072824174
0.083824585
0.33000761
0.18617944
0.23903935
0.16911456
0.24215616
0.097748073
0.034538223
0.078184046
0.023538562
0.093948311
0.045468775
0.046315759
0.091701842
0.024938048
0.047632552
0.046233066
0.075930409
0.032532425
0.071780803
0.064688737
0.11543808
0.11244187
0.058451745
0.077549859
0.093467895
0.028640926
0.20445646
0.027165054
0.18182927
0.18577361
0.06916062
0.029125054
0.24283508
0.070433159
0.080826897
0.065032549
0.027348855
0.18648709
0.023352694
0.056730791
0.091259995
0.074660638
0.030467595
0.097795666
0.030372401
0.045654145
0.094296297
0.082232851
0.025631212
0.12295662
0.33565894
0.08805526
0.18228261
0.23041752
0.10058138
0.02098506
0.04781221
0.043023843
0.11911038
0.023618142
0.050445292
0.08686103
0.022421854
0.10831432
0.074587523
0.081812565
0.13700366
0.055130591
0.027673869
0.18164161
0.16391111
0.15945653
0.042279609
0.29847072
0.08141472
0.033897691
0.029224053
0.046831738
0.023681858
0.064532812
0.058651536
0.028543987
0.16279804
0.049944922
0.25270237
0.29599704
0.27400751
0.13947174
0.029418252
0.080562704
0.062935197
0.023342777
0.15942611
0.038788851
0.043562937
0.03229557
0.034543104
0.024784291
0.24
0.046724956
0.047776577
0.1273999
0.048812262
0.04704649
0.086931737
0.02407014
0.087093698
0.088087462
0.15051397
0.14761522
0.042061798
0.037736934
0.086106381
0.15517277
0.15040198
0.096524641
0.042367577
0.030545056
0.084723187
0.1504886
0.14589698
0.28364582
0.042504542
0.097090825
0.288994
0.17645569
0.25543484
0.19743448
0.24007114
0.10251467
0.027724644
0.089049414
0.22441222
0.02882821
0.08065728
0.19315147
0.2568728
0.10974586
0.32653706
0.14315337
0.19532107
0.28603493
0.30703479
0.088343054
0.21023115
0.18994677
0.020132295
0.066157877
0.028424954
0.043403249
0.11043429
0.19086777
0.099925887
0.35283101
0.32535512
0.26041504
0.15584519
0.33954986
0.2857299
0.092788363
0.30537427
0.25743727
0.051978622
0.048382257
0.022279828
0.16606969
0.04803738
0.035383955
0.11193712
0.024086945
0.024508029
0.17876766
0.069462691
0.061277254
0.16454467
0.11442052
0.068831615
0.071772638
0.24158301
0.34002254
0.078701198
0.13820991
0.030537055
0.21521931
0.13602494
0.029436478
0.038317477
0.043750711
0.021938171
0.03080004
0.060887417
0.069243865
0.043077618
0.28092115
0.14212381
0.031806924
0.16117947
0.29052265
0.20045485
0.023450476
0.059770818
0.026710799
0.111878
0.032203698
0.026543135
0.28219237
0.025905741
0.065494366
0.093783224
0.07554976
0.22650748
0.07664926
0.28904707
0.17111592
0.024608994
0.21255739
0.071588574
0.14260191
0.032335073
0.35934514
0.39560006
0.101533
0.035568972
0.193076
0.026290711
0.067646517
0.065754404
0.049752432
0.021586526
0.30664475
0.14220367
0.03373549
0.025377708
0.045261072
0.28973612
0.12562765
0.031198661
0.03208703
0.23507396
0.13831394
0.25800082
0.15548133
0.10420177
0.10534481
0.13503965
0.052767221
0.022948661
0.026960934
0.051061321
0.098744389
0.036525694
0.098825473
0.11843651
0.047178112
0.17443625
0.061794831
0.43388531
0.31639275
0.38276989
0.37980918
0.098136618
0.21766239
0.078523699
0.26855341
0.071842416
0.085580675
0.26981691
0.212248
0.02160189
0.045724966
0.022015861
0.043435194
0.038854498
0.16081716
0.046394566
0.082254513
0.10765269
0.21557018
0.034258139
0.11685409
0.21671512
0.054039156
0.023582182
0.036516085
0.087030702
0.10406256
0.024776805
0.14752827
0.15453595
0.067688561
0.25111196
0.022755507
0.021605745
0.13024303
0.057362558
0.035622657
0.26559143
0.19606226
0.1724466
0.11070134
0.26794887
0.0887185
0.074088261
0.057691563
0.12980702
0.13122827
0.1288615
0.02990927
0.14658025
0.056492514
0.10898563
0.1614358
0.26485283
0.081059563
0.44489913
0.34862467
0.47137881
0.37020207
0.2054192
0.1076196
0.29702329
0.42858392
0.28363778
0.3260058
0.51296605
0.43696042
0.11930475
0.11501342
0.039512365
0.094362428
0.27336578
0.29884257
0.28200517
0.16520858
0.044137889
0.022185032
0.14216411
0.021952856
0.17144795
0.029707786
0.020420072
0.044147325
0.023801125
0.05040895
0.021492689
0.02110265
0.10250358
0.36613416
0.4425606
0.2006269
0.032715576
0.074327628
0.023806962
0.047718186
0.045045986
0.044795933
0.023911225
0.044352024
0.08998576
0.089147956
0.3109249
0.27188654
0.098514659
0.035224696
0.10903062
0.10522455
0.1984936
0.024080418
0.091552312
0.046773969
0.048541142
0.073408064
0.10115359
0.052946771
0.2859813
0.34906324
0.14415397
0.24794198
0.18299649
0.025800614
0.37641631
0.40239806
0.33859928
0.0381001
0.14059009
0.38985489
0.041838815
0.034033514
0.075463847
0.04793986
0.28039567
0.048894603
0.024249704
0.11336291
0.22821093
0.082298216
0.29864978
0.081153841
0.28082273
0.11632241
0.38268895
0.35476143
0.38307194
0.40989148
0.3333182
0.32927876
0.3755335
0.4129168
0.2833042
0.34898257
0.35053014
0.12264817
0.03395865
0.026260125
0.040342009
0.077706942
0.19180184
0.22988069
0.068806818
0.044778343
0.024460723
0.30868849
0.24071086
0.028387887
0.20612463
0.04367763
0.023360011
0.034190339
0.22940299
0.08081333
0.18378463
0.023458083
0.04893441
0.1432356
0.22950847
0.040628759
0.075758509
0.13502822
0.02140432
0.04246408
0.10993702
0.020498872
0.19180461
0.13974435
0.021958717
0.073963483
0.31850039
0.095661002
0.090563141
0.040049405
0.12590683
0.18482455
0.060918255
0.035665513
0.037618798
0.025596398
0.075116454
0.036724045
0.0376039
0.26382424
0.2827135
0.086689747
0.0457418
0.097146635
0.049863853
0.098822115
0.048845447
0.025977368
0.055835235
0.16055427
0.11186704
0.1209887
0.18107606
0.12708376
0.017764055
0.024262186
0.10689478
0.054223925
0.083305304
0.19452516
0.24220332
0.24798103
0.022059876
0.16091033
0.047059583
0.13962307
0.061658829
0.0820941
0.069746243
0.060171473
0.047420466
0.073183285
0.14771886
0.13279253
0.13688534
0.020307967
0.059792324
0.057041441
0.021119176
0.069369799
0.04969162
0.024805111
0.1464506
0.23032792
0.21062225
0.10409288
0.50115507
0.5164255
0.089907972
0.027032209
0.50768009
0.48447187
0.033523425
0.15005411
0.023356207
0.053847626
0.17028635
0.27543064
0.03896627
0.10112346
0.043032332
0.099905371
0.052097841
0.25195345
0.33004864
0.036337048
0.068200139
0.3296072
0.43226004
0.35282229
0.4103758
0.096963279
0.039005471
0.25324829
0.33234398
0.2891146
0.30545478
0.12106733
0.13914946
0.12387298
0.022570337
0.21161255
0.32913401
0.2393521
0.047709593
0.35151088
0.1970058
0.32593371
0.088132817
0.076809724
0.10973968
0.029171254
0.19254321
0.11295032
0.067864929
0.029498867
0.25064604
0.14970504
0.13235276
0.18541273
0.42538509
0.35551232
0.33950476
0.40889771
0.27981827
0.085098725
0.19565893
0.16422829
0.071167567
0.088364278
0.20348003
0.11842107
0.11647461
0.027400755
0.18245097
0.044062953
0.076129594
0.31988652
0.22777425
0.23973281
0.068111026
0.078070971
0.088214366
0.30640611
0.16055608
0.20860397
0.023737788
0.060731653
0.031761569
0.068755435
0.17075004
0.27640838
0.10828099
0.033772321
0.19662303
0.027106386
0.074133232
0.13664329
0.091901259
0.035599367
0.03242453
0.020671595
0.051148111
0.022095502
0.043922261
0.10430894
0.12853963
0.055996847
0.21221804
0.2836058
0.2177712
0.094274322
0.029377461
0.17550893
0.17913235
0.069071453
0.047514205
0.044369802
0.10029025
0.045600725
0.04546575
0.1013862
0.021451206
0.021033898
0.073809947
0.076770099
0.0969087
0.085010981
0.21187087
0.092019981
0.12939427
0.10109725
0.35821898
0.036517135
0.22250808
0.096693989
0.020731588
0.044929718
0.22756775
0.062015481
0.14617397
0.07364538
0.25598372
0.17510318
0.041219045
0.075039028
0.32706192
0.13400719
0.2084314
0.035351734
0.15471029
0.20963514
0.092234214
0.079863586
0.04841702
0.02014498
0.044429506
0.2330405
0.30722512
0.30451321
0.23920038
0.062796688
0.022689788
0.097096727
0.039276845
0.17308484
0.14291814
0.024138022
0.11789597
0.04682781
0.03614698
0.024284526
0.29466146
0.049705657
0.15523881
0.023669034
0.09287287
0.31571795
0.2899952
0.12415134
0.21253321
0.24688119
0.098898498
0.092773375
0.27842884
0.026943093
0.20228543
0.10589605
0.29540419
0.075709083
0.11406729
0.08504504
0.037278688
0.047931226
0.094338391
0.12517596
0.023841039
0.14253091
0.12645911
0.046055842
0.024756638
0.070372626
0.078845356
0.079128963
0.3388062
0.21486489
0.1775535
0.044293919
0.038552974
0.11800537
0.11570218
0.026059173
0.15173613
0.049402727
0.041459303
0.06501345
0.13576127
0.03027491
0.040343402
0.38654001
0.23965634
0.37960469
0.24166705
0.1186678
0.11182104
0.032010991
0.068041191
0.08341833
0.026315452
0.067971229
0.29741456
0.081196255
0.10890639
0.072264819
0.099588317
0.026278637
0.31822415
0.18690726
0.22908559
0.25846504
0.029645785
0.038482544
0.03323821
0.028874648
0.025282207
0.15820126
0.11043419
0.12939835
0.20842661
0.035083563
0.20841498
0.088704281
0.060386478
0.33089747
0.31115309
0.016443526
0.057497451
0.06998736
0.027891346
0.058925603
0.042699975
0.11642305
0.022145567
0.038569202
0.074143555
0.15365685
0.10566195
0.31697994
0.11124159
0.20221844
0.2050242
0.14953604
0.28116399
0.40992515
0.37211548
0.075867994
0.080159206
0.10969608
0.021395626
0.09153633
0.26531759
0.06538516
0.17187096
0.17622826
0.050300758
0.045803826
0.023680511
0.030678152
0.289077
0.083272925
0.21327745
0.11298805
0.066193817
0.044729293
0.060226518
0.028006721
0.28147941
0.12062023
0.33658444
0.43731241
0.42573578
0.27328667
0.1659873
0.20864927
0.25737446
0.30194167
0.22080419
0.46506096
0.33065242
0.45185245
0.31140418
0.31141359
0.41601036
0.034013545
0.11758993
0.12319019
0.096077161
0.026749627
0.16397181
0.054390448
0.47990177
0.41869917
0.49099437
0.2852201
0.28462896
0.03832348
0.084093618
0.10485595
0.25518237
0.12513402
0.035193764
0.087569476
0.069535536
0.10439462
0.15858422
0.10640553
0.10546489
0.25948322
0.045594503
0.020801778
0.067155294
0.40931284
0.34831955
0.36324545
0.35166818
0.29745652
0.29143135
0.3192723
0.11401386
0.18023601
0.068366769
0.08457018
0.17126252
0.08805983
0.087083155
0.19299654
0.23160521
0.21645627
0.14278703
0.1239636
0.065213038
0.16810879
0.02829777
0.2550384
0.25186951
0.15125067
0.13863608
0.036403985
0.037850322
0.078987028
0.028622894
0.12040379
0.42556049
0.35071064
0.40068221
0.35066324
0.14928028
0.072943969
0.16472486
0.070293251
0.042260139
0.020912041
0.042438826
0.021090728
0.021348098
0.024360293
0.058979945
0.23139016
0.09350581
0.16444344
0.025275394
0.059895046
0.13140473
0.37912255
0.31436088
0.26579136
0.25143846
0.28925838
0.070441365
0.18702867
0.20721162
0.15270752
0.097279666
0.15068164
0.032786305
0.029766155
0.040341819
0.086666672
0.17926977
0.021841747
0.045260275
0.20248262
0.14626456
0.21253101
0.18530767
0.064389048
0.024429615
0.15981202
0.063838612
0.17347616
0.060497837
0.083215904
0.082024609
0.0532727
0.068673246
0.025691752
0.14653699
0.10912244
0.2509285
0.039149208
0.24538859
0.36220812
0.027770389
0.10563413
0.13698289
0.079664944
0.067350587
0.15421945
0.089240651
0.044761209
0.10065498
0.022919462
0.11889004
0.021512112
0.077405889
0.052568849
0.069632307
0.074554504
0.40804957
0.084045906
0.33117566
0.30801102
0.1071305
0.26881589
0.028849816
0.12634281
0.11476039
0.12614182
0.12018551
0.08156614
0.03003266
0.51333961
0.31159656
0.40532523
0.078351495
0.17772899
0.23689496
0.3015031
0.12152618
0.31600751
0.17558182
0.09110966
0.23874778
0.31132031
0.18781114
0.023559585
0.031712605
0.22102105
0.1224196
0.24059742
0.11446073
0.025023833
0.080791336
0.10379452
0.12490216
0.040009024
0.099164538
0.091504862
0.039650563
0.042026138
0.2085906
0.40564143
0.037523796
0.30706896
0.34979715
0.19232094
0.031118173
0.10667795
0.070485096
0.11228406
0.15948481
0.055150801
0.034608031
0.089064088
0.30098867
0.17635301
0.1772019
0.34168172
0.19910407
0.068724621
0.14011362
0.15148668
0.24990682
0.022436132
0.033162265
0.12693932
0.057890922
0.18184461
0.097592349
0.19307864
0.066602212
0.051678974
0.27412011
0.022784735
0.021396933
0.3872579
0.22033443
0.28338039
0.074880654
0.13749526
0.16611958
0.21271643
0.069428564
0.029494137
0.032417682
0.17972694
0.083224286
0.075148308
0.20997983
0.033373343
0.037570114
0.13305479
0.022311878
0.024452657
0.088269295
0.082552033
0.14196863
0.040712908
0.045037489
0.02244876
0.080821278
0.044151766
0.021563037
0.18735388
0.075193431
0.066928153
0.21928095
0.20213931
0.12546737
0.022416211
0.25959792
0.35342458
0.25678594
0.32280739
0.16428454
0.022137869
0.091404731
0.031580782
0.13811142
0.024711143
0.099930591
0.19323769
0.048718907
0.26943531
0.17136572
0.15511797
0.29101594
0.085702667
0.09930384
0.25101156
0.099610387
0.1467258
0.08816968
0.25269909
0.15870791
0.08729779
0.14125583
0.037813693
0.095080732
0.08489229
0.11192081
0.23694223
0.16896147
0.076478881
0.073383479
0.034947323
0.033237365
0.13343399
0.14934755
0.021257927
0.307189
0.088883053
0.15314818
0.21585186
0.063049481
0.055694647
0.022934102
0.021985797
0.050923218
0.16148965
0.053267771
0.13180638
0.17644595
0.19298819
0.048349062
0.02261225
0.053236867
0.058009883
0.021966228
0.1259821
0.12548484
0.24026134
0.23507284
0.24551069
0.097977942
0.10456966
0.16397341
0.19825237
0.22729063
0.10795086
0.3072605
0.044445426
0.048050685
0.16323789
0.023409834
0.044713303
0.094131804
0.074480351
0.061629103
0.21255754
0.095764138
0.050968863
0.12004389
0.044649519
0.15714516
0.044278577
0.090451575
0.023865103
0.045792355
0.092814307
0.045441402
0.10127372
0.022031568
0.17216022
0.065018425
0.063378673
0.17662046
0.081604885
0.11399213
0.049053132
0.027450828
0.074744648
0.024807386
0.038419797
0.22585896
0.082655003
0.099503138
0.050799838
0.13393382
0.12418513
0.1907386
0.020475395
0.16281142
0.32171706
0.36757775
0.31754351
0.36550594
0.021184015
0.02741079
0.19823569
0.075009963
0.13757744
0.027957113
0.051187889
0.17846047
0.085794221
0.044738856
0.094933109
0.04079019
0.063838523
0.024072712
0.080418849
0.10468826
0.10697175
0.041115003
0.088280716
0.19053886
0.070467036
0.32884076
0.27016585
0.29792483
0.10315295
0.36295499
0.25815395
0.17387645
0.08070831
0.038604075
0.37236155
0.19303335
0.089241012
0.10202234
0.042657443
0.13645418
0.17633424
0.073939801
0.051074374
0.027722641
0.035831977
0.084510293
0.14894076
0.049421522
0.025104501
0.024317021
0.02139346
0.045928994
0.095270412
0.33079945
0.089761525
0.16203069
0.068861583
0.13012447
0.038743012
0.044574368
0.033838986
0.089408801
0.23411089
0.035707366
0.17190972
0.40525146
0.19050709
0.28339987
0.040620916
0.10047717
0.064201317
0.22354004
0.15981612
0.059996168
0.023827002
0.058333507
0.26314095
0.07482498
0.17043978
0.15594917
0.10375359
0.040185789
0.038587573
0.32614465
0.43076324
0.098033058
0.12757756
0.031474209
0.020184078
0.02787848
0.24376464
0.13885434
0.086150166
0.11375446
0.20676504
0.30074896
0.16092662
0.23793291
0.078973766
0.034774969
0.24032965
0.32427292
0.38536638
0.15747029
0.059507117
0.032805491
0.38373631
0.33740731
0.16312868
0.2473683
0.14244896
0.061147864
0.069633483
0.094035556
0.13357281
0.19037531
0.062362864
0.061383928
0.022475312
0.041943912
0.10026523
0.075006096
0.1243131
0.075515543
0.24096429
0.031834652
0.1926665
0.039760122
0.030801981
0.038531311
0.059849467
0.041024876
0.021281402
0.10001532
0.072510804
0.059786044
0.029768619
0.07265549
0.063910391
0.094232525
0.096989015
0.25619163
0.084887634
0.18061942
0.036097979
0.16009714
0.083950779
0.078575491
0.071693874
0.028930903
0.10425009
0.02567275
0.30893424
0.081565965
0.028013749
0.11366585
0.11230873
0.066901325
0.10015139
0.28868048
0.078142665
0.11434555
0.20059046
0.387752
0.30472289
0.29995434
0.40138196
0.3417625
0.18094641
0.23649288
0.26757896
0.04518703
0.10299557
0.13310606
0.023514431
0.045156357
0.021641926
0.13232833
0.066555248
0.087972986
0.033840884
0.23877087
0.18366774
0.12341002
0.10311899
0.074853454
0.023106191
0.22889803
0.20413511
0.11216937
0.079185039
0.19487167
0.097711781
0.093916134
0.038542889
0.089195843
0.024082347
0.030228233
0.023077929
0.085991664
0.035135385
0.071128903
0.067339705
0.093296916
0.15169197
0.13840129
0.09753032
0.31169531
0.2994389
0.28077835
0.12472736
0.11380662
0.069814987
0.43272603
0.25727372
0.39654331
0.37168571
0.33801026
0.40417996
0.1570064
0.19674206
0.31506023
0.24381061
0.073273951
0.039697989
0.11280005
0.1093169
0.38974873
0.33333857
0.11007335
0.2617908
0.027007307
0.36030187
0.079467546
0.035937862
0.16547783
0.2687218
0.10191638
0.075952758
0.076886061
0.42791841
0.30219806
0.38940752
0.092403349
0.21647703
0.28389001
0.29836234
0.33219571
0.20654897
0.21120743
0.2292939
0.24867624
0.28096822
0.24209751
0.10033058
0.26775993
0.02734855
0.19998265
0.077362176
0.071923914
0.092218316
0.047711218
0.048899158
0.17354722
0.061323952
0.42021072
0.25010032
0.071678027
0.057744345
0.063668622
0.05384118
0.17885378
0.16199987
0.077606158
0.27243709
0.16426276
0.057994128
0.35031316
0.40082387
0.30764514
0.41228989
0.33096318
0.17074379
0.35015322
0.18497835
0.32024029
0.23500085
0.258455
0.034285046
0.08843021
0.10713134
0.020603198
0.051957852
0.25767043
0.086503908
0.022873991
0.054228645
0.1626153
0.052630474
0.059168737
0.13475288
0.37295601
0.25107458
0.33800646
0.28807085
0.37049976
0.37575555
0.31683088
0.40219255
0.029135733
0.038327146
0.065043776
0.044843857
0.020988754
0.070650676
0.02361194
0.17704122
0.071739175
0.13314898
0.033673781
0.020498148
0.057000208
0.18154789
0.093494787
0.031892563
0.024798171
0.06206025
0.15133143
0.28102646
0.20268044
0.066083757
0.2187419
0.16931829
0.098383858
0.24010681
0.093181962
0.025935956
0.18083965
0.069355795
0.044906385
0.091306729
0.045914973
0.048177039
0.023307556
0.10099501
0.021394902
0.045365947
0.25993778
0.074993392
0.21657343
0.36545208
0.10511908
0.21936572
0.029659025
0.088534268
0.037849128
0.0870286
0.03643739
0.029442878
0.10491118
0.044968999
0.039671757
0.24577812
0.26151109
0.25826073
0.25356253
0.12535058
0.048823978
0.025862555
0.15608957
0.22902824
0.17343171
0.033518572
0.19726901
0.42365719
0.022961423
0.070410749
0.19746558
0.065295327
0.11734811
0.22976203
0.031501779
0.12019785
0.33306261
0.35374155
0.22745517
0.07101061
0.11832387
0.37758537
0.47488981
0.11051596
0.10727243
0.10304586
0.022208919
0.05038447
0.051242214
0.067503292
0.16142057
0.026509398
0.077863688
0.19029322
0.26723988
0.058521261
0.029254149
0.026125912
0.178928
0.08988582
0.21627086
0.16117765
0.21621521
0.066490281
0.065559959
0.023590708
0.044873429
0.088941832
0.022416395
0.38952987
0.26579293
0.38548429
0.11805964
0.095194607
0.091903735
0.051523558
0.23094324
0.1716891
0.03325552
0.12149724
0.02516617
0.094842911
0.047546239
0.049964852
0.1237277
0.06175054
0.047296672
0.024798682
0.021533732
0.085683546
0.31313462
0.16621347
0.071107106
0.31937271
0.18709365
0.026885545
0.070407047
0.19648375
0.031259812
0.042033038
0.16513352
0.065838381
0.22170553
0.03397498
0.055313409
0.1795618
0.23718323
0.042828067
0.46549563
0.42922337
0.48798066
0.072309746
0.098169191
0.11398549
0.28246279
0.38912719
0.13113548
0.39665462
0.21032782
0.14713178
0.029861639
0.055853224
0.048648773
0.12068884
0.022007168
0.024506442
0.084356883
0.048307817
0.05157385
0.11404903
0.022362231
0.10440495
0.082505343
0.031389095
0.25806576
0.29545799
0.27592809
0.24809057
0.10094004
0.08735988
0.29080326
0.27257583
0.25232344
0.1225664
0.024720012
0.038656904
0.058216842
0.022493038
0.034129911
0.03210032
0.15928648
0.27484207
0.40163169
0.30266561
0.069229632
0.023007227
0.060625937
0.037773518
0.037088462
0.083982664
0.030751012
0.098420889
0.047178442
0.047960138
0.090439261
0.43926092
0.46561736
0.33739404
0.04260262
0.46970116
0.49088323
0.47584403
0.024729706
0.046660501
0.18545012
0.036721628
0.086394655
0.079189621
0.02345029
0.022848448
0.15904696
0.09653069
0.24530644
0.079148351
0.26099521
0.26230518
0.2148268
0.063283087
0.049921229
0.063941151
0.03278592
0.066131834
0.1518824
0.20609183
0.028968896
0.21427065
0.17750213
0.090408152
0.089621341
0.17675013
0.11277992
0.040894902
0.063561934
0.08067085
0.16674382
0.085896721
0.067819023
0.19580481
0.1171227
0.072895176
0.12865513
0.12279321
0.13215702
0.025284682
0.077602746
0.055663291
0.045715789
0.053058643
0.10872193
0.38533959
0.31306137
0.35671857
0.12976371
0.2118712
0.023766333
0.069388406
0.16623597
0.35834525
0.2518292
0.030089056
0.045718159
0.027835673
0.025486437
0.11483223
0.14580662
0.28056534
0.097987206
0.033114507
0.2799421
0.064334323
0.23680076
0.077272508
0.061048001
0.2493728
0.20574018
0.026640679
0.087259061
0.032077682
0.069346588
0.22520815
0.31914956
0.026347649
0.078924552
0.056088894
0.27417663
0.17669177
0.15765807
0.050149727
0.090268438
0.29411997
0.47422512
0.034489754
0.20426257
0.14012286
0.05034019
0.12773184
0.049022304
0.04555996
0.023076717
0.10803514
0.031613478
0.034219395
0.19565994
0.031084284
0.17703446
0.2640825
0.072659659
0.10501078
0.11288121
0.12661738
0.023252148
0.068919734
0.067654841
0.24850839
0.12725822
0.1440305
0.086496056
0.047909543
0.053815559
0.25050471
0.064151525
0.15585467
0.08944109
0.22498926
0.37330192
0.33154178
0.078284172
0.067423016
0.16247046
0.32991566
0.11370819
0.047514755
0.10249749
0.058748868
0.020674356
0.034702983
0.033703536
0.021808867
0.24176516
0.0794329
0.20605409
0.095125041
0.078696473
0.27715454
0.29768925
0.041664809
0.43618895
0.025300212
0.044409065
0.023966265
0.021970968
0.024763429
0.03676842
0.039652474
0.2674469
0.17630281
0.39623785
0.38200188
0.074162824
0.083237908
0.28405045
0.036681098
0.17266901
0.1049314
0.15454533
0.14454526
0.34123204
0.10805059
0.081492969
0.084643304
0.25164286
0.040239315
0.25081666
0.10600943
0.097454653
0.15010239
0.2035805
0.11517338
0.10828797
0.27659888
0.02284895
0.065788411
0.16564186
0.0384103
0.044155717
0.020806382
0.10844945
0.11062162
0.086110236
0.085010926
0.15855552
0.064399111
0.069387009
0.33507233
0.028566524
0.089772716
0.04392575
0.040568991
0.041280329
0.09565065
0.23767072
0.21241239
0.40912574
0.41427259
0.094224194
0.30138193
0.092170991
0.21253061
0.076399435
0.083091518
0.096599978
0.21621654
0.060363735
0.19663868
0.063543429
0.12039257
0.34567927
0.34996755
0.026756205
0.035764373
0.16566392
0.3017212
0.24896999
0.11163754
0.2667956
0.026991256
0.039978938
0.039687724
0.03814616
0.085609466
0.079486966
0.067880802
0.15478367
0.21733276
0.074537047
0.070525344
0.03131078
0.038142005
0.087440233
0.11351468
0.36564065
0.31924986
0.14858864
0.2508883
0.071876853
0.19988982
0.054120507
0.069640816
0.039429904
0.25019171
0.12535789
0.2520103
0.18944455
0.078831918
0.036358662
0.033527186
0.038543563
0.094778971
0.077917589
0.084217396
0.029234268
0.021171147
0.044138579
0.10486322
0.13884368
0.023745493
0.064213798
0.049704341
0.10907256
0.085227647
0.23893861
0.055883889
0.04214818
0.036052564
0.035188768
0.29552329
0.12547181
0.10992015
0.057172157
0.042496767
0.29173849
0.098461439
0.25960402
0.23866219
0.12887423
0.090783142
0.052855272
0.19841088
0.087331243
0.12137833
0.1801649
0.080130766
0.12263298
0.20979601
0.044813282
0.074267842
0.033813589
0.09787405
0.023351732
0.26777746
0.033121423
0.34326532
0.10031796
0.2683902
0.2086133
0.11839502
0.11471394
0.21246475
0.30011358
0.070923853
0.24953795
0.13154286
0.30038829
0.022235332
0.4829799
0.22939044
0.326734
0.10427017
0.046687497
0.040905056
0.40772003
0.39884381
0.024384111
0.032160612
0.12236323
0.092290331
0.11547972
0.46867523
0.35505299
0.13735868
0.41877135
0.26495144
0.022874982
0.36664819
0.11933898
0.32671812
0.049941547
0.072862241
0.19360625
0.088487703
0.40542767
0.48680138
0.046569373
0.02326653
0.076932902
0.078573565
0.030953093
0.078173209
0.13737605
0.085358661
0.027153627
0.23348823
0.22068749
0.30281548
0.3484561
0.29091116
0.30724299
0.082356734
0.065064104
0.023349892
0.090260743
0.22563034
0.11780543
0.29521421
0.096107662
0.21485104
0.095421615
0.38881621
0.031312253
0.34960452
0.34217203
0.078932067
0.35113814
0.19437364
0.4265878
0.042042901
0.51460489
0.46663002
0.15542832
0.37239757
0.25423471
0.087756156
0.040908308
0.34664117
0.16347662
0.43565806
0.41792725
0.068065843
0.11662794
0.30194697
0.046452802
0.057690311
0.15617365
0.057007582
0.03353979
0.090930757
0.029477574
0.042393292
0.12651157
0.058578205
0.12156025
0.095608544
0.29370486
0.49592154
0.49251176
0.46894341
0.48890959
0.23808047
0.38883923
0.4581028
0.097516307
0.1615675
0.044047359
0.40475203
0.16681687
0.31677245
0.12921442
0.092000961
0.32081792
0.27347327
0.16615759
0.20248442
0.084846266
0.276765
0.10702535
0.084696618
0.18142876
0.091381281
0.22353242
0.38339354
0.022233651
0.065896891
0.12083794
0.022995408
0.025572076
0.17216481
0.21404413
0.13675134
0.30832042
0.18725228
0.3094259
0.037229102
0.23043287
0.11019043
0.2021459
0.041164086
0.16452092
0.043870491
0.061014851
0.042507801
0.025228189
0.046777311
0.045807332
0.021414087
0.35418379
0.34511178
0.45890308
0.11865934
0.098247545
0.058666173
0.037756171
0.44581086
0.30567364
0.40089674
0.31547598
0.24108649
0.19320726
0.47524739
0.43067601
0.48407412
0.033445346
0.086615428
0.16742678
0.033908024
0.35892559
0.31110724
0.4881045
0.045554532
0.36143018
0.46520367
0.28215399
0.084279143
0.19644548
0.16484186
0.024317542
0.064610185
0.19394698
0.017905456
0.04320159
0.12138676
0.30148632
0.18073483
0.36031737
0.271639
0.26785739
0.18196248
0.10190831
0.11598194
0.32780399
0.2059434
0.21549796
0.024259181
0.34893315
0.067491986
0.046579129
0.48979694
0.52307587
0.50579202
0.067211206
0.025048025
0.067863938
0.24775667
0.37637076
0.074157201
0.1873721
0.0260002
0.033892426
0.55483715
0.39497187
0.46056927
0.022704558
0.044514367
0.021165032
0.29653711
0.10854757
0.10915387
0.29748617
0.042453728
0.23254455
0.37556157
0.36222837
0.26361904
0.2050088
0.34364552
0.1728902
0.18988256
0.39097314
0.19811067
0.36761773
0.40509905
0.42575051
0.3433434
0.4431141
0.31627377
0.44247373
0.39711991
0.4122119
0.12166861
0.39686996
0.34875472
0.11590885
0.34501863
0.14774929
0.050217705
0.1465796
0.31224102
0.29510498
0.44980025
0.12749544
0.32060403
0.24587166
0.39358278
0.27765387
0.35315064
0.41005099
0.4598978
0.41419837
0.46939898
0.17046622
0.40857835
0.30949514
0.29472616
0.40460355
0.29493149
0.18556404
0.34147096
0.45213769
0.46055375
0.34429877
0.27754357
0.3113181
0.10736929
0.29198084
0.25197307
0.084597926
0.42828539
0.39389995
0.26045389
0.063574275
0.27385936
0.10746559
0.18269765
0.43746233
0.46721308
0.43010844
0.11074691
0.30748891
0.092854098
0.15322837
0.1951402
0.25251627
0.040598935
0.077247578
0.14288984
0.22225661
0.16344655
0.060672128
0.20688519
0.030434401
0.14921867
0.034734892
0.041947518
0.026659389
0.07592324
0.39219247
0.31811632
0.44115112
0.21162634
0.21116953
0.028478549
0.054014358
0.438022
0.29794461
0.40072546
0.31546922
0.46677373
0.50353463
0.3683279
0.25920684
0.18925002
0.30524322
0.34749226
0.29525796
0.3728137
0.47986691
0.50543631
0.46661665
0.52024822
0.5076265
0.43471814
0.47918843
0.4750228
0.31463051
0.1855324
0.22791715
0.25906038
0.19084294
0.45258613
0.49785746
0.48843559
0.29414445
0.3269509
0.23995434
0.19920103
0.11488332
0.28923647
0.42698115
0.28810823
0.38504381
0.33112861
0.10864057
0.12820489
0.34990022
0.48838511
0.46807194
0.13468601
0.020716069
0.044275654
0.025739743
0.072704183
0.07803772
0.028627842
0.31089099
0.31761264
0.32777568
0.065432237
0.16642189
0.061751101
0.28450697
0.21018467
0.27286622
0.20090823
0.084533837
0.057047395
0.39821083
0.43713476
0.47659392
0.38558262
0.4749175
0.43853407
0.50886261
0.51308951
0.46412795
0.071591591
0.10276657
0.20641929
0.047421912
0.34651315
0.257452
0.18340111
0.38162312
0.26157655
0.36303475
0.16752026
0.045236215
0.19594537
0.32892517
0.30226168
0.023859723
0.066455983
0.11847892
0.47351934
0.14260518
0.024605827
0.10645377
0.093514939
0.039651752
0.080542239
0.1186861
0.12268954
0.28901456
0.11566236
0.05065277
0.022483243
0.087318863
0.092872917
0.40243908
0.13750792
0.27227646
0.40824026
0.46497415
0.39829388
0.46518999
0.38072797
0.20498336
0.033628854
0.20212094
0.43293276
0.37411939
0.063657816
0.33066756
0.12733992
0.14332977
0.28989583
0.12405775
0.30898265
0.26597561
0.44880422
0.41476587
0.2694783
0.49057045
0.47927735
0.43037499
0.34536182
0.077902469
0.20692417
0.25576285
0.076826541
0.083260182
0.064820663
0.15559693
0.58775611
0.45631944
0.41879096
0.49205892
0.48543112
0.2744482
0.42787751
0.19045125
0.094611191
0.27565706
0.18299288
0.11376384
0.14746044
0.39176427
0.07200129
0.058313666
0.11427301
0.029525108
0.32260637
0.030249074
0.20822112
0.082214113
0.50349309
0.028622661
0.51429574
0.17574729
0.11085753
0.025925839
0.23656755
0.085545485
0.16513749
0.06249127
0.059993166
0.049092699
0.17897845
0.13958319
0.072578652
0.068459324
0.14834256
0.0236746
0.10023583
0.18168799
0.084629133
0.082253543
0.29089158
0.083373525
0.22448767
0.031950536
0.087835169
0.43010548
0.28137249
0.3204728
0.20187976
0.37377852
0.40097736
0.31554423
0.43363843
0.33540979
0.43989007
0.38768754
0.38587423
0.36540931
0.022736592
0.097156169
0.041980408
0.15185175
0.17502798
0.054965269
0.28191508
0.2837791
0.17603636
0.038947977
0.32988536
0.040345736
0.12388788
0.02390548
0.24546847
0.36278027
0.37471875
0.25898331
0.026516426
0.071451202
0.37804078
0.26742403
0.2249136
0.3193969
0.22104038
0.11760075
0.13471773
0.13340541
0.17869111
0.080459916
0.11904262
0.13299671
0.24411354
0.3939411
0.34747454
0.31464828
0.071497066
0.031225162
0.21535092
0.18639281
0.064817402
0.34399898
0.35790046
0.3638033
0.084800599
0.086678201
0.2486881
0.32240831
0.27868379
0.18991027
0.1904474
0.068880938
0.27763871
0.16055932
0.078366072
0.035845179
0.08159204
0.027160712
0.31806917
0.053373783
0.082279782
0.08534171
0.027242759
0.17292754
0.045082046
0.023418626
0.02670457
0.074830711
0.036869218
0.095357341
0.49453725
0.48615293
0.49079978
0.41009548
0.30495607
0.030700278
0.070288903
0.10580955
0.36305879
0.41899009
0.31550808
0.032443471
0.20539901
0.073799277
0.48628195
0.46005514
0.27788703
0.43965476
0.1610674
0.17465087
0.30456091
0.47801597
0.39602937
0.24799216
0.16808165
0.11302452
0.22119455
0.10337328
0.04664557
0.10975382
0.40968572
0.27572015
0.1126073
0.093595962
0.022615629
0.023540358
0.082123272
0.022723614
0.47812782
0.45840555
0.45597307
0.47853015
0.10286956
0.38967954
0.15508103
0.27240247
0.12117766
0.095445768
0.13222738
0.082381867
0.036286253
0.23352585
0.24676421
0.2662107
0.037151301
0.033014593
0.14093225
0.07427713
0.19386196
0.24172248
0.15634793
0.089618323
0.030065982
0.10666197
0.18532505
0.041513564
0.29685022
0.026772534
0.023378261
0.31787577
0.10853868
0.17616738
0.024816393
0.047174689
0.064537562
0.092954998
0.12294522
0.12856547
0.049738634
0.021842605
0.043107659
0.36036566
0.44002947
0.44153563
0.46618812
0.44528649
0.46548989
0.085676806
0.35090777
0.020673713
0.04366028
0.37898176
0.12752522
0.074841499
0.070683152
0.33772264
0.12355407
0.20129541
0.084237758
0.18796378
0.083872088
0.36750093
0.32071107
0.2188749
0.13607212
0.24694211
0.022402287
0.031906194
0.084722275
0.046628706
0.020861633
0.0444549
0.086845293
0.1848026
0.1368603
0.051545605
0.25392884
0.3317164
0.08615379
0.036994353
0.19206968
0.041391315
0.37043537
0.28465151
0.18486581
0.45248991
0.29985967
0.27250018
0.079103649
0.044928093
0.042696759
0.16907625
0.032654702
0.28412471
0.036761081
0.21400196
0.27001194
0.33875635
0.11689
0.27820684
0.42269886
0.39782159
0.30697717
0.15903095
0.2636155
0.030963783
0.1445426
0.065629965
0.19640591
0.1042689
0.099960074
0.023642962
0.13138369
0.24050345
0.14226379
0.26592139
0.10993944
0.40838251
0.46331611
0.48660223
0.074274084
0.059740295
0.21281361
0.025029704
0.3364904
0.095964958
0.07262384
0.11412684
0.098789381
0.37611887
0.1472328
0.33188683
0.053331454
0.11913096
0.4059804
0.43990152
0.025596524
0.37142732
0.23282314
0.40389301
0.47392101
0.50619815
0.38902517
0.3462647
0.27432313
0.40298691
0.33511632
0.42017267
0.11375615
0.47445791
0.51312456
0.11435736
0.49730611
0.37432254
0.32009503
0.33976889
0.032469993
0.078565091
0.23452945
0.093562015
0.46728064
0.21373145
0.066164501
0.043951784
0.087067582
0.022681369
0.045233908
0.034757486
0.084446928
0.066244571
0.2168532
0.083137789
0.16897638
0.3065738
0.022317581
0.15679858
0.37935111
0.25197127
0.29244951
0.33918905
0.33801197
0.30712994
0.022467925
0.27677695
0.050038886
0.20259091
0.049304991
0.045407003
0.27857825
0.17009571
0.15108494
0.042028798
0.2576849
0.24930258
0.30946333
0.17541363
0.31610231
0.074620784
0.19830794
0.18156041
0.047795627
0.058065142
0.034345626
0.030368792
0.1705103
0.061434577
0.023298518
0.2181052
0.1213442
0.24756178
0.14236213
0.34037088
0.22280827
0.06206694
0.052343698
0.10089887
0.29365794
0.18211574
0.20987856
0.30777461
0.42640653
0.35321839
0.36973278
0.045547365
0.04925156
0.030371599
0.094064013
0.11656468
0.2724708
0.43045685
0.32249302
0.44935146
0.43559477
0.46039773
0.43632233
0.41480032
0.37590742
0.26973873
0.31353312
0.28350551
0.28781636
0.12576264
0.24589029
0.33613724
0.37398141
0.1741416
0.045416374
0.090421278
0.047805021
0.10871804
0.14019383
0.13199442
0.10266902
0.024823611
0.26500516
0.25521313
0.29319388
0.20397986
0.42972088
0.28877878
0.2513212
0.21686152
0.25945288
0.036220762
0.089076299
0.041552815
0.19513502
0.4366741
0.44359093
0.080217641
0.088970674
0.35171568
0.021856449
0.059493703
0.30865504
0.13674565
0.3476695
0.39519495
0.39891433
0.27737515
0.41065838
0.063649229
0.019494311
0.31439222
0.34783922
0.36827508
0.45225285
0.48775733
0.41944409
0.35554734
0.50678576
0.51464909
0.40726909
0.50726372
0.51634212
0.052640369
0.046124366
0.023251545
0.37972931
0.1568605
0.15366402
0.17564847
0.21223792
0.051170831
0.039890772
0.045005161
0.026867627
0.041036025
0.041305168
0.28002925
0.36265045
0.33837697
0.39765442
0.16886639
0.027239628
0.16480365
0.027318684
0.054558312
0.14390699
0.19182792
0.13592286
0.039113936
0.061822281
0.34532286
0.3999768
0.33713819
0.39509172
0.40090676
0.063747633
0.41247867
0.38084241
0.29675492
0.034563222
0.02753141
0.32956131
0.27639921
0.068734705
0.070876419
0.099987591
0.097590318
0.28888104
0.16229716
0.034632084
0.031585214
0.12286168
0.35714892
0.19849013
0.03728838
0.31591749
0.31232927
0.27207928
0.42872208
0.43122723
0.49265483
0.48830604
0.021414316
0.23830194
0.29906956
0.27420134
0.047099584
0.35026731
0.33889727
0.077573437
0.21046152
0.33062236
0.025493082
0.12942821
0.20790778
0.036427175
0.13897873
0.027665263
0.10960646
0.082095967
0.363421
0.10601282
0.26382839
0.082857675
0.18759578
0.12554656
0.46310051
0.49125266
0.30521164
0.35996164
0.43574612
0.49697773
0.37481665
0.30708344
0.11676963
0.047539475
0.35554111
0.42596798
0.16207675
0.081394856
0.23102906
0.07289477
0.2639985
0.19668944
0.096236995
0.025685508
0.17595619
0.1272864
0.072818435
0.064313691
0.025533325
0.18503435
0.032739801
0.098153491
0.24448979
0.035633273
0.087242612
0.13586326
0.37197402
0.33851959
0.30995563
0.28914677
0.29008397
0.37955323
0.037971556
0.234432
0.049801391
0.3222034
0.37033989
0.35451708
0.10548767
0.35341506
0.20999976
0.27922711
0.39199971
0.12477013
0.29450405
0.13944675
0.31376286
0.11372425
0.27824301
0.36899371
0.41653413
0.25500016
0.3259493
0.40070079
0.37920552
0.15155268
0.078722148
0.032533744
0.28971654
0.31257295
0.14329771
0.19025163
0.074063382
0.18437888
0.1904398
0.032805682
0.089406958
0.26846792
0.21601774
0.18469592
0.33326441
0.25582008
0.090922219
0.22483921
0.31942804
0.16720598
0.24902447
0.11334083
0.09859462
0.027660032
0.12278822
0.24735419
0.08387063
0.080611133
0.097214682
0.17166162
0.14877617
0.29504788
0.044329559
0.40868049
0.087432277
0.28877995
0.072412484
0.048499878
0.33861914
0.16487332
0.22539122
0.11973666
0.48165439
0.51165181
0.48251076
0.5131661
0.48348973
0.031016698
0.10334315
0.42591933
0.45625126
0.25863107
0.090949445
0.15860965
0.067695295
0.30060389
0.42540945
0.40306091
0.10187323
0.33609465
0.10741669
0.4529952
0.21595294
0.39060728
0.40188166
0.37711067
0.36349069
0.30321929
0.39990246
0.11510155
0.46048626
0.28167131
0.40233826
0.38393661
0.24559667
0.35572847
0.029933074
0.41232104
0.44979637
0.41763869
0.27842871
0.49965565
0.43700294
0.038683215
0.1445934
0.039497216
0.19091147
0.48955351
0.37043559
0.030274707
0.028750014
0.023212203
0.046750766
0.025109874
0.17071112
0.10442275
0.24632788
0.14549326
0.023364595
0.025395014
0.024694095
0.31225901
0.28475781
0.37530085
0.034032581
0.04094683
0.11037237
0.24685902
0.16105535
0.30191525
0.23870115
0.24378612
0.27158676
0.10257296
0.29970737
0.23980449
0.27393321
0.02469583
0.032794497
0.037662692
0.14006875
0.21491286
0.14473504
0.064226355
0.026044989
0.031670119
0.068164072
0.15064563
0.11366815
0.052135002
0.070130413
0.14569065
0.051256949
0.27386693
0.10900096
0.097746281
0.26565109
0.28199933
0.30495974
0.091863312
0.18604509
0.10880861
0.097518329
0.38424266
0.36162141
0.38082851
0.22983934
0.32932004
0.02263746
0.12267414
0.037368147
0.028313205
0.15970045
0.42721749
0.28988113
0.10138225
0.12031822
0.22856493
0.081693004
0.34411793
0.42427526
0.31845792
0.30012598
0.20428443
0.025421436
0.12266031
0.22312268
0.057760275
0.10687191
0.21834105
0.34955845
0.2447635
0.27663581
0.32453337
0.29711715
0.31116702
0.2652522
0.45329721
0.33016714
0.33804377
0.31550103
0.44050531
0.45006375
0.27172785
0.056300212
0.51092446
0.40524714
0.44384818
0.51900319
0.37090944
0.45754536
0.26397384
0.10374918
0.27493984
0.02825025
0.16540487
0.20428574
0.13668547
0.17822781
0.28601235
0.20095284
0.029011599
0.12904414
0.090390714
0.13431101
0.27289475
0.19779377
0.24695928
0.064958106
0.059635658
0.10398608
0.020475435
0.041968124
0.053577133
0.3269881
0.045510277
0.050634887
0.15254376
0.021916683
0.41471792
0.29324102
0.32008766
0.090307249
0.23193067
0.43569859
0.49153625
0.27443992
0.10055738
0.17075758
0.20805839
0.40673951
0.40535503
0.50290413
0.47516008
0.41263507
0.50667858
0.45897961
0.41815657
0.024490837
0.074872607
0.046262716
0.096714241
0.04877438
0.078273256
0.049591648
0.22760243
0.16946028
0.089776106
0.18151668
0.090801137
0.17702022
0.062066471
0.15392024
0.024202905
0.060716602
0.3791024
0.21420093
0.26613843
0.31555463
0.12310299
0.051695902
0.16579255
0.20108142
0.030526367
0.16420646
0.023441304
0.3101815
0.36777288
0.15207889
0.35978304
0.25209987
0.08086038
0.33519266
0.14381936
0.38823186
0.089944156
0.17836133
0.37591411
0.38681503
0.38766687
0.35397074
0.32804966
0.39081521
0.075079725
0.26920957
0.12398108
0.22477585
0.15651252
0.042348488
0.02942117
0.024886509
0.10650197
0.12536331
0.038219016
0.025681097
0.039391882
0.2503402
0.24920896
0.26924579
0.38505726
0.41806059
0.49717941
0.42167934
0.49014553
0.46605286
0.026145162
0.058103543
0.13032642
0.1949097
0.029963448
0.26720173
0.36536542
0.42952973
0.28744314
0.44593708
0.37484802
0.098359639
0.20455322
0.14044375
0.084989633
0.21897293
0.059076882
0.130735
0.25962235
0.2080887
0.25768007
0.28079514
0.30646302
0.048910984
0.058544843
0.029023632
0.13063899
0.17836124
0.026907539
0.084316485
0.23336826
0.11151186
0.23018742
0.33357066
0.36519405
0.097894919
0.29554363
0.31442215
0.18451006
0.12036122
0.29864481
0.079471177
0.08773169
0.088893444
0.27840991
0.12844513
0.29589048
0.046695057
0.044585301
0.091975136
0.024346361
0.022534818
0.02023894
0.045280079
0.15035966
0.29352549
0.046912878
0.099224963
0.24460386
0.021132465
0.095217746
0.049960661
0.025630003
0.2590813
0.17360053
0.11545146
0.29940797
0.18206701
0.23239377
0.22028272
0.11016706
0.048340242
0.023604479
0.25759759
0.06853906
0.031560236
0.21806345
0.065207494
0.17820998
0.046987294
0.043560558
0.099346036
0.23191153
0.17423035
0.056593257
0.46779268
0.21099133
0.4449314
0.10242051
0.23853173
0.083246057
0.23445118
0.091188257
0.058397837
0.022779703
0.47047175
0.34228802
0.42342904
0.41101751
0.45444201
0.35003554
0.4675142
0.32320031
0.030005933
0.19659182
0.060071915
0.13326253
0.50253129
0.49963687
0.50947089
0.11604223
0.4982143
0.45798329
0.37721059
0.11763546
0.25966993
0.059063747
0.070068634
0.19550117
0.036919307
0.2369902
0.32092341
0.37888696
0.23208597
0.078832996
0.27962504
0.31050494
0.26763587
0.3876541
0.26415913
0.075285222
0.31685706
0.43060943
0.34248537
0.39557514
0.4518566
0.47621376
0.39553587
0.50967688
0.3882242
0.38480911
0.44714834
0.33134732
0.48946067
0.35491636
0.41726541
0.45075801
0.5107721
0.44297057
0.49035596
0.47669891
0.026405871
0.068317581
0.082297364
0.16493674
0.35673102
0.030645821
0.08928617
0.023268911
0.36066683
0.14735743
0.19764052
0.36068177
0.25593123
0.071589493
0.18556584
0.097594539
0.36198391
0.17793997
0.1829879
0.3711585
0.38412113
0.28439935
0.23383753
0.39136537
0.077612145
0.099037861
0.063982504
0.083066801
0.034893083
0.23004791
0.18154128
0.076255323
0.094008127
0.043097754
0.021116275
0.044200607
0.081351137
0.091689976
0.14359975
0.14536443
0.096325821
0.11491151
0.021981479
0.022704006
0.45395946
0.4448483
0.41679533
0.47967331
0.20990904
0.16991823
0.15963632
0.24317083
0.11045813
0.32851879
0.30152678
0.03105038
0.37581908
0.43755854
0.40215018
0.45013822
0.26392267
0.35642794
0.3252446
0.12305708
0.36182039
0.18108976
0.32905222
0.25278167
0.42573314
0.3385794
0.45062069
0.20068245
0.029503247
0.12961873
0.43480308
0.05831543
0.17003439
0.17161432
0.10568447
0.094932807
0.1177555
0.12241061
0.24319537
0.2736871
0.34235578
0.089697502
0.021240255
0.16503296
0.15142181
0.41029592
0.33315899
0.31535864
0.28106405
0.11212915
0.40995812
0.26885316
0.33595618
0.22701834
0.39704369
0.53136698
0.46890968
0.50562703
0.40696397
0.4560694
0.31907455
0.40826257
0.44005794
0.40642893
0.29712515
0.50049422
0.29895409
0.32143925
0.5056494
0.31580189
0.35329232
0.52302215
0.46325327
0.42353928
0.20649166
0.35220361
0.2793084
0.27160642
0.20883265
0.36671174
0.28590913
0.33569644
0.051690783
0.12614348
0.12891858
0.054677382
0.26482131
0.10442232
0.12158118
0.24857288
0.069444519
0.10797584
0.27520949
0.086171965
0.022106126
0.058249487
0.18347115
0.074479858
0.30273127
0.26353151
0.3029731
0.41907597
0.26461851
0.22023666
0.47629846
0.27185164
0.35343904
0.42386168
0.24693419
0.18096664
0.45223961
0.16498029
0.26415587
0.02130693
0.056062651
0.023302105
0.022792353
0.048134085
0.090389322
0.15409298
0.21735813
0.063994276
0.11520939
0.04265489
0.2718924
0.025341732
0.090241926
0.41356032
0.37867666
0.30535836
0.027148189
0.26641314
0.14360324
0.076496405
0.16084617
0.06798267
0.099528943
0.12078082
0.060869956
0.34433791
0.31973866
0.35372774
0.16946717
0.31283081
0.32515534
0.079645569
0.19868988
0.025393679
0.40659819
0.30303493
0.30692041
0.04548353
0.024774863
0.066941915
0.10188852
0.18346025
0.09453008
0.38546429
0.40525487
0.32908302
0.12458494
0.29556997
0.10907333
0.23834811
0.086692299
0.021118551
0.044320389
0.051074915
0.028685521
0.1029578
0.13143613
0.27862688
0.36634437
0.2266194
0.41828682
0.25078494
0.069861693
0.11226089
0.35357235
0.1447466
0.4483067
0.24831218
0.20791773
0.13641851
0.1908651
0.064340332
0.39055239
0.21815827
0.32826519
0.27666433
0.28066557
0.37124157
0.064963377
0.080117873
0.19617066
0.35661701
0.45385418
0.44845438
0.40843581
0.23986478
0.45464572
0.43075108
0.26320953
0.32246842
0.084848215
0.52466078
0.43474218
0.22516833
0.5115593
0.48489722
0.52661815
0.48197794
0.4922658
0.32356755
0.38919682
0.3273308
0.19798317
0.02231313
0.13490777
0.055023873
0.24401134
0.044752408
0.21197922
0.1706509
0.057982333
0.28238229
0.15325506
0.058759652
0.15174933
0.40054692
0.13637049
0.4134884
0.32884488
0.085876937
0.21647998
0.12548924
0.27823695
0.15290511
0.05239727
0.49478176
0.06666064
0.06089839
0.50314892
0.039493716
0.38121857
0.44235051
0.26251237
0.21809818
0.022400755
0.056445007
0.38886375
0.4855734
0.10148429
0.11354282
0.31460513
0.34531468
0.3782236
0.384624
0.11895545
0.32939957
0.31055912
0.34462502
0.37033716
0.39170724
0.0634443
0.044960767
0.064569463
0.12412175
0.078689687
0.023396204
0.24581158
0.26622665
0.21091291
0.07690068
0.10530235
0.093092674
0.093639406
0.3554283
0.22414067
0.29680195
0.18291585
0.036980887
0.043175446
0.36275861
0.33718344
0.18102945
0.080311137
0.27995823
0.17402015
0.097101337
0.02763127
0.36685279
0.39017222
0.37969055
0.37066093
0.083949452
0.26300579
0.25004131
0.062861244
0.39058219
0.34661765
0.41833701
0.37340471
0.044037567
0.055543533
0.020177844
0.13173665
0.16573503
0.05246726
0.071706549
0.18245091
0.14721909
0.39234324
0.027449621
0.037113226
0.025835167
0.31808302
0.24801735
0.12928329
0.14149248
0.1217552
0.27111091
0.11157149
0.23853773
0.13955196
0.020275036
0.077979313
0.023894194
0.022238943
0.022638319
0.10368058
0.023444093
0.12367543
0.02219505
0.10132028
0.045208653
0.046014728
0.19342767
0.10134367
0.09433222
0.034299379
0.184446
0.13243409
0.14538853
0.072366261
0.18280956
0.02293602
0.14365277
0.060036872
0.11224974
0.37172433
0.40500421
0.33937586
0.15842118
0.49607623
0.49929696
0.10734254
0.46700582
0.40314601
0.033508921
0.47166744
0.38750899
0.33859911
0.26518236
0.085500418
0.059874075
0.27093329
0.041020254
0.12954427
0.089432561
0.12875357
0.093897328
0.2971018
0.14044425
0.16152775
0.046064596
0.02306937
0.43920035
0.46554957
0.44628095
0.36349336
0.19102741
0.3578057
0.24269937
0.031790487
0.21931669
0.04209773
0.27097645
0.11108389
0.023996425
0.13709663
0.031584047
0.24644983
0.33144656
0.25119695
0.17413222
0.14203167
0.25723955
0.028282941
0.43045204
0.43583754
0.36897735
0.030247737
0.026280601
0.091102555
0.22150358
0.10299335
0.094807523
0.10581587
0.45049036
0.43005179
0.30047465
0.25322815
0.23449043
0.43031203
0.46168055
0.41529236
0.072674629
0.096455604
0.038595703
0.16262375
0.052867104
0.02560361
0.093754255
0.0659228
0.17491435
0.17274375
0.25602076
0.028266833
0.065965635
0.35820082
0.14699099
0.18956693
0.39026946
0.31180339
0.13419438
0.28318766
0.18145117
0.21554358
0.02681158
0.027402202
0.054433418
0.39914462
0.033243008
0.31939983
0.2350002
0.1275403
0.25247194
0.070650558
0.17988047
0.077662555
0.19307139
0.24377058
0.25225568
0.077753964
0.050227011
0.099559461
0.39138248
0.26800323
0.021563025
0.044651906
0.049201357
0.13641115
0.38143168
0.34682378
0.38298519
0.3381481
0.40963041
0.26017036
0.35949103
0.16621893
0.30858577
0.29238367
0.10048902
0.10745619
0.26641262
0.31965461
0.28802849
0.16139736
0.046303239
0.03337738
0.15788604
0.20080559
0.04829097
0.092395122
0.1086074
0.027140416
0.42810739
0.27715193
0.25124184
0.045179413
0.023302843
0.083473525
0.34656755
0.3283324
0.38775662
0.028253057
0.14767942
0.19245022
0.31295081
0.10724737
0.34112881
0.062278664
0.23654286
0.17404555
0.048298345
0.024035156
0.33006254
0.36944062
0.14297167
0.042722143
0.40326011
0.35085423
0.021770488
0.032674467
0.14361347
0.055027617
0.21643388
0.46710875
0.39703118
0.11678722
0.066085373
0.092557
0.29972575
0.02426319
0.067582199
0.32252308
0.34275392
0.26068942
0.45283119
0.386277
0.39897501
0.39889363
0.47540183
0.028055932
0.20916572
0.095008835
0.40130213
0.35301307
0.31676826
0.20772187
0.29875677
0.045910556
0.024097351
0.4023021
0.024098736
0.045911941
0.44775184
0.48879321
0.030576457
0.040428563
0.13286593
0.30245317
0.37294961
0.3041359
0.37109099
0.10962319
0.068569537
0.29756286
0.14756416
0.24536945
0.26365359
0.13385004
0.12258762
0.090049115
0.06639882
0.26273411
0.10297158
0.17311623
0.06170525
0.06320195
0.021799875
0.11255709
0.28096684
0.30011429
0.10617528
0.087540825
0.14669758
0.2923451
0.11005089
0.46744979
0.41591048
0.17734343
0.083616371
0.070329551
0.20875022
0.31006721
0.42966108
0.49787068
0.083867888
0.082781123
0.20860895
0.23019771
0.25112421
0.31560064
0.3361264
0.07665284
0.1548314
0.046120118
0.28246115
0.054731084
0.30219259
0.15621048
0.04315432
0.16848695
0.044266833
0.34855303
0.5114539
0.15782569
0.1774604
0.067754842
0.02489198
0.063599004
0.022700672
0.19310004
0.089761638
0.024278082
0.1792815
0.2001626
0.40359009
0.43667867
0.39793883
0.31145884
0.27519958
0.08566824
0.24745257
0.10198297
0.033470353
0.2225767
0.16223257
0.14893271
0.18011031
0.37462926
0.24652691
0.18025341
0.3778607
0.25298432
0.023568548
0.082789104
0.025742068
0.21863941
0.16742198
0.033474284
0.072181308
0.35463878
0.28331671
0.45763541
0.45082911
0.06042558
0.20754746
0.42142791
0.17278349
0.47651432
0.30199452
0.50853437
0.48981239
0.14367184
0.46400234
0.51109196
0.21693436
0.39071321
0.061424901
0.4803114
0.12573565
0.041602385
0.40537696
0.15464283
0.49480442
0.47695735
0.092849519
0.1403418
0.05180333
0.089660009
0.27178224
0.26629751
0.12078738
0.021445625
0.04211998
0.075622462
0.082200421
0.047170927
0.11320933
0.083314884
0.22610997
0.09458583
0.17062523
0.073698787
0.37409565
0.12105214
0.19066319
0.030164978
0.037192185
0.090538319
0.43633104
0.30849311
0.34158166
0.44433305
0.056633458
0.13728919
0.042544845
0.36439054
0.36298635
0.49822298
0.51567588
0.4986053
0.26844713
0.043422495
0.030237727
0.14481895
0.28737239
0.20011144
0.28776691
0.28991924
0.52002021
0.50735281
0.51897673
0.51445177
0.31088157
0.3820284
0.31492835
0.16296493
0.075600596
0.076655291
0.024221805
0.029504497
0.33880522
0.15410844
0.18297538
0.35789393
0.19613508
0.28604409
0.15551481
0.4183961
0.14540614
0.049369827
0.34649016
0.26596558
0.16400883
0.087185246
0.045287345
0.43290861
0.36336546
0.46845718
0.37173968
0.37719897
0.10426381
0.294707
0.25271095
0.48565568
0.49977997
0.33324055
0.02116743
0.045602435
0.021804619
0.050873853
0.23778448
0.13028212
0.18660115
0.50324244
0.44553122
0.33585413
0.32203459
0.13356535
0.066245369
0.037632772
0.26448839
0.19184292
0.088937303
0.095227739
0.043418262
0.050713371
0.21488223
0.097617712
0.039249454
0.1972277
0.15185214
0.4513787
0.48421414
0.39662794
0.48837357
0.072408115
0.45574035
0.42682004
0.070736068
0.4872861
0.44882652
0.40560101
0.022102671
0.093349256
0.26870857
0.18649025
0.28376829
0.13644206
0.032464666
0.076272792
0.039112463
0.28005467
0.30019866
0.23352627
0.32808774
0.12859513
0.36204578
0.35814437
0.32496317
0.23145511
0.13329397
0.19479507
0.38416754
0.35551651
0.30228726
0.35771231
0.38589551
0.11107833
0.11492713
0.036504816
0.24443017
0.027672015
0.21163898
0.42648876
0.18622536
0.4373431
0.38150286
0.50095859
0.46033448
0.54246755
0.54207339
0.42612414
0.63854983
0.30409969
0.32240267
0.18315258
0.20925703
0.028102173
0.082651002
0.29118751
0.31183878
0.17281736
0.15394295
0.4152192
0.022886695
0.030280189
0.058765971
0.09220177
0.064279203
0.32117319
0.15615153
0.1948858
0.30867679
0.048919101
0.039815995
0.033113104
0.12717483
0.035229991
0.23631172
0.2583825
0.035735325
0.18438645
0.27841773
0.10011727
0.25820543
0.044679943
0.26608536
0.22653147
0.077280339
0.065012542
0.14140152
0.20660774
0.14077619
0.067374792
0.23726281
0.32103273
0.17963288
0.33663241
0.15413417
0.088251075
0.068625596
0.02486337
0.41063554
0.37204127
0.44647689
0.058696813
0.050181318
0.040371636
0.27967191
0.30530345
0.04389759
0.16910818
0.18121848
0.073487379
0.061758608
0.038563489
0.21980213
0.024385336
0.032855464
0.04482927
0.025303782
0.02011946
0.073302563
0.40546124
0.41322922
0.18358531
0.34580747
0.059572899
0.1059081
0.30852754
0.28626376
0.11500162
0.08749392
0.29780104
0.10893409
0.26080733
0.078118991
0.083006767
0.21668399
0.02869369
0.037078646
0.091874599
0.29743521
0.16385754
0.20438254
0.51728083
0.071061985
0.49594524
0.48135751
0.51387116
0.48193396
0.41299782
0.41620434
0.33216024
0.23036837
0.086670029
0.18911539
0.021367601
0.022253104
0.22473653
0.21764972
0.14471424
0.080071267
0.046855444
0.066398841
0.090644028
0.1631064
0.34528121
0.15232156
0.36417353
0.15654675
0.20337141
0.12542779
0.32899347
0.16827112
0.25484202
0.025995218
0.093826262
0.10384173
0.25103464
0.052801619
0.45675568
0.053979491
0.076412885
0.10921659
0.2727599
0.33843354
0.084137714
0.11159906
0.49291579
0.035377671
0.15970225
0.30608429
0.072432965
0.10749554
0.066886662
0.41276066
0.62181103
0.58479829
0.32713325
0.090505367
0.045259701
0.2724781
0.085225781
0.26342115
0.1501973
0.52888395
0.49973868
0.10194823
0.32826113
0.43042546
0.189301
0.044971402
0.32129873
0.21244075
0.086589463
0.1004755
0.085576725
0.19173485
0.17303714
0.080649819
0.0632957
0.16289521
0.12829781
0.24654601
0.23327843
0.097306547
0.026901212
0.030641961
0.068560185
0.32902156
0.34158385
0.29814685
0.15022959
0.30090584
0.2673178
0.25138016
0.32353506
0.050633448
0.048361681
0.086794201
0.25016102
0.077936819
0.11066233
0.30169133
0.021147792
0.071178925
0.041394192
0.22083384
0.30751315
0.24420073
0.34298045
0.31493079
0.39174925
0.17332001
0.13630522
0.17506234
0.29115841
0.10891887
0.10948745
0.092240318
0.10714792
0.10297853
0.031989527
0.034455523
0.45964353
0.13960759
0.077388926
0.32935599
0.064617359
0.17639014
0.14300326
0.51456115
0.037949006
0.20525862
0.059460428
0.16125448
0.031017804
0.21737954
0.34018218
0.30978127
0.17418587
0.058045285
0.1703448
0.046277062
0.021468354
0.29816809
0.060144634
0.028770144
0.090727725
0.088698039
0.11140262
0.22508103
0.15330391
0.16521777
0.2801462
0.068479719
0.20030476
0.31022837
0.026412401
0.04232851
0.021362522
0.079257055
0.5178435
0.23816939
0.1196097
0.2262698
0.50939242
0.096451315
0.12118904
0.45123253
0.10750914
0.020536641
0.050611354
0.49690282
0.083381623
0.071960795
0.029607995
0.05834438
0.090748
0.10374936
0.16431199
0.038476822
0.088125885
0.047128042
0.24109562
0.26672114
0.067261854
0.070191999
0.024076499
0.028816826
0.10377891
0.30237151
0.26331277
0.32333842
0.096205391
0.07050388
0.31842777
0.33253858
0.022336363
0.55110292
0.50467533
0.11500098
0.057523883
0.25815107
0.098733263
0.14281699
0.4267582
0.48721971
0.070263945
0.094044175
0.04780388
0.25510527
0.34197762
0.33232906
0.31195853
0.055254656
0.20006369
0.18044302
0.078466711
0.16972026
0.097261268
0.20045962
0.066968021
0.50106027
0.14124263
0.076813206
0.22744261
0.36279361
0.027004712
0.033109632
0.13875094
0.09705044
0.17573067
0.32285874
0.18395612
0.11946061
0.12124819
0.46940708
0.48240238
0.14439784
0.23377714
0.33858702
0.38850366
0.53651392
0.17723037
0.41356542
0.020720394
0.045344885
0.047832711
0.087568264
0.1750943
0.1578991
0.22323711
0.058080957
0.066024746
0.088813055
0.040822435
0.038125791
0.27217265
0.14062224
0.14161265
0.17467127
0.28993859
0.19725863
0.074099732
0.12870536
0.028691711
0.22950493
0.12832461
0.27761153
0.36336948
0.10481486
0.13474362
0.20972907
0.11307239
0.14979537
0.036377205
0.36658212
0.24758179
0.45000791
0.19929925
0.21368808
0.26517244
0.21484478
0.099958116
0.039982386
0.25979791
0.30789849
0.31991439
0.2105047
0.14566177
0.32034348
0.25670086
0.15788708
0.049664483
0.22077219
0.24143446
0.078061654
0.18111563
0.20212981
0.29857257
0.13462887
0.028684394
0.068777132
0.071668427
0.43465919
0.5055448
0.18721602
0.38897288
0.14831587
0.2236683
0.042917568
0.096616234
0.20579905
0.034718023
0.11961246
0.24959651
0.047539025
0.062635053
0.060562679
0.08015168
0.093184546
0.027699497
0.24396417
0.2749865
0.34622335
0.1084791
0.032952664
0.071869293
0.038099151
0.076201161
0.026577067
0.071855502
0.044842866
0.3102121
0.099305974
0.07726716
0.034562393
0.13374252
0.34698877
0.1391841
0.032895859
0.088670674
0.043415995
0.082947221
0.040645027
0.10418409
0.060430469
0.095357417
0.045673322
0.092706129
0.021532817
0.16417187
0.38714461
0.17242784
0.17563792
0.058225258
0.029814503
0.035582952
0.071818975
0.064910685
0.16911835
0.32986983
0.11242795
0.2836423
0.27174872
0.42640186
0.043776128
0.069006716
0.29629183
0.032113684
0.44295783
0.076363172
0.096767384
0.044386067
0.26735546
0.067021585
0.031062783
0.13150394
0.090739322
0.046052355
0.053332768
0.032838608
0.2122352
0.14911125
0.16039045
0.31379619
0.097178009
0.17303874
0.031398855
0.3016476
0.29323482
0.25704082
0.23796142
0.21053033
0.2879375
0.094054915
0.47852522
0.3935602
0.11738032
0.48669904
0.19943051
0.45234485
0.27650077
0.42142525
0.085203212
0.029152585
0.024082214
0.045563328
0.088786894
0.19713755
0.062922671
0.13138891
0.18765154
0.063644028
0.20129344
0.025424449
0.056411581
0.31671656
0.39156667
0.27400048
0.25677212
0.10464429
0.50013248
0.10456517
0.26536648
0.32935968
0.27312626
0.14349007
0.032466321
0.08178904
0.1683528
0.030682059
0.26879078
0.2336216
0.19372038
0.041228798
0.38902259
0.126307
0.52379461
0.13757263
0.34900654
0.47278468
0.39685387
0.16371544
0.14671355
0.32023001
0.36055796
0.12223878
0.029048769
0.12173688
0.16912923
0.075191913
0.13596045
0.067062126
0.42302712
0.12842117
0.38609478
0.27584452
0.24285176
0.037817774
0.41154871
0.074423935
0.14157999
0.23568469
0.30657395
0.30869762
0.32869803
0.33729978
0.25757676
0.049197004
0.13238924
0.12413132
0.39063746
0.33548309
0.21364442
0.32133593
0.065870301
0.023851152
0.22682918
0.12211866
0.034601013
0.24034369
0.091903744
0.20250063
0.044511967
0.027148246
0.28575582
0.047702563
0.034484276
0.28862944
0.15657594
0.087080322
0.19020989
0.052519563
0.069445888
0.21799282
0.043889481
0.023197523
0.021852957
0.046119104
0.047096927
0.024688931
0.12977697
0.18028451
0.2397635
0.065455497
0.022105065
0.2571282
0.14644459
0.2199827
0.15752722
0.099417393
0.17619731
0.16461608
0.22020119
0.34392174
0.13035119
0.22819651
0.35893647
0.098644602
0.40353586
0.1410101
0.38814314
0.19036642
0.31086041
0.23510159
0.34232854
0.38214337
0.34668158
0.1829186
0.22922484
0.20085266
0.19110264
0.058108613
0.19170422
0.092314554
0.10711937
0.069907158
0.17380594
0.072904011
0.34913897
0.096242378
0.076947069
0.19229244
0.43032217
0.062377001
0.25681983
0.2358327
0.14727776
0.028402789
0.20019466
0.11657065
0.43548021
0.41074365
0.20946175
0.078765767
0.40543935
0.048602548
0.43087122
0.43439354
0.4374577
0.22753481
0.025254139
0.49575904
0.073758055
0.29288717
0.083202672
0.10119713
0.39557596
0.18385864
0.092479276
0.24233615
0.3277597
0.037504136
0.0554995
0.12636055
0.17244158
0.38899626
0.41822349
0.11906005
0.16658975
0.12422501
0.088391415
0.2122844
0.20482725
0.29651124
0.060598307
0.029960046
0.30079577
0.17521387
0.40343464
0.28772503
0.22661513
0.061359455
0.38700247
0.37196141
0.036736734
0.23307762
0.37386358
0.091425108
0.44503984
0.1739867
0.36607255
0.43855355
0.36320681
0.33709425
0.13439094
0.084336162
0.046596746
0.3758636
0.40050309
0.23975368
0.32962039
0.18647427
0.099234918
0.081819886
0.036940798
0.027154131
0.2484922
0.34871529
0.087013989
0.42080866
0.39384627
0.14498765
0.036632499
0.13456791
0.23844469
0.064253172
0.39013718
0.20998809
0.4033542
0.16135918
0.33564771
0.038629524
0.089556985
0.29812159
0.1991569
0.4472946
0.33175592
0.35899182
0.19772784
0.035195717
0.4320625
0.092382827
0.15013093
0.02598159
0.085579375
0.39912818
0.048005283
0.33488294
0.32660968
0.10936608
0.077124337
0.45404575
0.13527461
0.2958505
0.12346561
0.028731848
0.34741347
0.17748109
0.40179209
0.41897268
0.053630242
0.10466312
0.12870965
0.18670645
0.36406898
0.17576869
0.17536663
0.22358656
0.052603453
0.065612864
0.13861206
0.11870688
0.03774067
0.31539045
0.19891232
0.099929257
0.10074504
0.030381297
0.1219374
0.17639369
0.025362032
0.034055764
0.26829673
0.11682113
0.23853911
0.39583454
0.40789937
0.40120114
0.26020936
0.15768915
0.13677079
0.030383079
0.50473321
0.49030358
0.13092617
0.17022094
0.16971567
0.13505719
0.35235686
0.15355499
0.30844391
0.046240295
0.075036161
0.024073203
0.092429944
0.026207321
0.35061974
0.2322348
0.065670374
0.38937794
0.046543866
0.10515493
0.2784002
0.12192694
0.050094486
0.12380039
0.27077355
0.13199021
0.12811524
0.035094482
0.28339548
0.14421355
0.29594394
0.15238855
0.44378802
0.029363701
0.08881158
0.44151921
0.28535363
0.038355222
0.38959454
0.38686772
0.30057873
0.061140891
0.16520718
0.13420486
0.078019742
0.30030025
0.044883137
0.20825879
0.38562339
0.16329282
0.17127569
0.090144472
0.14228385
0.11775112
0.2692739
0.093656213
0.34427113
0.2065649
0.41373961
0.14105976
0.13606591
0.030569682
0.04612639
0.42030267
0.16590464
0.48179498
0.027587392
0.20482459
0.039675114
0.063146169
0.27536283
0.13352481
0.088033253
0.10594153
0.185843
0.20346926
0.25774207
0.071102744
0.067050489
0.059743255
0.16697296
0.34899148
0.32143112
0.39102137
0.33147995
0.21401256
0.39449808
0.32694326
0.036337258
0.20978486
0.15413407
0.28338006
0.18307872
0.19963385
0.10278024
0.15858326
0.053690469
0.109461
0.04952385
0.045381735
0.021264516
0.17606425
0.44025593
0.39175027
0.46177224
0.08632847
0.42370494
0.43934536
0.32341556
0.44802456
0.41225666
0.02102229
0.15563858
0.20538911
0.080800767
0.23475185
0.095991489
0.30323352
0.25578582
0.04135852
0.19395116
0.073014805
0.26444105
0.093809725
0.075077423
0.10394058
0.12150678
0.038067845
0.031649761
0.059568173
0.2905505
0.15661868
0.21575157
0.1568374
0.024743924
0.068470322
0.20765582
0.032683598
0.035171512
0.17328552
0.074299669
0.075195842
0.40346699
0.043759016
0.092553465
0.37274643
0.029191483
0.3879453
0.057515495
0.39791686
0.15614704
0.22155236
0.030409102
0.05741861
0.023200173
0.08498299
0.022569552
0.14323104
0.18110531
0.068770485
0.02480287
0.022958767
0.044621168
0.18680409
0.071636185
0.17923882
0.10130441
0.03164067
0.27286694
0.19097963
0.089721148
0.05504525
0.11254067
0.067770574
0.079951731
0.12647696
0.12685599
0.12901942
0.21575671
0.04007264
0.18303801
0.078021878
0.027977787
0.16334081
0.31057651
0.14792447
0.062740589
0.024034365
0.27468343
0.045193112
0.32391643
0.049151096
0.478241
0.05022296
0.29347833
0.1494396
0.18634474
0.14604814
0.11103467
0.17251433
0.15754429
0.37100672
0.41873263
0.25585448
0.042166632
0.49983803
0.17621944
0.12510571
0.10763882
0.032569656
0.13177886
0.30807302
0.086200153
0.32918852
0.37199154
0.21462672
0.027418797
0.21298289
0.24620612
0.22051382
0.16214164
0.12499149
0.043687685
0.021755629
0.044939774
0.089533068
0.14798992
0.024394712
0.48902775
0.057554184
0.14579974
0.069473711
0.24193223
0.10954605
0.078219093
0.036133675
0.26890948
0.050120742
0.098486251
0.19302476
0.024972814
0.10476517
0.18177402
0.2033036
0.073227051
0.034304614
0.19040242
0.08540873
0.36689515
0.03565441
0.064547241
0.038432268
0.085413277
0.022205952
0.15007593
0.037336777
0.17727671
0.27669162
0.13878483
0.33759405
0.39780846
0.13321658
0.044711278
0.15218535
0.028385138
0.17223061
0.024091049
0.084816514
0.18032928
0.16750516
0.14153117
0.034322866
0.032772161
0.053456021
0.066629522
0.047418545
0.021407382
0.12023423
0.13408236
0.053574479
0.177496
0.10056138
0.040280661
0.041822814
0.020703638
0.24372295
0.25887037
0.04386242
0.082927382
0.096007601
0.20227119
0.045978604
0.090420585
0.047111728
0.02084789
0.042978974
0.24020615
0.21384566
0.041411901
0.058912647
0.021465178
0.085728447
0.044577016
0.15712391
0.23590308
0.14573245
0.049146688
0.026531954
0.041900234
0.24748554
0.30634355
0.052041837
0.27974173
0.070329129
0.092980729
0.057460226
0.025846883
0.14951504
0.16772851
0.20580012
0.033301486
0.077738092
0.3650696
0.36117885
0.070190175
0.033903814
0.24949115
0.055876915
0.21033074
0.15672684
0.20914269
0.077469577
0.34546174
0.027049592
0.072186737
0.026823539
0.043804711
0.2988008
0.03664563
0.32123838
0.031897253
0.17964583
0.34922502
0.13982296
0.037871559
0.055864511
0.075809697
0.098492733
0.031300082
0.061100984
0.26841092
0.1890199
0.47189045
0.097824051
0.059570851
0.059664482
0.026935512
0.15784903
0.26962122
0.097753362
0.39870986
0.43980399
0.092288614
0.38276426
0.38076543
0.46105028
0.094830342
0.069955365
0.02108593
0.054040659
0.13688387
0.12473679
0.062543154
0.43444091
0.43051262
0.1686091
0.09635199
0.24677235
0.19159864
0.049849109
0.45684098
0.50761303
0.03340515
0.10140617
0.079878583
0.43107824
0.48840932
0.093419998
0.49300557
0.10982895
0.11037456
0.4846439
0.027626442
0.030405652
0.48871505
0.08022287
0.46748212
0.22783116
0.089346402
0.10301606
0.25582353
0.45589294
0.33911496
0.42883196
0.40366016
0.03922253
0.06240496
0.059822979
0.24566224
0.025085988
0.15077692
0.21921005
0.12260161
0.04331398
0.021778891
0.15453001
0.090247725
0.099055285
0.41256976
0.19851447
0.40653399
0.030133184
0.18856462
0.077840756
0.43177496
0.38143184
0.24817652
0.11190847
0.076051366
0.21288786
0.2381489
0.074770752
0.52122066
0.42270741
0.3758754
0.097898156
0.50637383
0.39123388
0.27459287
0.18855721
0.037220951
0.022100749
0.053802028
0.04101426
0.14299038
0.16002053
0.29642179
0.10915363
0.1112859
0.39474069
0.38485322
0.24544845
0.026012762
0.14112408
0.11013985
0.045637494
0.20609242
0.37897773
0.31349788
0.16417459
0.29051226
0.3518705
0.3227484
0.070583519
0.028609089
0.089476108
0.027114845
0.2143889
0.41986469
0.11811998
0.038013353
0.4992258
0.32681093
0.34088334
0.29917066
0.45206382
0.35405873
0.45327642
0.51468939
0.085765871
0.11903283
0.23957753
0.46055712
0.20875424
0.27660339
0.086507697
0.22033826
0.47057112
0.10219934
0.071025705
0.37872263
0.050224884
0.37420683
0.024690382
0.14219964
0.33743092
0.108444
0.033924004
0.095328122
0.26758751
0.1517306
0.42970544
0.021307402
0.074483508
0.032543453
0.17498623
0.42062765
0.083095684
0.41545559
0.06204744
0.093552173
0.41023694
0.021030318
0.14092342
0.27093291
0.32601227
0.12844364
0.031584739
0.023661285
0.044669505
0.37452158
0.17621194
0.021344196
0.052728074
0.42706074
0.084196447
0.19324231
0.18916689
0.10763102
0.13626434
0.087194232
0.27121869
0.45870243
0.25133754
0.30065118
0.14497265
0.39569584
0.40505349
0.34710141
0.38554004
0.34054251
0.033087648
0.34126504
0.2794157
0.087184701
0.22678023
0.075219918
0.18368674
0.20967753
0.072486743
0.134017
0.24594164
0.044425482
0.24348694
0.1125508
0.076762413
0.080096874
0.3695241
0.204041
0.14068123
0.10120355
0.030134011
0.32285121
0.064347447
0.14499067
0.040827899
0.15123664
0.39054118
0.1451016
0.27955598
0.11522797
0.1037648
0.13788433
0.21313494
0.28750296
0.33644725
0.082817691
0.16188045
0.020142072
0.031243333
0.26624541
0.039488821
0.12909174
0.029034511
0.082894511
0.10135457
0.12788204
0.092203966
0.23296349
0.065024538
0.17626769
0.31167317
0.023636484
0.055713298
0.12185738
0.03304385
0.03149344
0.029832875
0.025796995
0.030304938
0.45089005
0.11557315
0.045718341
0.41328679
0.33766555
0.47714792
0.11038725
0.48271858
0.096391155
0.4037485
0.039410931
0.5062066
0.50394973
0.15008661
0.086044234
0.17136349
0.36637759
0.089414467
0.33534156
0.31120764
0.35562942
0.16047373
0.19065046
0.30249367
0.10481771
0.075403687
0.2037883
0.024545463
0.075625273
0.060308465
0.10445785
0.12810845
0.29234059
0.2368036
0.049203124
0.12528744
0.17203939
0.27725841
0.04046325
0.024719943
0.36148155
0.44231741
0.049057372
0.38344754
0.37050693
0.45957043
0.16243957
0.3859118
0.15070713
0.47353953
0.1857193
0.35508774
0.27986875
0.32503006
0.079727697
0.46887321
0.12463771
0.028800938
0.13525759
0.17836014
0.13993766
0.43847213
0.26725298
0.20165363
0.080964334
0.25066328
0.5006914
0.2810904
0.37654121
0.025773347
0.14352664
0.056802523
0.072642254
0.064388852
0.042720853
0.15282636
0.1627266
0.12371634
0.20282562
0.12915414
0.075554631
0.30555001
0.064982196
0.45489207
0.10709323
0.11511712
0.025150561
0.087601556
0.31179846
0.44644695
0.27789207
0.078458303
0.21820633
0.27946667
0.027995983
0.26252979
0.039073382
0.03664097
0.032317526
0.41161247
0.37922455
0.10283598
0.045999675
0.28487634
0.45784279
0.034492864
0.52793717
0.49797168
0.33382382
0.036802456
0.27549909
0.28889966
0.1605304
0.50484173
0.50351869
0.12966101
0.46637891
0.41520254
0.096003335
0.11482511
0.084990012
0.32255347
0.03131143
0.073039234
0.12458086
0.027487435
0.45808532
0.29713603
0.09135023
0.10408181
0.16317812
0.021500647
0.045644948
0.045425401
0.047887441
0.10399907
0.090175977
0.041568582
0.061031722
0.21355212
0.022524226
0.21249732
0.026853947
0.25829521
0.36659379
0.45418261
0.41883376
0.080801449
0.034552133
0.28957119
0.18919442
0.28590096
0.15709923
0.027836998
0.40423891
0.084311651
0.33802618
0.035668846
0.10270345
0.045782228
0.045860434
0.071634311
0.26636402
0.036633198
0.18206736
0.20573386
0.070524761
0.088677256
0.31587382
0.068704585
0.28355006
0.32673739
0.020625389
0.28782314
0.32433239
0.24121116
0.023322793
0.097169144
0.15739253
0.091195844
0.02438724
0.024676396
0.090763017
0.071841542
0.070473095
0.077763086
0.22391767
0.055811662
0.44543141
0.37090936
0.16140801
0.035696752
0.080120708
0.059298474
0.087906623
0.022343552
0.35815112
0.36803062
0.029216944
0.27663893
0.33091165
0.098317304
0.18563794
0.04655714
0.077883241
0.20865203
0.39831817
0.48227569
0.36912317
0.092337044
0.14138014
0.081644114
0.11321534
0.079561523
0.18674313
0.027007816
0.08944934
0.098244304
0.30383637
0.36140923
0.32025554
0.22379337
0.11135808
0.33334578
0.32729754
0.16213284
0.20318529
0.14824307
0.11679815
0.073283242
0.30188519
0.089158553
0.11493036
0.1235167
0.063020577
0.26700011
0.1622061
0.45857424
0.39181775
0.32693004
0.30406465
0.046242022
0.4310018
0.20535392
0.084532789
0.30800994
0.039961517
0.049609566
0.31631209
0.044467459
0.088809878
0.39684878
0.44513919
0.13464098
0.1727468
0.13835596
0.053482349
0.2373321
0.29948702
0.09863982
0.16699668
0.053612145
0.28183456
0.15892887
0.48779469
0.11533014
0.27363416
0.23385751
0.079491123
0.026351672
0.20441284
0.13085278
0.18874884
0.28465666
0.02280051
0.10218038
0.029196586
0.023642326
0.092023976
0.065778807
0.064049717
0.12993704
0.12533234
0.044367957
0.26571944
0.060165295
0.021972032
0.075740925
0.080961236
0.2306065
0.21059412
0.19268309
0.073203613
0.19291738
0.29919477
0.28000221
0.26270013
0.041855257
0.16117453
0.057582504
0.048905406
0.024832203
0.15823323
0.031054738
0.1852089
0.19025297
0.28502796
0.22101181
0.22207943
0.040765176
0.088341342
0.10432831
0.52826155
0.19135092
0.65208993
0.58638773
0.51827368
0.038591606
0.15439088
0.024681624
0.065696793
0.040537048
0.30305373
0.12952835
0.24424148
0.33428084
0.29584902
0.39571724
0.026294693
0.10441176
0.17242848
0.16479759
0.26009093
0.45181334
0.14548216
0.38364377
0.11223897
0.27908262
0.48936305
0.44676233
0.40814993
0.51236009
0.0363076
0.092678244
0.022412822
0.10881978
0.05713741
0.094107099
0.30166214
0.12208266
0.13528818
0.34481412
0.35385565
0.28138067
0.18176925
0.20394899
0.070800581
0.032425581
0.072687965
0.24650422
0.088700767
0.38163147
0.46478317
0.10384917
0.038252696
0.10486108
0.091203574
0.13225293
0.07556597
0.3713867
0.43775805
0.34489163
0.0864677
0.067770914
0.0991809
0.073875835
0.033368766
0.1654411
0.026051448
0.12600413
0.028070776
0.12939538
0.32472605
0.36907712
0.083127777
0.025561168
0.039138102
0.087669871
0.37356816
0.29338915
0.080651735
0.10638143
0.041401083
0.11089247
0.38252991
0.22301274
0.28616529
0.26200796
0.25100248
0.12074228
0.048850828
0.074980219
0.15302309
0.062159572
0.11257672
0.4115689
0.13617235
0.11887996
0.18637934
0.1011133
0.12290737
0.49431081
0.53209994
0.027732844
0.024618354
0.088849784
0.1003286
0.095069853
0.12963033
0.53003289
0.13953914
0.066656516
0.067060824
0.04473168
0.21112809
0.17674507
0.28727688
0.37329943
0.4057349
0.022992834
0.053139977
0.31989616
0.18281151
0.30602396
0.069113883
0.045924012
0.07780919
0.25384266
0.07321976
0.037003682
0.083111427
0.081313166
0.047625598
0.17693753
0.023628772
0.045793951
0.06978182
0.091796656
0.021951505
0.10726353
0.27034655
0.092788605
0.30321882
0.067782985
0.034688928
0.14858115
0.10663405
0.17599816
0.053507522
0.12508924
0.068513214
0.02246033
0.089739934
0.020870084
0.043647245
0.02476644
0.46351258
0.45233915
0.44115456
0.43493571
0.027132646
0.18280614
0.073813252
0.21831026
0.065659144
0.22315988
0.14484332
0.046294951
0.047702974
0.023709588
0.059311575
0.16329801
0.21636433
0.44890807
0.3481886
0.098436277
0.19730848
0.041868913
0.052976637
0.035260577
0.086844033
0.3221839
0.3421758
0.36662571
0.022289813
0.071951654
0.10246677
0.088688815
0.035843353
0.023212763
0.046358471
0.14579407
0.071798271
0.25089842
0.12126334
0.10762164
0.031682697
0.26740699
0.090373549
0.070698714
0.23003308
0.28317319
0.1186735
0.31212363
0.13325402
0.14301967
0.087638442
0.035789458
0.24990664
0.03057838
0.073365749
0.030777147
0.068942158
0.085576096
0.025067604
0.050185933
0.024506723
0.1687223
0.21046141
0.14636698
0.1015848
0.10910608
0.091206694
0.41815849
0.18936788
0.36861938
0.29148049
0.40560851
0.38173854
0.37458252
0.44086628
0.44480069
0.21141538
0.34164364
0.15782385
0.046990117
0.092711154
0.12006952
0.057799415
0.022522412
0.27874112
0.34663902
0.30554739
0.3415259
0.049255561
0.15483398
0.19786905
0.2233728
0.25085238
0.27681257
0.33255654
0.028592844
0.037826364
0.53463917
0.42745697
0.19161315
0.022480129
0.26949197
0.15582964
0.045245666
0.049076585
0.024472522
0.089221704
0.11449732
0.024604063
0.075972766
0.094058976
0.36139375
0.34096528
0.03063091
0.034661035
0.027764672
0.06874021
0.10471456
0.27788665
0.10771553
0.070402366
0.029950881
0.062038524
0.20195286
0.17242737
0.068312118
0.024315763
0.2459108
0.27877223
0.23657125
0.24926173
0.37163439
0.34135345
0.44008111
0.075302566
0.17229665
0.034851081
0.081030497
0.069559611
0.17269631
0.12058191
0.10406919
0.18480805
0.1370878
0.072845618
0.023104188
0.14648056
0.032375854
0.06739427
0.27602965
0.23713994
0.091524566
0.025102878
0.026969055
0.055422682
0.07191557
0.067879465
0.099023162
0.024938991
0.062581376
0.13309042
0.022736772
0.060055823
0.04597615
0.025019326
0.1830833
0.2067473
0.24553488
0.15979267
0.082576405
0.17345791
0.2095608
0.067183549
0.14171429
0.044613614
0.23553692
0.067718981
0.17228508
0.090181368
0.29152609
0.2962624
0.16548409
0.35421809
0.18376543
0.34451338
0.27917937
0.32345414
0.2951932
0.12165021
0.31595063
0.12218573
0.22989622
0.18672191
0.26807414
0.14175426
0.080777626
0.41221482
0.27184233
0.23474165
0.02412168
0.10408636
0.17663806
0.021849913
0.10433039
0.14263495
0.041113248
0.044645434
0.12311475
0.03463815
0.027153047
0.37081069
0.12703501
0.10967445
0.33487185
0.30253949
0.18937369
0.050190063
0.03666473
0.088226238
0.17471695
0.21903826
0.07621344
0.23129208
0.15342086
0.25599759
0.10101054
0.022888734
0.11056401
0.054307804
0.04359736
0.056256202
0.10903315
0.023546704
0.10652454
0.18786631
0.28995218
0.33598917
0.29318382
0.27860254
0.22317845
0.17727874
0.071063012
0.065655043
0.22600054
0.10621264
0.034749071
0.023305377
0.089676558
0.045998928
0.046665388
0.089373521
0.048184443
0.30506769
0.12246973
0.33055573
0.11015508
0.10586453
0.16920728
0.073709499
0.034341359
0.080004491
0.21748411
0.048977431
0.22464005
0.33249195
0.060935981
0.084186028
0.2504589
0.064184953
0.22754531
0.15557293
0.2964069
0.084124617
0.056142877
0.046311905
0.11839555
0.044459648
0.075585562
0.15824575
0.068495814
0.24712315
0.049523015
0.099225671
0.037630816
0.069188536
0.090758674
0.10392279
0.042001722
0.058360471
0.14310121
0.16199855
0.034053953
0.23442316
0.14020267
0.044583084
0.087380884
0.085804932
0.046320837
0.081580196
0.17480642
0.14883313
0.031105541
0.067266746
0.14207083
0.10523613
0.22280179
0.18757972
0.10198335
0.20790719
0.077608021
0.33175634
0.46706585
0.34489349
0.03360665
0.24620647
0.14942903
0.12106506
0.3232455
0.11898599
0.069609897
0.07079149
0.18877567
0.025838459
0.023094216
0.066615121
0.1832186
0.23832454
0.25090333
0.081957135
0.030389165
0.33506427
0.11152438
0.30388359
0.1274555
0.11812849
0.077590583
0.027176959
0.089653653
0.13174953
0.33207107
0.24960677
0.2256323
0.045048031
0.1026574
0.033048027
0.25079876
0.030869306
0.057309238
0.34952347
0.33123203
0.33798955
0.31874787
0.062939924
0.023169752
0.084727103
0.25049217
0.23913184
0.09339556
0.035039908
0.2257164
0.17197086
0.075463811
0.089640467
0.10737669
0.026035234
0.18335359
0.070049623
0.066459137
0.046120426
0.069974133
0.2170403
0.094664973
0.035090306
0.34426266
0.38501162
0.34628344
0.12940311
0.23466907
0.11610349
0.31872254
0.082779036
0.21606023
0.11849848
0.19999425
0.097534008
0.25318344
0.049810575
0.16104282
0.25103077
0.05580772
0.061557038
0.031116718
0.066784695
0.026495392
0.043085692
0.034609862
0.074408293
0.411186
0.28026916
0.39413067
0.067565105
0.11239926
0.088061464
0.037898
0.11983504
0.29106396
0.061099891
0.068018806
0.17306256
0.024203571
0.1229348
0.031777021
0.10793252
0.089232013
0.44377432
0.3244212
0.45051788
0.048047688
0.065024191
0.034408628
0.031327951
0.13094534
0.098420086
0.51711049
0.49618654
0.49796493
0.19110924
0.31789874
0.11134669
0.12442953
0.034251477
0.50611469
0.45260494
0.4477588
0.38378306
0.31594144
0.11034074
0.046383827
0.10638578
0.046086397
0.1071313
0.17466894
0.091856291
0.14001555
0.081464579
0.043985387
0.059188992
0.10300616
0.063420221
0.23673854
0.24243768
0.1972789
0.38987279
0.45980494
0.44391157
0.36039359
0.30272414
0.40304114
0.092791546
0.24442467
0.2540955
0.037614417
0.36584152
0.3340262
0.33468918
0.32438198
0.1820583
0.13223885
0.03513506
0.10083942
0.24768114
0.27000313
0.083368287
0.1111808
0.044939336
0.25779896
0.082835284
0.077596939
0.32229353
0.34951741
0.33026806
0.20224316
0.40292653
0.042270839
0.077124329
0.062770713
0.096198178
0.3931549
0.36114218
0.092172087
0.023563049
0.04610818
0.033316361
0.079013231
0.080524618
0.088167342
0.03554263
0.025101603
0.25413305
0.44983602
0.31708929
0.38973017
0.24993277
0.49441421
0.51289465
0.52407051
0.044245569
0.036436689
0.15719085
0.4795042
0.50410645
0.46132426
0.51808993
0.03671463
0.095646749
0.056588634
0.028882357
0.27965828
0.12883405
0.17219478
0.055412554
0.22317892
0.35752327
0.034634991
0.079023197
0.28428169
0.4753683
0.4484721
0.4249566
0.084542853
0.12560745
0.32776727
0.21352711
0.065385122
0.2014159
0.099396387
0.0381328
0.23795601
0.026781836
0.029031624
0.13621757
0.029864798
0.059732512
0.1669056
0.17789437
0.10033595
0.28327205
0.28505963
0.14483436
0.36807245
0.086685715
0.281729
0.22447531
0.15460993
0.033802159
0.033657035
0.025781157
0.11821836
0.12785736
0.08837681
0.10261846
0.53736942
0.52967253
0.082019534
0.11254166
0.053460854
0.04867269
0.26591026
0.10675128
0.095432073
0.24189222
0.092565343
0.23962952
0.03665263
0.085203328
0.08441052
0.071123867
0.075763909
0.028600995
0.1488557
0.13429912
0.25224299
0.25822229
0.24166591
0.29594395
0.19773035
0.25968852
0.064144779
0.091869658
0.092036852
0.066572296
0.16689935
0.24560071
0.16317557
0.23097928
0.070204153
0.053288817
0.029627533
0.2819086
0.14761537
0.1483643
0.029675137
0.029047153
0.11492975
0.06383985
0.15306304
0.17903864
0.057371398
0.037362998
0.045335017
0.022989931
0.15011627
0.19401295
0.027279251
0.080352982
0.080263847
0.1639168
0.083021708
0.094489437
0.35376996
0.045839976
0.021239404
0.027303284
0.16557874
0.02858053
0.49152684
0.11926871
0.42623761
0.49936059
0.13810684
0.021415285
0.059625004
0.042805105
0.02138982
0.32327817
0.12009493
0.12008144
0.33185159
0.32515336
0.09258456
0.24166792
0.18655584
0.15029642
0.089042393
0.14874758
0.075588072
0.084362661
0.0697732
0.15836426
0.28629775
0.50525945
0.41457497
0.48259066
0.34691352
0.1220983
0.2468553
0.13271571
0.24112809
0.16063237
0.058606827
0.17674151
0.036143472
0.10230881
0.040991776
0.028970043
0.029604936
0.058574979
0.080889601
0.042190842
0.036739043
0.1535655
0.026705716
0.15449368
0.27821345
0.32708298
0.14153616
0.27953184
0.20533265
0.022991673
0.058816141
0.020714463
0.052380389
0.029742835
0.18560264
0.14950806
0.16023291
0.24826472
0.23085725
0.36937432
0.28055617
0.31132035
0.36679583
0.089202237
0.06044074
0.057011699
0.023194679
0.32688393
0.04357762
0.055112016
0.10825199
0.027446381
0.17110446
0.038277353
0.31401737
0.33040722
0.26718668
0.03286305
0.19276016
0.29061371
0.088354158
0.12740677
0.06123358
0.13150924
0.07240603
0.38853856
0.02149921
0.28712518
0.042841667
0.33998947
0.032282293
0.34303499
0.078396129
0.22834763
0.031940902
0.029329466
0.12405778
0.23150378
0.068338766
0.11732843
0.064559034
0.095764214
0.023603212
0.025772995
0.024787478
0.092164018
0.036906807
0.047226232
0.09006273
0.089257105
0.23391776
0.022509227
0.10493805
0.26672864
0.1010284
0.18814857
0.40537126
0.25795387
0.36832497
0.12216832
0.24078435
0.31481692
0.089341771
0.066448456
0.096897948
0.020781286
0.05868039
0.16529495
0.12337133
0.020673306
0.045240508
0.041237624
0.020220069
0.082538309
0.026409347
0.023540847
0.092371583
0.017499255
0.067876773
0.020425493
0.10751938
0.036803984
0.044920302
0.21594588
0.06312218
0.16747197
0.092846361
0.08268023
0.12824134
0.31050329
0.40354763
0.058152175
0.10730058
0.19707528
0.32151225
0.022330065
0.041946854
0.10462178
0.02081977
0.35769038
0.28045889
0.29476496
0.31292397
0.32810773
0.079800785
0.22870754
0.036675687
0.1711365
0.33936252
0.27735421
0.077786366
0.10489265
0.21183959
0.39385757
0.34742415
0.38408733
0.34685885
0.055542048
0.16428938
0.091249359
0.047286426
0.26341913
0.091335893
0.021082281
0.035665199
0.036176983
0.074492178
0.021538349
0.12857707
0.097763704
0.10016632
0.1564463
0.14430783
0.24690275
0.075223885
0.15611023
0.20691761
0.20835407
0.066176289
0.3156648
0.12186471
0.25552655
0.19861587
0.29314238
0.063093322
0.34074599
0.32387802
0.17230297
0.24089866
0.022468726
0.10759605
0.12199986
0.17567086
0.13109771
0.20830637
0.096812072
0.077520168
0.19416017
0.052037939
0.25959238
0.10772441
0.26717375
0.28849288
0.10151976
0.064702189
0.17851405
0.27791802
0.1799522
0.064620658
0.37971263
0.12133007
0.1793261
0.21833984
0.024944395
0.41279666
0.17855791
0.093140318
0.36478059
0.25413803
0.059098131
0.052550477
0.050815502
0.021590333
0.029098805
0.060161588
0.1577314
0.023335947
0.059211724
0.063175239
0.34894486
0.42421216
0.14365079
0.022777161
0.19413303
0.38114351
0.28484074
0.087458985
0.051899889
0.10110815
0.025147807
0.12316201
0.048855099
0.026141971
0.166359
0.049393712
0.38549681
0.30011813
0.023251742
0.29153915
0.097222604
0.020639756
0.30459645
0.070633328
0.14107422
0.21913284
0.12495136
0.26671656
0.1816818
0.21022123
0.021364502
0.041792775
0.13740842
0.036744894
0.2396643
0.31211559
0.16515623
0.045567198
0.40031705
0.32217464
0.41100934
0.28561219
0.29256649
0.33596004
0.37339704
0.22590583
0.36241446
0.38507009
0.14273282
0.26453894
0.16387179
0.060070022
0.097651043
0.24836415
0.1662198
0.083092285
0.39860299
0.21604413
0.082624094
0.22825085
0.45414784
0.37530817
0.17776472
0.31997719
0.12919059
0.12236548
0.27138105
0.16984386
0.03398812
0.13507658
0.048042856
0.4196883
0.042337628
0.16291143
0.096041513
0.29146647
0.48149142
0.34916583
0.15962639
0.34778557
0.15457434
0.13535085
0.16842716
0.42230223
0.06444823
0.034321005
0.098240403
0.076741909
0.079513899
0.023971045
0.21309779
0.32394841
0.16543265
0.09937927
0.15494683
0.16497175
0.33998366
0.04534348
0.021796459
0.21890596
0.1450884
0.093886893
0.066019121
0.1863781
0.27950193
0.13352199
0.099711285
0.031863401
0.16815328
0.071149358
0.025959745
0.26028388
0.38951125
0.33508694
0.27947388
0.15973872
0.3150892
0.28733799
0.27019379
0.15075959
0.25823377
0.27125672
0.29152055
0.021487776
0.33775363
0.1167712
0.34082191
0.060162518
0.23763619
0.10019504
0.10070435
0.37913264
0.3465132
0.22688557
0.041943974
0.13808214
0.23981662
0.33526399
0.31320139
0.32463187
0.24840602
0.29512281
0.15002913
0.020624808
0.086403762
0.11449812
0.055339854
0.053215835
0.02382588
0.080578731
0.28931963
0.22384002
0.030937999
0.08663232
0.42369704
0.10806765
0.27375766
0.07992394
0.036390798
0.11735264
0.31243978
0.29270175
0.12777077
0.29046397
0.48474683
0.43744813
0.37890426
0.23435413
0.19881966
0.30002043
0.26668672
0.21168029
0.038089411
0.24917655
0.13704347
0.13150613
0.030939536
0.059014161
0.19364076
0.16801695
0.1706791
0.48198751
0.4140936
0.4079963
0.34180153
0.12318248
0.38164499
0.2843104
0.040041109
0.46522474
0.39135552
0.31756816
0.24097059
0.18713594
0.091403407
0.096125829
0.30595585
0.29209783
0.090200304
0.10668559
0.13268784
0.15995714
0.46110241
0.32028716
0.24891083
0.29912019
0.10282655
0.39593978
0.39043381
0.33972029
0.39267422
0.031182525
0.18080365
0.16385227
0.23983731
0.14919744
0.061304594
0.15770319
0.02973408
0.085289266
0.23785985
0.20388942
0.2433265
0.07393237
0.044416853
0.068751798
0.14058673
0.29280522
0.26939061
0.16855525
0.10154143
0.065040296
0.054713206
0.18181626
0.036222827
0.051862951
0.10599422
0.10171978
0.30386845
0.29852125
0.11012903
0.11500571
0.27193067
0.21835628
0.19125368
0.33321639
0.055015814
0.28241376
0.31241889
0.086853335
0.033462676
0.027494547
0.19127299
0.069844435
0.072607337
0.088199361
0.25825351
0.16720974
0.40678678
0.40700631
0.0828361
0.3428324
0.42426569
0.032844906
0.24732922
0.30318534
0.030204709
0.17023695
0.18799693
0.020919297
0.030032384
0.12964009
0.047806562
0.046403692
0.02395541
0.022797665
0.043716961
0.047910078
0.13652591
0.063012353
0.05600236
0.02600705
0.29739945
0.23980627
0.12178481
0.11637948
0.034911996
0.090719839
0.19227952
0.044415935
0.076589011
0.096119795
0.02913434
0.13146903
0.2962562
0.23377335
0.18499284
0.11444191
0.3225372
0.30499022
0.28255293
0.092135454
0.035080204
0.14935476
0.04260991
0.11736505
0.26467334
0.26218451
0.28242857
0.34184271
0.247387
0.10829354
0.28760127
0.30679222
0.12086511
0.2984713
0.070159907
0.18564085
0.10291972
0.046455223
0.098911639
0.0244187
0.078219681
0.14732079
0.074738044
0.076749923
0.17719311
0.099004191
0.022921581
0.062121544
0.033083431
0.040178383
0.073491915
0.02348942
0.09283525
0.045897416
0.023896049
0.04858498
0.050161264
0.052883164
0.07001818
0.058307297
0.17515109
0.13150053
0.11377679
0.03344636
0.027279465
0.23841873
0.37123236
0.45502047
0.39025148
0.080726504
0.11014572
0.23408868
0.035778524
0.055655827
0.076817486
0.18912632
0.068999726
0.23424091
0.45893314
0.28301862
0.38046139
0.36156878
0.10568133
0.078321051
0.047122341
0.069666228
0.026835748
0.024990051
0.060462957
0.044793085
0.030164326
0.038426192
0.098821416
0.19587674
0.11382191
0.094077734
0.034054804
0.031033973
0.069623908
0.14758155
0.023920236
0.092738556
0.14520097
0.069727605
0.31042548
0.24971993
0.33473716
0.03748434
0.23231865
0.021549122
0.046076674
0.089525792
0.21336964
0.10439222
0.092375662
0.2670518
0.066711639
0.29695415
0.29015525
0.36855321
0.093217302
0.036290233
0.24243228
0.37200592
0.25987985
0.35630143
0.0849691
0.094034643
0.076015957
0.28984101
0.20069374
0.11186833
0.02750595
0.072861726
0.10641153
0.040181477
0.41618933
0.41285262
0.47756403
0.03969704
0.27325055
0.092554662
0.080837887
0.28718365
0.10206113
0.15985241
0.094034887
0.037756152
0.2681646
0.30482245
0.45558723
0.39612031
0.39222145
0.035783312
0.095407283
0.021718672
0.3751058
0.12759169
0.32998478
0.22151288
0.37990234
0.15773741
0.25538188
0.31052917
0.051370143
0.093085382
0.191629
0.080140884
0.146204
0.16604693
0.080408587
0.080758643
0.1671797
0.17253314
0.1795228
0.16089953
0.27512695
0.088374901
0.096106452
0.1394176
0.054689006
0.04382788
0.020349654
0.04047601
0.10270577
0.20739773
0.27827493
0.076472763
0.02266291
0.049780784
0.025118329
0.064646802
0.054261767
0.15133344
0.020441603
0.21496981
0.030421012
0.029582041
0.042945813
0.31724734
0.17168311
0.057024414
0.027845351
0.2322112
0.03446407
0.03875187
0.33770811
0.050158461
0.12731605
0.36103035
0.42142801
0.31673494
0.3248842
0.069954092
0.17079336
0.078664136
0.03251625
0.063234144
0.19889879
0.08936726
0.075379847
0.084576562
0.072103333
0.41537758
0.36697437
0.35571415
0.46006991
0.12458455
0.13414203
0.30756687
0.45896385
0.40739164
0.022082847
0.043869518
0.043797333
0.051465398
0.022155032
0.22075369
0.029610036
0.10390575
0.14834587
0.2354702
0.03420391
0.12091163
0.30457411
0.40657371
0.26950499
0.038260796
0.33556993
0.08952866
0.17828794
0.073703382
0.086753377
0.11482197
0.20414613
0.2991111
0.40576875
0.28526909
0.39451511
0.031898357
0.39919294
0.42013851
0.38564803
0.29152863
0.31679178
0.16791515
0.38044923
0.26827557
0.11999598
0.12946679
0.029726153
0.045460807
0.09710882
0.023030196
0.074080345
0.07861507
0.028179891
0.37125094
0.11551958
0.046564308
0.20143613
0.055279768
0.028498885
0.13773584
0.039799243
0.18076273
0.26344186
0.13298313
0.31404969
0.36637667
0.20530746
0.10771373
0.32496003
0.12771682
0.026780883
0.11978297
0.081485425
0.032204125
0.031399409
0.20443557
0.17147176
0.2678825
0.40177474
0.31378494
0.33502623
0.39782721
0.34065636
0.15120263
0.064106915
0.17865783
0.057582174
0.064855376
0.029578374
0.17998052
0.18287763
0.23032394
0.11676436
0.05990699
0.023206685
0.051106313
0.060870181
0.020785937
0.053225876
0.38830213
0.18369958
0.38031175
0.30536654
0.3623886
0.42360677
0.27813371
0.12064962
0.25740769
0.45363802
0.097429889
0.34684322
0.45214238
0.038678933
0.11626298
0.10637893
0.12322122
0.22762659
0.20039973
0.12659472
0.29765509
0.32250418
0.32799999
0.33611794
0.022345085
0.09591134
0.1164326
0.041199181
0.11079275
0.13861331
0.041302013
0.087330564
0.045759409
0.042089999
0.021492433
0.04607155
0.023273952
0.092132059
0.28161372
0.085072852
0.38330287
0.39899999
0.25191207
0.31314766
0.3165741
0.11365529
0.091028301
0.39424379
0.305134
0.12330228
0.094862232
0.12095285
0.31874077
0.31723356
0.14151015
0.29212949
0.043826384
0.13743606
0.020370134
0.043443822
0.06041403
0.12749022
0.2113703
0.29816144
0.28321553
0.099351609
0.12825422
0.16682129
0.33295733
0.078618503
0.19288198
0.46470185
0.15461513
0.038526402
0.079378014
0.11550618
0.049089826
0.0321642
0.023088881
0.028778083
0.12977255
0.065718881
0.20403929
0.038161929
0.1043182
0.035760634
0.099627611
0.053346938
0.32843884
0.27828816
0.2306121
0.1053995
0.10577576
0.23650083
0.24784069
0.30055755
0.29390269
0.40719619
0.23026287
0.11787987
0.1134673
0.26682569
0.13033055
0.24915117
0.4370494
0.39384115
0.35338629
0.40154452
0.32676493
0.29160781
0.27961353
0.088695597
0.092679884
0.23551459
0.37780984
0.42256223
0.39639136
0.12065041
0.30841509
0.3115354
0.064736142
0.17117736
0.27831029
0.14277174
0.32977999
0.034286564
0.24786584
0.21825155
0.39837254
0.29861011
0.36357191
0.16081182
0.022023692
0.15501027
0.22658499
0.26030125
0.13704021
0.45131577
0.28815959
0.43920307
0.37334848
0.20784942
0.10581923
0.19682337
0.27454765
0.073949143
0.10762684
0.047158846
0.06943512
0.077412123
0.40876447
0.44802573
0.37668448
0.31832092
0.14465666
0.34417214
0.38321314
0.45609227
0.2515865
0.3632777
0.40900709
0.43955207
0.021788433
0.060363465
0.086490996
0.14669178
0.1278701
0.052274217
0.04469936
0.11154727
0.15512234
0.22267332
0.056525101
0.048646334
0.024003745
0.023284302
0.091991198
0.17886149
0.21780811
0.15329977
0.23477875
0.21357212
0.1897887
0.31895016
0.14273025
0.07053441
0.078145858
0.12470249
0.089506586
0.036799659
0.32982936
0.26533645
0.23732957
0.040123723
0.49406292
0.40488988
0.042250556
0.25398408
0.39314497
0.38164649
0.36215665
0.51457206
0.24391144
0.38358657
0.3891954
0.14782847
0.19944964
0.32000593
0.1252047
0.16594967
0.041173354
0.080143924
0.4388592
0.22407651
0.047293744
0.030856517
0.091036683
0.068993704
0.25133199
0.22862908
0.25208972
0.032891483
0.17324204
0.072354537
0.19167708
0.11293061
0.024116447
0.032555949
0.08742875
0.020359177
0.041232487
0.45738411
0.31514738
0.41171436
0.40400747
0.45360932
0.41350931
0.39564162
0.44251433
0.37184776
0.066972277
0.072408794
0.083097294
0.45758373
0.39268969
0.28945308
0.38737968
0.25196821
0.40602924
0.46338741
0.42820117
0.41718676
0.14102009
0.079176247
0.027891775
0.079876814
0.076161292
0.32399528
0.27010393
0.1132023
0.071950742
0.26455802
0.09725395
0.095621121
0.058991588
0.26766623
0.24036556
0.1282628
0.033457891
0.13384402
0.084800537
0.2449023
0.033797502
0.23182207
0.27989628
0.42661591
0.36359444
0.21617685
0.063777335
0.096854538
0.18086958
0.29481721
0.2716027
0.38100038
0.38206968
0.097199096
0.19254866
0.066413766
0.026846931
0.098903711
0.027511716
0.062645863
0.070628732
0.028595821
0.055092935
0.059170878
0.022931791
0.022219343
0.03781615
0.077156399
0.045258516
0.45009424
0.078417258
0.43675424
0.39121151
0.44845515
0.10135537
0.024547483
0.046964434
0.067732143
0.10344287
0.21549669
0.26937372
0.081237176
0.29128979
0.29002581
0.11456658
0.092706088
0.038047236
0.026629488
0.072735218
0.065932755
0.10572471
0.093918513
0.17463278
0.27377274
0.11564491
0.23845151
0.1482484
0.044688272
0.17649548
0.04675306
0.30613086
0.32266792
0.17443617
0.28156459
0.31802669
0.40749932
0.10151832
0.033431951
0.07570867
0.16983493
0.14822472
0.080850429
0.097637274
0.33208927
0.2149133
0.030998254
0.18462217
0.080711883
0.065375498
0.10260683
0.070594246
0.23184839
0.19249743
0.074909103
0.032624354
0.075241618
0.08323675
0.22400454
0.030279597
0.034542973
0.057411074
0.19535906
0.027280448
0.030130626
0.080971373
0.12040199
0.1700698
0.090316966
0.38403875
0.18503728
0.37911081
0.2209059
0.46073967
0.47892192
0.5101248
0.40695527
0.35051582
0.099767273
0.16976527
0.27843713
0.42122414
0.14656459
0.23713996
0.37009249
0.30473716
0.34789872
0.27687948
0.34789443
0.031548402
0.062565099
0.03562342
0.098111647
0.094506563
0.15206345
0.18622786
0.027173598
0.067762726
0.084248997
0.2112149
0.22168515
0.34003366
0.10213175
0.068898329
0.10230071
0.25707947
0.35627699
0.14121239
0.14515807
0.21033421
0.082032184
0.054320439
0.025435827
0.080425007
0.027091952
0.18232931
0.028884613
0.071020974
0.18101005
0.079220545
0.16383216
0.092548661
0.079469499
0.11745832
0.12299459
0.050795627
0.025481148
0.078284359
0.030639011
0.02531448
0.098410559
0.024117218
0.048433501
0.062219675
0.20666828
0.45555203
0.4265912
0.32963833
0.32747389
0.12099457
0.45547498
0.40760758
0.31565244
0.32696166
0.12309606
0.08825997
0.24790208
0.21706156
0.46616024
0.34528412
0.2219593
0.19865741
0.45230118
0.45010935
0.33157004
0.34869403
0.060434341
0.10908564
0.030700261
0.44691005
0.44234415
0.30015915
0.33194073
0.1233877
0.02422859
0.059281222
0.06298876
0.14376027
0.16829042
0.052403598
0.14653587
0.038697655
0.078549139
0.25791349
0.037969775
0.14137006
0.36340265
0.2375612
0.23312328
0.063724693
0.04493662
0.12612086
0.22140321
0.17452087
0.054065026
0.062860893
0.094831354
0.27564557
0.14851011
0.16863625
0.097731035
0.37639517
0.30837859
0.27138015
0.19747501
0.12152328
0.20741255
0.15089049
0.081137658
0.07249958
0.23801007
0.033033115
0.02720316
0.19215114
0.1823994
0.28953551
0.31624938
0.0274474
0.10116805
0.036346947
0.074404003
0.24955864
0.084345028
0.027835854
0.093871222
0.056861166
0.059309874
0.14948454
0.071741633
0.15063835
0.23782871
0.16377316
0.029049387
0.14643423
0.23144425
0.26975216
0.26736039
0.10987283
0.26171224
0.070747059
0.2547652
0.18780257
0.02852147
0.065633819
0.057275686
0.072629112
0.17813408
0.020471835
0.077359641
0.033335389
0.026385441
0.061981429
0.082996773
0.027566344
0.079560546
0.15383092
0.074710965
0.07839557
0.15640932
0.077198878
0.067601911
0.081361156
0.1989948
0.033395691
0.023190435
0.056568531
0.18519385
0.35844696
0.29191493
0.31956081
0.049249912
0.10364688
0.2007971
0.04007655
0.075501361
0.23901089
0.079825059
0.21628861
0.031819773
0.027456722
0.12015891
0.39818301
0.34200741
0.28446233
0.41241534
0.052769169
0.022038783
0.40186814
0.35784073
0.39534504
0.31221642
0.42061696
0.2783533
0.35613465
0.38571238
0.27984623
0.35480846
0.29900199
0.37471337
0.022874844
0.025308189
0.029103672
0.066746057
0.088411693
0.071262952
0.073869487
0.21141858
0.25367632
0.23184304
0.21395409
0.18128542
0.29141558
0.027975361
0.074446427
0.068524097
0.2002939
0.093804583
0.082629216
0.23962435
0.10415595
0.031121351
0.023239378
0.20067266
0.15581824
0.26774032
0.083007972
0.02314988
0.11492377
0.12888773
0.03826393
0.18379415
0.045212861
0.045674748
0.10120243
0.27778425
0.076647859
0.21406764
0.06570274
0.080680974
0.16379717
0.024764816
0.081626804
0.35223637
0.35658142
0.2873213
0.22577651
0.06713377
0.19081694
0.035777302
0.27199759
0.18523115
0.084571751
0.31689097
0.10030552
0.27592304
0.076625215
0.21489332
0.16468573
0.084313703
0.40011351
0.023694619
0.047306386
0.023611767
0.25984755
0.28531659
0.091124463
0.14076981
0.048054653
0.094065459
0.3177476
0.29233788
0.095101144
0.028324013
0.19006367
0.047340502
0.10841591
0.04177952
0.21327975
0.060940632
0.080755817
0.17814255
0.26128956
0.17958686
0.034122725
0.24231224
0.28574194
0.36573138
0.080134275
0.081631065
0.043676153
0.039206559
0.095861099
0.17502652
0.035153677
0.087896282
0.17791641
0.11311336
0.042773273
0.22977532
0.034256256
0.14761827
0.081657635
0.28956601
0.12730391
0.19671633
0.23210675
0.31214254
0.29289935
0.27111822
0.27713821
0.34969628
0.25673568
0.31486062
0.34464381
0.1636359
0.043524799
0.043337851
0.28390122
0.27281274
0.32213413
0.15993613
0.036943075
0.096452153
0.14610955
0.25813805
0.037367431
0.04330134
0.031694488
0.14066359
0.073306589
0.050351447
0.066432339
0.24269446
0.081057583
0.21307822
0.11372495
0.26420341
0.038664491
0.13504504
0.14026821
0.044793757
0.11254233
0.056550137
0.023270954
0.020702702
0.044155051
0.058299289
0.039839269
0.070482172
0.42315911
0.48467301
0.46748796
0.28927267
0.45566851
0.42558478
0.032455614
0.20928907
0.13788888
0.037904779
0.039153227
0.1011781
0.037087507
0.19823009
0.061705289
0.22807811
0.066637764
0.09263822
0.28758654
0.11240055
0.066986484
0.15844462
0.022051617
0.10246174
0.050483119
0.020956652
0.045043597
0.18627092
0.31047474
0.21867561
0.027704146
0.086854382
0.34471347
0.077609389
0.062731597
0.10474766
0.081952312
0.035281095
0.044212847
0.15513201
0.092188455
0.18882643
0.062614215
0.05257687
0.042783859
0.020292269
0.09617956
0.30223502
0.26750061
0.19063479
0.43306951
0.32170418
0.039414392
0.047016884
0.1655803
0.37819057
0.44841476
0.38784476
0.079615953
0.25395428
0.10065646
0.28101107
0.087939739
0.10417734
0.04498318
0.17541196
0.072905143
0.054315738
0.11174442
0.027772602
0.19896044
0.34580654
0.072479764
0.064552464
0.40024215
0.16725409
0.1840587
0.041198077
0.27832724
0.36284671
0.32350034
0.40490954
0.29420658
0.34978414
0.33333566
0.3664883
0.10725948
0.071385956
0.20211237
0.039577626
0.022303293
0.032336893
0.087975818
0.15136856
0.24632298
0.077487276
0.28468739
0.15855615
0.29665668
0.12864048
0.048048005
0.025744711
0.063624005
0.20025747
0.10116182
0.021158747
0.069444958
0.051434553
0.060151818
0.22412453
0.14507438
0.2554536
0.18694114
0.12563081
0.068653619
0.02408881
0.024100387
0.15320141
0.27915645
0.21057422
0.44877168
0.44565828
0.42171938
0.42656167
0.43971415
0.38641574
0.23341138
0.34908824
0.25059229
0.085476802
0.13785709
0.24255522
0.034966467
0.095051531
0.16598716
0.16405801
0.074514552
0.036903625
0.078395927
0.081649637
0.057645838
0.061564468
0.023828818
0.03341102
0.084357707
0.027322554
0.15781926
0.07736884
0.066955744
0.025423531
0.11382236
0.03416099
0.088006703
0.027624778
0.062476413
0.079512396
0.086764411
0.075088384
0.07012962
0.070275096
0.035597003
0.18156306
0.11114512
0.031305409
0.21338243
0.044361252
0.2885622
0.27195889
0.07782623
0.087274799
0.030487224
0.08215185
0.11411812
0.093086956
0.138091
0.039533889
0.053406383
0.053558643
0.12290099
0.1270848
0.072405108
0.17103752
0.2339158
0.28356642
0.24722216
0.43667225
0.28126532
0.28729687
0.20007311
0.43705211
0.39211289
0.23568662
0.11726918
0.41834993
0.32034502
0.51157823
0.046425137
0.2092595
0.31619628
0.037291778
0.15659339
0.25429721
0.32626339
0.22063354
0.1521397
0.096127421
0.10485356
0.26590628
0.34524942
0.089027903
0.040308915
0.039938852
0.15966725
0.026946472
0.117618
0.028602761
0.13377231
0.025234846
0.21018342
0.086554566
0.048618717
0.20280495
0.067558541
0.077507028
0.18547478
0.14106396
0.022575695
0.04781054
0.059183571
0.25425436
0.26633639
0.03495002
0.13141027
0.31461316
0.068493135
0.18978811
0.030124802
0.23453253
0.066683254
0.12325171
0.030745397
0.039249049
0.061366768
0.14872663
0.13330494
0.14535238
0.12350463
0.27057579
0.088438126
0.043248101
0.35913398
0.35863609
0.054835224
0.21133153
0.021932056
0.098992948
0.14268514
0.18075735
0.077792165
0.038987338
0.038648765
0.024161278
0.070722388
0.075671276
0.068052736
0.021423268
0.021700767
0.028106813
0.068445025
0.26176331
0.19112718
0.031626136
0.055034079
0.027469421
0.17272455
0.044839791
0.027818169
0.20403645
0.076618702
0.16674148
0.21941256
0.10187062
0.27631263
0.2401271
0.024764349
0.036687554
0.13150448
0.34605759
0.29107999
0.32846289
0.3755354
0.39272868
0.04192731
0.090111753
0.042398468
0.045712413
0.021462709
0.11684028
0.11200641
0.15894601
0.075440814
0.040905729
0.088839364
0.18104309
0.12246853
0.17157018
0.42592116
0.47247262
0.4500298
0.44818863
0.37364321
0.31225263
0.39932928
0.27511721
0.074150467
0.026826611
0.035726735
0.084116445
0.16721141
0.027869847
0.18221243
0.13386492
0.054129972
0.022157101
0.090338
0.043857868
0.043708531
0.16974553
0.30663356
0.13836679
0.040374889
0.06852185
0.080864802
0.06788263
0.021402499
0.021551431
0.12264781
0.18916403
0.31492071
0.32272964
0.22360233
0.28216714
0.29984201
0.097948004
0.23100921
0.146174
0.051121917
0.030488248
0.027564658
0.11701847
0.087190284
0.027662021
0.020129886
0.24281984
0.08882069
0.05433877
0.19396186
0.040057519
0.15430201
0.17827499
0.059054897
0.23604448
0.093896939
0.026779175
0.1141374
0.02746942
0.035074103
0.055854558
0.14130579
0.023527973
0.087317564
0.027416536
0.083073708
0.088866106
0.077466673
0.10122791
0.075915969
0.091887085
0.046145285
0.036635586
0.13102342
0.15962704
0.068521247
0.18009272
0.16120788
0.068611356
0.060309364
0.022479948
0.046467256
0.07779863
0.1003779
0.14752869
0.26186995
0.16613914
0.025817973
0.21955385
0.092125213
0.09962737
0.11166827
0.028405953
0.018620817
0.11924288
0.045513167
0.062270001
0.021912446
0.060969196
0.08715677
0.038084681
0.33263888
0.27610295
0.33324723
0.11721291
0.22734995
0.13985143
0.04539277
0.025084803
0.14511266
0.026270379
0.058589564
0.063702053
0.087946785
0.28860637
0.13340763
0.17209859
0.087864238
0.024699483
0.05038058
0.19541956
0.2847283
0.075764248
0.068099486
0.04444198
0.35184227
0.51652568
0.14127602
0.028998055
0.11524307
0.28963634
0.23277764
0.090747328
0.48841
0.42451455
0.37695669
0.32987109
0.43996496
0.31583896
0.10151217
0.17959162
0.028705057
0.047331008
0.1415712
0.020564011
0.046044032
0.18005414
0.073769856
0.21122817
0.024039916
0.29972561
0.042749473
0.09942885
0.1496769
0.13486218
0.022515351
0.064213912
0.041296582
0.025562952
0.15071916
0.10400719
0.42649298
0.4759024
0.49991138
0.38219604
0.3155472
0.081718324
0.11230863
0.11421941
0.315838
0.28114405
0.03928472
0.19629637
0.094681864
0.031756397
0.092577388
0.16201596
0.23634971
0.34640332
0.30849983
0.070447804
0.077369843
0.22998385
0.35797213
0.2418741
0.33556451
0.033717271
0.14554411
0.15389666
0.041725576
0.27033402
0.077775138
0.080861851
0.049702655
0.23959297
0.1394264
0.075344694
0.028599802
0.24099511
0.027491596
0.051704651
0.10374649
0.022436025
0.022170792
0.021671593
0.053284937
0.16874246
0.13031617
0.13184411
0.024894463
0.053702518
0.04578499
0.020890527
0.030253716
0.07121914
0.026728492
0.056227359
0.39668896
0.22552391
0.30638245
0.29512481
0.2545541
0.074528979
0.099155405
0.1922094
0.38850707
0.21893126
0.29444628
0.30521384
0.040782073
0.22717474
0.33236109
0.028008735
0.072077144
0.17849723
0.24774798
0.090257659
0.33475832
0.28251737
0.2706081
0.10577347
0.10397717
0.21937676
0.2439555
0.17750264
0.024947129
0.090693369
0.067621774
0.30835605
0.30948686
0.23008149
0.032618108
0.16555017
0.088962707
0.16362941
0.088283025
0.24398033
0.23434189
0.14003233
0.087145097
0.036189926
0.082458277
0.034439553
0.064113895
0.065418032
0.1497087
0.023034657
0.061014617
0.20228685
0.076007228
0.079932385
0.050348831
0.022175881
0.031766154
0.085574025
0.032890974
0.1360237
0.066407271
0.024454713
0.172631
0.071796235
0.063359974
0.084598402
0.070598342
0.1059741
0.075646006
0.22370654
0.25958896
0.19008152
0.027952498
0.17598698
0.064518045
0.063821675
0.02733891
0.17037164
0.072599426
0.026676886
0.029868779
0.11502474
0.27013156
0.31775178
0.28454724
0.053726478
0.1325159
0.17575491
0.070158263
0.2143363
0.20336286
0.16528732
0.18915055
0.046498401
0.041916948
0.096854901
0.25203143
0.18472451
0.096798459
0.13721824
0.037896948
0.044282619
0.23671226
0.15802616
0.28495187
0.22988029
0.25306821
0.32023692
0.093519043
0.15643346
0.25323681
0.023325875
0.058294918
0.044522898
0.021197023
0.11480502
0.09726375
0.23140372
0.11625431
0.029800903
0.077711686
0.092461408
0.15214586
0.033162954
0.045847619
0.26175676
0.30002431
0.12868205
0.10093819
0.025615104
0.1395168
0.026895934
0.064519125
0.070721554
0.23398372
0.17217936
0.11682307
0.11770072
0.34216733
0.28990816
0.29753683
0.26194074
0.11295662
0.10725607
0.27764362
0.26651267
0.021688614
0.042223774
0.044549403
0.022727867
0.095452601
0.10770378
0.055691132
0.056641916
0.02136955
0.051007298
0.11317757
0.050688234
0.052012646
0.027272676
0.022141435
0.18029387
0.35313837
0.36202244
0.084147304
0.36781934
0.29627424
0.046427444
0.024286009
0.17381286
0.51681546
0.51622623
0.51782188
0.52301407
0.46472205
0.13232577
0.31698143
0.35739983
0.42719209
0.36690705
0.48664437
0.38647189
0.16153844
0.479992
0.41856392
0.49271248
0.46858665
0.51233157
0.41478414
0.070014048
0.10976013
0.11467818
0.066832796
0.24690764
0.39341124
0.37889482
0.037874631
0.031463305
0.13754219
0.14609417
0.10360904
0.37976724
0.24462933
0.26763191
0.067145255
0.078604881
0.0607881
0.023435668
0.048799304
0.11042615
0.34061048
0.029829086
0.047104702
0.09676953
0.047970226
0.24041188
0.28960128
0.092367426
0.057102865
0.20910784
0.075370403
0.072004694
0.30416409
0.10224534
0.097902155
0.075089091
0.074429953
0.0289701
0.034553391
0.038254392
0.26985583
0.45133882
0.39984953
0.33093428
0.16053745
0.15366274
0.044184011
0.30177402
0.034836998
0.12284468
0.13067593
0.48048983
0.40834948
0.37850404
0.27624637
0.19838868
0.04121375
0.39209225
0.38707815
0.2959878
0.023343554
0.26371605
0.15891379
0.32812856
0.048138957
0.15962841
0.21378466
0.20034594
0.061826718
0.1753007
0.067344989
0.030833639
0.10643656
0.26031012
0.088616623
0.29670539
0.10270152
0.22549447
0.2860131
0.07925902
0.37422215
0.14819893
0.2552311
0.035199487
0.0886798
0.32084787
0.31417933
0.17610007
0.41643039
0.16081825
0.036830642
0.046100273
0.49650204
0.3973484
0.42920749
0.47409756
0.090594625
0.031208081
0.29258895
0.35812034
0.42569892
0.25506439
0.095951567
0.089367133
0.10857242
0.022844574
0.058926683
0.16329489
0.073134271
0.048379383
0.22568659
0.19987382
0.069792803
0.10008563
0.031854226
0.028036356
0.077965391
0.24690354
0.17754232
0.19121065
0.031425936
0.086010895
0.11974715
0.12769514
0.11672853
0.12580535
0.099063779
0.19928145
0.17627197
0.10016734
0.21684402
0.10021767
0.10009738
0.069411834
0.1889502
0.15233357
0.060027525
0.12039329
0.072440541
0.1367493
0.20278083
0.15755795
0.18339956
0.085317363
0.083447431
0.19809598
0.27349533
0.3570033
0.20167669
0.17292308
0.33833901
0.085022768
0.12973462
0.030943932
0.033200897
0.24071637
0.29221198
0.24334303
0.34267982
0.20019729
0.24020913
0.34390704
0.13648433
0.39984688
0.29091069
0.11704387
0.27309853
0.26871583
0.07448167
0.37550197
0.3118408
0.37270397
0.21810613
0.027932701
0.10715778
0.11312798
0.063128835
0.28731601
0.12445348
0.073773947
0.058286287
0.089884187
0.072430342
0.21282555
0.23581192
0.064511411
0.098173832
0.096596931
0.25518198
0.18345359
0.14330808
0.23053276
0.079085958
0.41182096
0.27867298
0.27837095
0.26513315
0.20450939
0.21556013
0.30126642
0.16611827
0.1845601
0.048590306
0.14443499
0.037549802
0.18942189
0.4999965
0.38848603
0.4870355
0.48101683
0.3647088
0.47824609
0.37511896
0.48369499
0.47146501
0.09097475
0.19775608
0.038336047
0.14243291
0.045140386
0.051301166
0.059863748
0.084164386
0.19995738
0.033701262
0.099271034
0.50594602
0.44509933
0.49531068
0.045593193
0.10320256
0.11094268
0.32157677
0.11833021
0.11923443
0.32015957
0.12011826
0.069488944
0.089805968
0.044989967
0.023271295
0.054115565
0.11636852
0.12868779
0.05423488
0.024792725
0.16228268
0.11586789
0.12242572
0.12347701
0.3611291
0.1378645
0.22649434
0.33766637
0.32613255
0.11247058
0.30560334
0.1288871
0.40155196
0.44536741
0.41919766
0.3671929
0.35298376
0.31404996
0.3904161
0.20470741
0.030038115
0.048541349
0.12544658
0.03276199
0.09459484
0.048135142
0.044009538
0.17634761
0.16124146
0.40786635
0.32090192
0.27599271
0.38683162
0.13899119
0.34655371
0.23225033
0.10051441
0.045213731
0.11209509
0.022550821
0.43098376
0.36564222
0.41781364
0.36160124
0.15642925
0.048191263
0.032993509
0.22175425
0.18249046
0.066363148
0.26719073
0.086148736
0.099484179
0.24315884
0.26815305
0.084558884
0.10221439
0.22917134
0.21227935
0.031334711
0.080334711
0.082394715
0.14899408
0.051849627
0.054736776
0.035345932
0.035664558
0.14119868
0.040565207
0.033404499
0.09296293
0.19890271
0.12428659
0.21364559
0.26379311
0.25908412
0.054674733
0.02694007
0.22417135
0.027734663
0.25679729
0.13754836
0.086899516
0.023418528
0.095515509
0.29325651
0.26835284
0.11492675
0.12313529
0.13665222
0.3978465
0.33422261
0.24517743
0.15907763
0.31749142
0.080510735
0.12011568
0.44641626
0.47776045
0.46157433
0.45350669
0.32111228
0.10747742
0.28353039
0.12156609
0.42412027
0.3596207
0.4237965
0.37107685
0.33381133
0.12938018
0.34032325
0.12566588
0.24479174
0.43798701
0.36876462
0.37318216
0.39108835
0.057099453
0.027580948
0.029984608
0.12396076
0.25581414
0.32318318
0.091217314
0.42140424
0.45387769
0.38511307
0.44430345
0.3710832
0.34167881
0.36708399
0.23709406
0.39066309
0.22318557
0.32562928
0.30676023
0.34469521
0.13007836
0.33935319
0.1380387
0.096613557
0.27063834
0.10933569
0.21555179
0.33616941
0.48134461
0.10045023
0.11105964
0.31998388
0.075518617
0.1765796
0.090889544
0.33680565
0.12148445
0.33689085
0.13007223
0.22582115
0.11088419
0.086620719
0.42882929
0.46100315
0.50821982
0.26454763
0.077580672
0.095926094
0.32270855
0.29068475
0.035998731
0.084246
0.39018288
0.12702301
0.096430422
0.24440102
0.26315753
0.085756975
0.085292224
0.028443188
0.14326135
0.036436518
0.03548887
0.024395622
0.15345704
0.27843843
0.28589425
0.049419455
0.025534502
0.15776502
0.071046463
0.10608364
0.024170187
0.20694617
0.3264324
0.0750169
0.035340153
0.25824692
0.041196112
0.05464017
0.021025156
0.1011515
0.25593304
0.14323827
0.034911254
0.069372904
0.064331143
0.25444995
0.19494748
0.082152069
0.022706389
0.055421058
0.1805621
0.26384029
0.24337454
0.34727235
0.096250848
0.29100979
0.099368442
0.091074923
0.042875821
0.072018737
0.21993899
0.021475009
0.028543949
0.20677119
0.22361455
0.23787505
0.15546612
0.12469774
0.054139548
0.052751747
0.39912249
0.33257804
0.29497361
0.028906323
0.07745164
0.12880634
0.11045603
0.042630769
0.042646735
0.072679394
0.072738746
0.032477033
0.034299626
0.074234053
0.18661304
0.14044044
0.2165352
0.18954707
0.21749955
0.026835877
0.18983137
0.073781463
0.068198116
0.040415714
0.035096627
0.10799685
0.022075568
0.051729543
0.064920619
0.12571667
0.15529545
0.025989799
0.10632736
0.021795215
0.032689518
0.034251529
0.32761584
0.19322898
0.27266672
0.15013451
0.032520773
0.14063001
0.27379242
0.042478871
0.034862377
0.14868508
0.044355506
0.021939296
0.043884044
0.021467833
0.099038852
0.026597099
0.09110965
0.091886836
0.069202904
0.068788643
0.046933257
0.31317688
0.10990718
0.034133832
0.23808124
0.030466658
0.11127283
0.024007764
0.071085712
0.25576968
0.10689291
0.30174585
0.3607527
0.10681165
0.042020454
0.020069707
0.04719326
0.042652447
0.030785953
0.042958994
0.09146718
0.354136
0.2329631
0.10789236
0.043138589
0.03657004
0.25405436
0.28918538
0.31261207
0.3862949
0.11845947
0.091175009
0.023325309
0.29270689
0.29911511
0.1283892
0.17480471
0.028419204
0.032747376
0.076521081
0.1167808
0.081500487
0.094131322
0.3540509
0.23117135
0.067826906
0.17903611
0.033436633
0.11372944
0.061780536
0.10982609
0.035060464
0.19951312
0.27258278
0.041802334
0.23529891
0.13294793
0.030244519
0.13029386
0.23688809
0.18065244
0.10291523
0.28918819
0.18151222
0.12895742
0.11224492
0.069713568
0.031988856
0.027513671
0.04458304
0.083452512
0.11170223
0.37144513
0.23402787
0.026119582
0.28151796
0.040761825
0.11618614
0.29338254
0.12031482
0.0502495
0.084372605
0.033251535
0.23850567
0.08197885
0.27742599
0.085255294
0.099299293
0.080470992
0.027727216
0.036331994
0.24895623
0.35001524
0.38927975
0.44211311
0.43792939
0.45564976
0.19010765
0.34131415
0.37382558
0.39746881
0.42060273
0.44948071
0.068632106
0.022459628
0.36528393
0.31051116
0.24686838
0.035053487
0.034683315
0.021303469
0.3214731
0.12161501
0.11914354
0.086781995
0.30214119
0.11022466
0.03193442
0.047415076
0.25429978
0.27479962
0.02203727
0.17360194
0.21449895
0.02454877
0.089812317
0.048413874
0.045533739
0.070284413
0.025811075
0.12473569
0.02226172
0.078094039
0.053952947
0.12206875
0.12449249
0.043446193
0.0974066
0.16171789
0.023032243
0.14483346
0.12663035
0.16086691
0.1687661
0.094289516
0.2142872
0.074537381
0.22883618
0.30904009
0.053840717
0.17014535
0.060613815
0.28094285
0.12012418
0.10675573
0.02061193
0.085665581
0.25349606
0.20283301
0.040926725
0.10327895
0.044684642
0.070113697
0.21348966
0.16144909
0.31628261
0.042619964
0.089907806
0.045747794
0.087464661
0.21877606
0.031451072
0.20551132
0.035671855
0.09126736
0.11503279
0.25942967
0.20920565
0.30814408
0.28909356
0.027344445
0.021538892
0.028729161
0.19255172
0.069592124
0.091260072
0.14506905
0.18289431
0.028584876
0.066673774
0.10897173
0.078062422
0.25854417
0.37465098
0.26237008
0.15166236
0.070366615
0.25121658
0.23501672
0.11904857
0.18467388
0.12148374
0.037752821
0.092183295
0.042945416
0.060876849
0.021840034
0.10969831
0.29959927
0.12388707
0.030428326
0.27211568
0.30884792
0.095347902
0.1629395
0.37838333
0.29202794
0.30780941
0.065312057
0.26480031
0.0366092
0.17555268
0.21737974
0.22233076
0.41584425
0.17908096
0.32080068
0.41230473
0.17672649
0.32222816
0.045870826
0.047016763
0.17679664
0.42216194
0.45785992
0.44009838
0.12650003
0.31155013
0.12491951
0.33198141
0.43007694
0.43109508
0.03806279
0.045688629
0.12508762
0.34324909
0.28105045
0.37539657
0.4297656
0.056795967
0.19261904
0.2380384
0.31157765
0.17729036
0.11425235
0.25736443
0.2998282
0.08942795
0.028210012
0.061754379
0.3525083
0.11830473
0.090286397
0.11925272
0.03706819
0.12269721
0.30911599
0.10661637
0.097443592
0.066075742
0.078453445
0.034254649
0.066572383
0.12612518
0.19804751
0.029676062
0.025225675
0.23010467
0.13067505
0.082626353
0.10687899
0.068277798
0.19838415
0.047210641
0.03480972
0.025470049
0.37932079
0.14083813
0.038646351
0.082643675
0.091909106
0.08050216
0.16059725
0.1050195
0.16518005
0.080163366
0.078679318
0.098894382
0.056095581
0.12464196
0.10127297
0.1459122
0.15336901
0.055913009
0.10315344
0.060775651
0.031203139
0.20428661
0.1208805
0.071957484
0.028628871
0.078051987
0.24053401
0.19306546
0.12950235
0.020428273
0.11144381
0.18873933
0.091487062
0.15340869
0.037223553
0.08365226
0.30317381
0.41280556
0.26812367
0.037459681
0.35480841
0.097130871
0.18129806
0.19703482
0.14419342
0.29116989
0.08652373
0.10562416
0.036509427
0.034626845
0.10625162
0.29462391
0.2947282
0.1089305
0.084458711
0.14985482
0.03393023
0.24940919
0.37389513
0.15083741
0.042643436
0.2548034
0.2735708
0.4557562
0.40421265
0.4159252
0.43861752
0.41393295
0.10618243
0.27403125
0.31543202
0.371803
0.054410835
0.027471299
0.089477118
0.14228948
0.047699657
0.025870173
0.021790825
0.021612939
0.23008997
0.069588548
0.055569147
0.068669974
0.058481422
0.087449745
0.31114409
0.24085469
0.39462948
0.27808352
0.31847722
0.022529163
0.06059294
0.078432393
0.083353341
0.029105978
0.14032531
0.047343467
0.14456669
0.024814303
0.25945905
0.22846665
0.3062794
0.19021086
0.27480057
0.21961221
0.21810317
0.30377783
0.033142829
0.090438245
0.18313988
0.24037757
0.080385224
0.13276218
0.22487349
0.034029911
0.029715752
0.084785269
0.070802549
0.028086031
0.23104094
0.1849001
0.074728631
0.079452167
0.03017077
0.10287454
0.37704783
0.12188064
0.11740658
0.10160928
0.25522274
0.15172313
0.083043026
0.080297313
0.099465362
0.22053821
0.077038504
0.08780771
0.02996101
0.05652431
0.09468245
0.24471353
0.084094154
0.14746931
0.035312157
0.48703722
0.35109515
0.45131347
0.45092435
0.37011205
0.4503524
0.21624361
0.27471514
0.37420408
0.094594145
0.1984425
0.1393664
0.10104846
0.24140704
0.082195849
0.13775974
0.033535254
0.16259967
0.40245185
0.32717014
0.055796038
0.089403804
0.18173069
0.13211553
0.028788731
0.31066746
0.31841282
0.25597629
0.32342228
0.39637971
0.22861592
0.084273407
0.028135892
0.12794514
0.12275259
0.48194032
0.36308769
0.4253953
0.31924172
0.11425569
0.31590508
0.24587349
0.10710691
0.29793173
0.29435515
0.08132749
0.078320503
0.31441754
0.19890217
0.092560873
0.098425926
0.10781242
0.073260762
0.075447406
0.030786104
0.071734425
0.15073827
0.13520495
0.20684246
0.050922668
0.19497251
0.43376349
0.27285108
0.089317154
0.06796286
0.036783935
0.063668803
0.026920771
0.023340629
0.053938408
0.11823301
0.13689702
0.11772667
0.047218112
0.02296392
0.053192722
0.085035311
0.10619937
0.10226056
0.14452245
0.038213702
0.26975655
0.13167455
0.12499847
0.31126323
0.22838772
0.41231674
0.37365191
0.3604601
0.38599505
0.24635323
0.28835524
0.36128937
0.12034582
0.071123331
0.027141461
0.18434006
0.061045435
0.080893496
0.14316784
0.0241443
0.021314459
0.023924754
0.068199322
0.044531029
0.047710207
0.052394804
0.073522359
0.18289611
0.2524062
0.25157831
0.10009355
0.15900642
0.050127144
0.021982706
0.03408082
0.049966407
0.11243001
0.020618318
0.098684307
0.074150523
0.066691685
0.066522808
0.20272425
0.32061464
0.29567904
0.040949278
0.11775086
0.03411064
0.084264845
0.16370458
0.069182857
0.037290294
0.072624592
0.073095076
0.19359965
0.36615008
0.35353304
0.34919003
0.093900884
0.24151178
0.25496745
0.17650872
0.26031924
0.094672276
0.14436823
0.03684885
0.09113031
0.023616509
0.046223925
0.065615484
0.32279213
0.078673646
0.029827476
0.032479879
0.13073454
0.068740841
0.074490908
0.32866695
0.20181974
0.21871362
0.033263739
0.10176207
0.021700013
0.046219221
0.026864888
0.18373088
0.068803863
0.2474018
0.097516367
0.14528121
0.22363917
0.068776075
0.078111717
0.23638285
0.21254589
0.054492735
0.11789833
0.17226744
0.032119809
0.027469388
0.11855944
0.29037199
0.21101142
0.26827825
0.078123628
0.026944335
0.032070517
0.077167347
0.26749135
0.039052712
0.093792956
0.18663893
0.38743549
0.34834147
0.40042699
0.32965606
0.30214298
0.11688664
0.11314663
0.31164469
0.37504768
0.085090542
0.026721637
0.081157482
0.036543973
0.091954494
0.31623191
0.1060925
0.20678171
0.1202711
0.32569137
0.045930201
0.025304812
0.17806009
0.032436919
0.36608496
0.11955792
0.31917975
0.054295576
0.14267254
0.13121693
0.023930586
0.039214333
0.085547128
0.092479122
0.09596695
0.17493063
0.24797388
0.068354904
0.06337841
0.024994149
0.055527731
0.022733339
0.10090541
0.060393378
0.17941018
0.026889444
0.13579272
0.28231303
0.029267112
0.039863789
0.10400982
0.35030691
0.31980822
0.21090499
0.22294065
0.088437312
0.1018973
0.17832313
0.078523026
0.04434368
0.088329675
0.22187726
0.060673982
0.065314385
0.22144444
0.088274025
0.027987281
0.17129285
0.027056958
0.030856059
0.022457034
0.39454583
0.31765864
0.33416168
0.17616119
0.32041383
0.28647233
0.11504645
0.20697504
0.29744777
0.074922616
0.23653993
0.083274785
0.02184034
0.043718423
0.09312677
0.046376494
0.061977159
0.021878083
0.022596877
0.066698462
0.21242094
0.091724921
0.243424
0.069268886
0.075766059
0.14500588
0.25312273
0.14112429
0.032057643
0.071543666
0.029687825
0.031074625
0.080300713
0.051505273
0.2777748
0.039598902
0.31702091
0.091672765
0.092392846
0.023746665
0.046291796
0.02999993
0.38326462
0.18469186
0.4264116
0.030338244
0.29207067
0.26549843
0.40127329
0.084350887
0.072786351
0.4736426
0.47256367
0.48438268
0.49571493
0.47166716
0.04645145
0.11848924
0.20741632
0.31034109
0.3047759
0.039518854
0.072789056
0.025654391
0.37125708
0.38915905
0.20118873
0.070691639
0.26689568
0.22831578
0.29652573
0.031862748
0.079049622
0.12028362
0.027031216
0.38545781
0.40906441
0.38732791
0.3923334
0.27822095
0.088755073
0.099735405
0.26554998
0.27116012
0.20699352
0.11345989
0.051878628
0.32012568
0.089084069
0.15975445
0.032599858
0.17383327
0.29030842
0.36296058
0.35050136
0.09806891
0.25396653
0.047613719
0.20394688
0.10653797
0.30398
0.031211163
0.085982669
0.096094498
0.31624691
0.024466712
0.092668215
0.046757659
0.048564063
0.08316488
0.033366391
0.11122503
0.4068757
0.18446669
0.35173966
0.21294177
0.25659404
0.4305448
0.44170315
0.16156202
0.40539067
0.30484075
0.27916595
0.038767285
0.10011548
0.44342866
0.46665149
0.50395445
0.36833622
0.17914262
0.33146261
0.19831957
0.26448769
0.036885375
0.12275009
0.39173565
0.43843954
0.21775944
0.27075456
0.47851533
0.4242726
0.40209292
0.43732696
0.17421243
0.08353726
0.036246124
0.093214743
0.023922999
0.048652705
0.09246007
0.090376738
0.045197324
0.085542791
0.029574815
0.17693867
0.38957024
0.25739981
0.3401044
0.051300572
0.028200047
0.16920974
0.043781203
0.37839578
0.077443412
0.30762062
0.036114779
0.074892136
0.15800332
0.164794
0.12699644
0.086386278
0.024285763
0.1448532
0.084316749
0.048982045
0.031752892
0.070801889
0.035973236
0.18329612
0.083401795
0.26213978
0.25748492
0.088323461
0.20585455
0.34048504
0.077011798
0.2648069
0.030863288
0.062095015
0.3116767
0.31176367
0.095645363
0.11144588
0.13837297
0.075224352
0.29543601
0.074753911
0.028057838
0.13093002
0.033271814
0.059834309
0.22055706
0.074278435
0.029646437
0.21762403
0.083451536
0.28129371
0.33769846
0.27927059
0.033540684
0.026872682
0.099034327
0.35771641
0.44063347
0.46843269
0.27171869
0.041528386
0.21407713
0.037072208
0.1534715
0.048069927
0.30379045
0.047006141
0.028937428
0.03982587
0.13319982
0.086218902
0.10619673
0.046308187
0.025582556
0.07180393
0.023250911
0.069472285
0.061282618
0.064158231
0.10605962
0.088383512
0.080827397
0.085517317
0.027292751
0.26104934
0.45368069
0.37344752
0.45205618
0.4527669
0.22532526
0.38619676
0.36628676
0.048717455
0.0223244
0.038271048
0.27159479
0.20442805
0.28893929
0.35774803
0.42919009
0.39915499
0.30885881
0.38459913
0.081946996
0.03583925
0.15605654
0.26286777
0.092099428
0.088589221
0.07891951
0.022198587
0.18469733
0.071073592
0.14196534
0.38047757
0.18882517
0.045711498
0.1496134
0.18214519
0.24784842
0.40799605
0.40797898
0.36041275
0.24098612
0.12005131
0.081332863
0.12964353
0.053375539
0.075173542
0.37074804
0.13933019
0.23806771
0.035743177
0.11401278
0.11006139
0.020246401
0.067030181
0.19241478
0.13789989
0.35999776
0.040219272
0.04538289
0.38610312
0.030041219
0.075721928
0.052545931
0.045359309
0.021522281
0.27785659
0.21591835
0.16277431
0.15064926
0.02923074
0.12903404
0.1203293
0.020276714
0.19386699
0.042613077
0.29761293
0.16208366
0.25086402
0.096846695
0.13215413
0.090109936
0.3447057
0.24566916
0.023215448
0.091030233
0.10804518
0.022787008
0.30298083
0.25600468
0.40073387
0.37321407
0.2636506
0.35575106
0.30889967
0.13946247
0.22604773
0.032801736
0.12010448
0.31940469
0.079950797
0.066624472
0.029783807
0.15714148
0.30475098
0.13557922
0.2266594
0.053845888
0.073167638
0.052489244
0.033097045
0.15186411
0.20363913
0.14823334
0.14001996
0.064437532
0.053480527
0.10880559
0.099891233
0.33730037
0.06635251
0.33252462
0.38224943
0.041833674
0.020765488
0.045738322
0.041055783
0.092037832
0.036473361
0.059793896
0.065025429
0.18247775
0.087794088
0.33639939
0.26206009
0.33053821
0.024875998
0.058366257
0.031181697
0.087219111
0.040127049
0.26266532
0.33304859
0.027550796
0.062269031
0.057713644
0.047367339
0.056304789
0.026333248
0.037145532
0.02294161
0.027464307
0.33847515
0.049706769
0.16680064
0.35659152
0.29207621
0.034998177
0.027155093
0.16262058
0.29915346
0.40815517
0.41246762
0.39420578
0.34205902
0.14751773
0.070803148
0.032022782
0.21566051
0.059472179
0.07213946
0.031257128
0.21487244
0.068711787
0.14263172
0.083138991
0.040932495
0.088080346
0.046203281
0.17625212
0.18488916
0.37751383
0.32628042
0.047089058
0.11870711
0.32539741
0.38301826
0.27798871
0.12232038
0.19466206
0.27008493
0.073754792
0.33160438
0.037640768
0.17937093
0.03883803
0.19090886
0.3271291
0.068460826
0.077619414
0.054229623
0.047039893
0.18903488
0.23398532
0.21835319
0.15874636
0.32270842
0.11830802
0.26055105
0.19924021
0.038636607
0.046004837
0.1255931
0.17071505
0.034031327
0.031393443
0.034912627
0.15162096
0.093926068
0.37445116
0.25568302
0.18010758
0.075846281
0.028487942
0.087289923
0.22049043
0.13941778
0.036929132
0.050562362
0.14354493
0.27056935
0.28626088
0.22392546
0.18752753
0.24688779
0.10219906
0.28052397
0.021745256
0.042418562
0.16755325
0.052877831
0.061367795
0.20547289
0.15279089
0.12363858
0.15179916
0.26704803
0.12541028
0.090187148
0.19467871
0.023749595
0.04488206
0.026871698
0.067353655
0.076273443
0.065867315
0.065061899
0.12172436
0.032295116
0.073823576
0.044485526
0.022298227
0.2316536
0.094517083
0.0845339
0.16846547
0.33265569
0.20701253
0.10415727
0.07355815
0.12151709
0.13347755
0.32823984
0.31816838
0.29567774
0.30704381
0.19555858
0.12136665
0.046930077
0.097450805
0.11748367
0.028074606
0.051343517
0.061544577
0.13143405
0.020907925
0.36833425
0.37400969
0.25093249
0.23878641
0.093803751
0.12497535
0.29539895
0.071808548
0.11727196
0.31477867
0.026696182
0.22660025
0.16719551
0.028739139
0.21545617
0.10252066
0.34235935
0.1260183
0.074629574
0.20457073
0.11914494
0.15696877
0.23826784
0.10551177
0.089648155
0.15772776
0.27440227
0.032955422
0.059057948
0.027925951
0.075849085
0.12938595
0.031869119
0.069082855
0.09367033
0.29117385
0.21118043
0.1339712
0.047280998
0.18058024
0.21238998
0.43148961
0.048085059
0.072923278
0.022180993
0.10541879
0.31852048
0.11092128
0.18647275
0.27757519
0.37045966
0.26190178
0.45978821
0.48738198
0.045579915
0.30694948
0.39595878
0.27400766
0.39621558
0.15918411
0.31240247
0.04800062
0.32960655
0.31380742
0.34770371
0.30929072
0.10686282
0.1320881
0.25728786
0.34232785
0.14507931
0.10175164
0.19301303
0.18754965
0.11167318
0.046750276
0.027509505
0.087709161
0.44942838
0.46839438
0.022455435
0.1252924
0.041902405
0.028588002
0.063713353
0.038765806
0.060973256
0.18011724
0.15202639
0.050082357
0.024797675
0.44224675
0.38915887
0.1230727
0.047771028
0.020638382
0.060994522
0.10443338
0.12325782
0.052492446
0.020826886
0.062263299
0.10580638
0.026733246
0.056229513
0.027162478
0.12912944
0.19325173
0.10464266
0.21511832
0.069045146
0.030660885
0.032811558
0.063988643
0.030105087
0.23743838
0.036062316
0.15950371
0.22341834
0.10219102
0.41327185
0.44542691
0.36141752
0.31416275
0.1346622
0.46139263
0.32296697
0.042519801
0.083975806
0.11231839
0.045976416
0.033612493
0.074336392
0.21270583
0.027313626
0.43711579
0.067437364
0.45641722
0.21823262
0.46431538
0.49267719
0.15529048
0.16598854
0.42794902
0.089567144
0.1473807
0.043285462
0.046533588
0.19253684
0.14369935
0.32718087
0.28243381
0.24651395
0.1753489
0.17464945
0.18669132
0.066076863
0.023737802
0.082427172
0.056608679
0.19729295
0.19592014
0.14875549
0.15106585
0.32457156
0.3702408
0.0898626
0.22875744
0.20039668
0.23730116
0.24855766
0.25802796
0.43679593
0.22679443
0.043681421
0.29248062
0.10608573
0.45212437
0.43679184
0.42077112
0.3044247
0.33185839
0.10839516
0.35036561
0.31066965
0.044885548
0.095068836
0.24095784
0.11660115
0.053972492
0.24414072
0.13010836
0.27815655
0.28137053
0.11424714
0.020965988
0.023837028
0.15903266
0.20541384
0.11877609
0.026516694
0.18933201
0.09200985
0.25597198
0.29489868
0.34723653
0.37787681
0.0333247
0.28988017
0.093539897
0.039008808
0.27101038
0.2414989
0.44592564
0.42622664
0.30449014
0.44178234
0.38724296
0.1964469
0.050644737
0.29221448
0.33910813
0.39683251
0.36407807
0.37199181
0.14042973
0.038172978
0.19428548
0.058168481
0.32146792
0.18476095
0.30620327
0.28201259
0.10518259
0.27258497
0.055065996
0.061120667
0.022512247
0.15989065
0.26130373
0.15701358
0.042343033
0.065395403
0.02047417
0.15364915
0.17669827
0.38732941
0.34763143
0.23602685
0.033874894
0.023727253
0.041227555
0.16478163
0.31286233
0.043419943
0.28426283
0.35617338
0.35746217
0.022005856
0.45808676
0.40148044
0.43876031
0.48593242
0.44492098
0.43531937
0.034113853
0.15399491
0.047341427
0.28153562
0.45598322
0.45828549
0.12384905
0.40856953
0.42673859
0.034908467
0.46769115
0.52412257
0.44508758
0.079274619
0.058021846
0.28598402
0.44052193
0.4409397
0.42967453
0.37063651
0.46698325
0.28372742
0.046304612
0.21664089
0.17613797
0.080456924
0.048225189
0.21659688
0.0441669
0.051804805
0.30522333
0.14882297
0.2838585
0.1555725
0.25638645
0.19468841
0.13029231
0.032588505
0.12881342
0.22081211
0.33798454
0.29897209
0.097833542
0.30245593
0.046065673
0.071680404
0.16123623
0.099197167
0.082466249
0.45000114
0.50202777
0.50059953
0.024808708
0.1818646
0.24054035
0.14350933
0.31973464
0.072006192
0.23326243
0.10081953
0.39918671
0.33524878
0.073854956
0.10163987
0.062444926
0.21294006
0.25553374
0.17770867
0.48521356
0.57747241
0.58037528
0.52857218
0.053546236
0.025165538
0.17819297
0.15625915
0.17258476
0.30086232
0.076361765
0.023096516
0.15976308
0.093689091
0.16184742
0.06648117
0.065563429
0.16417386
0.29836688
0.43385437
0.48981391
0.16430755
0.36057443
0.23976239
0.45746215
0.24828899
0.38149653
0.15026806
0.030821077
0.097462474
0.24051815
0.16046387
0.207941
0.41586798
0.44640254
0.44900037
0.31956206
0.28843099
0.4169865
0.23617511
0.30260279
0.16629002
0.45593031
0.43338696
0.31388059
0.21706929
0.11319012
0.068595527
0.22563755
0.082245394
0.10359324
0.065002112
0.44988128
0.42429086
0.31505076
0.16403217
0.30043935
0.21321466
0.22816558
0.089206627
0.06846289
0.3550852
0.42269953
0.29386186
0.077608711
0.031441443
0.16623158
0.10225306
0.069512728
0.10237355
0.49507373
0.48880237
0.11623107
0.080189891
0.32390397
0.3203232
0.30064654
0.39170877
0.40032296
0.26752607
0.17295772
0.13437307
0.075903637
0.15945652
0.028633674
0.054571418
0.15343613
0.1758057
0.19616851
0.13003736
0.089669151
0.44854061
0.50409984
0.50970243
0.45074695
0.41346631
0.4790314
0.4426996
0.41790632
0.023739018
0.093927396
0.12648507
0.02419813
0.064096683
0.17612496
0.11566391
0.026641048
0.030229005
0.48126634
0.023174786
0.043358863
0.29062515
0.225497
0.2475076
0.26835423
0.28001869
0.097764014
0.10856279
0.2508073
0.29707985
0.099653133
0.26353727
0.11138306
0.089322307
0.51671568
0.5247365
0.52183689
0.091615836
0.32371262
0.14674418
0.20586109
0.36093012
0.43953171
0.33987199
0.040317057
0.15663257
0.14363641
0.054790327
0.12167169
0.065672822
0.24094752
0.28922802
0.32715398
0.20622045
0.073048729
0.069932651
0.11911006
0.10267283
0.20778418
0.076299612
0.14319287
0.066893263
0.036627637
0.044160011
0.046758
0.081838939
0.11916121
0.083983608
0.089119301
0.042616257
0.020936424
0.13515019
0.048058925
0.052894757
0.34420852
0.022382854
0.054166713
0.061687793
0.022214803
0.091463381
0.11073003
0.1021692
0.28392375
0.24073961
0.42028201
0.3070717
0.30391674
0.41161552
0.03194128
0.42233338
0.066126657
0.2736833
0.27617486
0.35481735
0.40840278
0.031559266
0.13090158
0.45898492
0.46425077
0.063459452
0.32838036
0.21341055
0.34021386
0.085270433
0.13416713
0.074464633
0.33822014
0.30355847
0.19596693
0.3860721
0.26453065
0.27226885
0.082069836
0.15590935
0.26833503
0.35979449
0.32257018
0.19224819
0.12533047
0.08183399
0.12349982
0.08441077
0.25336298
0.02425496
0.49447192
0.25353695
0.33002205
0.20004119
0.11109225
0.25685067
0.35322896
0.23693596
0.068229384
0.029888244
0.33985202
0.20781143
0.4444172
0.49513506
0.44779584
0.33922306
0.31660027
0.092321528
0.076859146
0.16020016
0.34607296
0.37834989
0.1214485
0.026728451
0.48482519
0.35494649
0.30446781
0.22734461
0.35355827
0.091493243
0.25872653
0.034640552
0.45129047
0.43661911
0.15074134
0.40856957
0.37083228
0.094637091
0.030874659
0.44854104
0.46591603
0.49822016
0.072545629
0.070528412
0.048320569
0.09717012
0.098122654
0.023008522
0.3628495
0.27725826
0.097210115
0.32280003
0.25100786
0.34191671
0.23392
0.07330175
0.087960058
0.065041285
0.30695661
0.10931017
0.1187675
0.11257703
0.050570873
0.050861611
0.20386984
0.32620041
0.37386113
0.19360058
0.085595277
0.031904435
0.084278222
0.043701195
0.021447626
0.13102636
0.04469235
0.069893918
0.37720215
0.19597757
0.026342608
0.33332678
0.046641352
0.096672708
0.32937756
0.20819393
0.21346171
0.086581884
0.048021927
0.0698359
0.23446672
0.18763937
0.087615756
0.15358048
0.16878275
0.043300643
0.30478154
0.32359123
0.30010494
0.28980696
0.19593604
0.13270969
0.20142141
0.16803009
0.25544289
0.44028162
0.48532045
0.4836572
0.02769762
0.25217484
0.13742657
0.23014307
0.3759793
0.028413246
0.070185839
0.34807163
0.26578997
0.26967387
0.22960951
0.32719052
0.093380972
0.11363422
0.1844401
0.02599045
0.27452446
0.11355059
0.37511954
0.24466948
0.11909997
0.18589308
0.070208291
0.063552683
0.26177327
0.38480951
0.14819601
0.22778016
0.021717451
0.29399396
0.096711961
0.046807909
0.12969159
0.12803643
0.34355035
0.34324142
0.3673124
0.35925846
0.35837817
0.098387949
0.27969807
0.10905165
0.33070142
0.27930418
0.27422391
0.34448681
0.074055048
0.40778833
0.48795777
0.41167252
0.31420308
0.32985296
0.34624507
0.4530012
0.43384742
0.26232855
0.10313546
0.33944214
0.25737828
0.37715316
0.41286107
0.24860066
0.30309805
0.32427595
0.096467867
0.19008079
0.28073283
0.33374263
0.16137129
0.05316005
0.021735681
0.085340914
0.28461806
0.10137372
0.45547207
0.41008842
0.50098962
0.51491296
0.048761237
0.048811126
0.51107586
0.048419444
0.14447802
0.023145708
0.056031809
0.022799299
0.034164868
0.057014272
0.1069262
0.15070151
0.031555769
0.11495918
0.035173072
0.097265852
0.33340436
0.17582334
0.26142127
0.26084887
0.25893088
0.28769303
0.24434957
0.30962063
0.021700645
0.051640119
0.047659522
0.020739073
0.19511184
0.43303697
0.37455394
0.29640224
0.034374196
0.09019425
0.049465773
0.035572984
0.32718045
0.11346071
0.048629523
0.078716534
0.046726128
0.25297496
0.091158644
0.038274116
0.047060909
0.094912099
0.045485322
0.04785119
0.096472168
0.23949206
0.031114622
0.042980078
0.021447261
0.27909244
0.30429431
0.34189625
0.38503689
0.30751367
0.34396066
0.32079888
0.34574098
0.30825522
0.021522412
0.29853116
0.38869812
0.056203505
0.4378916
0.36075591
0.3076509
0.054377193
0.39984916
0.30348372
0.33949012
0.32029796
0.20216276
0.035934874
0.1075166
0.13966089
0.24768661
0.063859681
0.18476256
0.044862616
0.12142513
0.20793948
0.093316663
0.046687956
0.053638986
0.04178368
0.15983763
0.041641298
0.32547969
0.29601838
0.2481586
0.096884096
0.054918585
0.29278893
0.36272425
0.3730735
0.11555446
0.11194231
0.27905048
0.038968387
0.11462952
0.45329073
0.42000277
0.28932857
0.48057627
0.44579408
0.34285219
0.4419398
0.39207999
0.24027991
0.27559483
0.20832747
0.12978938
0.031231974
0.06572997
0.03649923
0.11869367
0.29438456
0.085169294
0.29102236
0.29965143
0.23568119
0.087689686
0.3102366
0.079489212
0.095043209
0.10189242
0.24822674
0.20486018
0.090189628
0.029403765
0.40986386
0.37528512
0.28305293
0.11015363
0.13752974
0.4955163
0.41286855
0.4340467
0.18962501
0.43452503
0.34596611
0.027483865
0.070584176
0.025704116
0.048813639
0.16714542
0.21291622
0.023109523
0.039938638
0.42459596
0.14878903
0.10365706
0.49964913
0.50837047
0.45769585
0.49760158
0.35609512
0.42955241
0.18961157
0.1058195
0.44677679
0.21894985
0.4692731
0.26650392
0.47116862
0.10964592
0.30936247
0.41931453
0.30619278
0.11698852
0.35839898
0.080929594
0.1735205
0.45854582
0.39653303
0.36960123
0.28500131
0.11371796
0.29702716
0.22896321
0.11279215
0.50677652
0.49754082
0.46439218
0.52021562
0.4299002
0.50232421
0.048274101
0.31082485
0.26418584
0.052170462
0.19934497
0.32339102
0.097579092
0.12399641
0.2781101
0.22338115
0.19165021
0.10653824
0.26059278
0.12365833
0.26931515
0.13876757
0.12748046
0.083115014
0.18768827
0.072666647
0.026362516
0.061938853
0.40504223
0.45259515
0.4032569
0.42619728
0.085668187
0.32240138
0.060847352
0.23499217
0.16856732
0.34667026
0.19868437
0.088159724
0.20078394
0.026034059
0.27391971
0.098757404
0.29129595
0.32172797
0.13643454
0.32444413
0.20352276
0.11733133
0.312983
0.11676441
0.03982942
0.1738691
0.021840352
0.024895322
0.23680647
0.035835739
0.24723463
0.42101533
0.41071082
0.47864498
0.1583253
0.22347031
0.20742098
0.11920201
0.091922166
0.087774547
0.025640904
0.13262176
0.027247748
0.14911389
0.068415153
0.48689403
0.18152062
0.19943374
0.071409474
0.14980818
0.20656517
0.022130518
0.043066942
0.063902946
0.12123241
0.18265633
0.3995366
0.31113047
0.3010642
0.29597971
0.43233213
0.48989568
0.4686809
0.45755499
0.033807637
0.22692304
0.076105012
0.042297375
0.38664986
0.21278693
0.30598545
0.22595173
0.16990713
0.16346047
0.16206836
0.15172037
0.28831651
0.29866303
0.11892336
0.31979919
0.32512244
0.36776453
0.41055563
0.20468591
0.43865326
0.079213278
0.11828613
0.077630859
0.028823543
0.12109639
0.06614685
0.23023159
0.12674516
0.02299945
0.42956777
0.45990741
0.44156759
0.51007382
0.30137521
0.39973786
0.51088578
0.44337235
0.42352428
0.21339127
0.34026325
0.29928953
0.088583049
0.022699193
0.022872821
0.082607181
0.40054102
0.37031478
0.30004065
0.23398396
0.10869848
0.042819803
0.20336954
0.037778165
0.33395453
0.2522428
0.098714773
0.12887191
0.10076314
0.35377362
0.21934954
0.1236346
0.086906645
0.30364334
0.09179253
0.18304334
0.22561037
0.071993233
0.36083135
0.38218582
0.1784556
0.044966353
0.022024742
0.42053125
0.052899558
0.28718965
0.24408137
0.12420754
0.41158634
0.38536104
0.31913418
0.043131401
0.15124012
0.15828178
0.096795735
0.10725318
0.26124993
0.2901329
0.41813876
0.11550001
0.30040259
0.48631429
0.47279654
0.41988271
0.026555157
0.032726742
0.22855387
0.052790692
0.14111623
0.23614215
0.20073456
0.062176635
0.061728111
0.24291864
0.36907172
0.27108009
0.25235184
0.22501229
0.029373225
0.26745398
0.20955529
0.056869458
0.44482866
0.38247221
0.13769811
0.29529895
0.040541409
0.034639481
0.10514108
0.24730727
0.041002682
0.23831491
0.3307424
0.41801672
0.53120261
0.5331903
0.52493703
0.4338416
0.48491781
0.39073512
0.4460043
0.51061112
0.083716256
0.025126653
0.41222776
0.17366945
0.31763897
0.044557633
0.19558581
0.33563936
0.14549702
0.32259271
0.028137864
0.19437892
0.072434146
0.076100363
0.027962306
0.074338503
0.064540174
0.071403707
0.02087331
0.046417078
0.021816506
0.022841107
0.097052038
0.044080512
0.051212063
0.16125224
0.11230111
0.3466869
0.29724265
0.28220341
0.061747102
0.095311393
0.026321668
0.081490405
0.21878132
0.33567955
0.19659446
0.21533404
0.32621981
0.25449088
0.037871334
0.12960633
0.37935173
0.031099813
0.081090932
0.40928868
0.39769611
0.02763039
0.19639418
0.044407894
0.1214908
0.12099399
0.42331257
0.40680851
0.36741384
0.38035509
0.081110536
0.4400322
0.34692992
0.22727993
0.34840379
0.1904402
0.30607627
0.35712739
0.17843973
0.29742142
0.46832121
0.4795603
0.44569051
0.52904403
0.30516259
0.14712124
0.128446
0.37153648
0.20104613
0.17092166
0.07463767
0.17571243
0.023856139
0.30668472
0.35680696
0.40662184
0.34759374
0.27033613
0.17025807
0.22172255
0.21397301
0.14568253
0.23971452
0.40073983
0.16065027
0.20179244
0.044300972
0.2273832
0.072840456
0.18147441
0.15002163
0.45983833
0.4011526
0.47557488
0.49492015
0.42382195
0.47472392
0.12600863
0.27098416
0.098883062
0.21315822
0.32634339
0.065615666
0.18813617
0.17777517
0.22266895
0.16888368
0.20357469
0.0393927
0.2988793
0.34006674
0.43527224
0.23531827
0.29095326
0.034221519
0.085328681
0.29368698
0.21275573
0.21981085
0.1324246
0.089756979
0.31033912
0.49400301
0.49047951
0.46911541
0.45332373
0.029698485
0.26280746
0.38806694
0.02564623
0.19208538
0.12036241
0.28128471
0.079724703
0.1056399
0.44937037
0.28880651
0.4251975
0.41220237
0.21794136
0.41233386
0.39199452
0.36216735
0.14646685
0.46430858
0.30823123
0.42639813
0.10956732
0.050679215
0.35280988
0.47455552
0.37545687
0.42679921
0.40791801
0.32795207
0.20305864
0.3965026
0.36161312
0.12632317
0.22662853
0.18961922
0.30871622
0.22792383
0.13528117
0.13641569
0.28859953
0.061673894
0.068442394
0.096620264
0.27234378
0.042825942
0.068245716
0.18940604
0.023389283
0.40477958
0.3627684
0.26676048
0.28591718
0.27501712
0.29843367
0.26466728
0.31579243
0.36187005
0.35771543
0.32232597
0.12281214
0.072330091
0.053973263
0.020954878
0.048391103
0.077526582
0.15731308
0.083412321
0.13658036
0.066098185
0.25472547
0.18247742
0.055094667
0.096940437
0.080345138
0.025182126
0.036296345
0.24657172
0.079009258
0.059589271
0.24719503
0.033084308
0.29176846
0.36179382
0.28361013
0.080609144
0.2442316
0.05599295
0.22692016
0.17553045
0.13400612
0.02545134
0.14434344
0.033303199
0.38308403
0.13194683
0.13224193
0.18428879
0.081284243
0.041470278
0.20793837
0.11442324
0.43796253
0.3865489
0.093171966
0.053046214
0.066251681
0.090777571
0.059307516
0.12023669
0.21189061
0.08956376
0.22768807
0.081609072
0.24455661
0.37249829
0.22514241
0.33446114
0.17344936
0.43217331
0.050755926
0.28939886
0.101693
0.30663978
0.37684636
0.047403623
0.075693209
0.323258
0.043334531
0.028266296
0.055685093
0.036453421
0.22082243
0.12829654
0.14904985
0.033543115
0.052058772
0.059756996
0.07034209
0.13170886
0.22223322
0.24019664
0.076708665
0.15681856
0.026833762
0.10521322
0.023593594
0.059746157
0.049510849
0.04855599
0.47889763
0.50156537
0.47862197
0.50324879
0.022145452
0.33746942
0.4539806
0.51081245
0.37350837
0.22518477
0.41889578
0.092017921
0.16764313
0.26153482
0.042877588
0.28787525
0.18263431
0.47499546
0.48105954
0.50431573
0.049255187
0.16323616
0.25909835
0.33443308
0.24615765
0.025147928
0.312494
0.1690162
0.3296372
0.099380639
0.085873241
0.32650031
0.25341176
0.34402036
0.15722393
0.086929019
0.24910972
0.25294868
0.034690558
0.085986147
0.14899772
0.1060328
0.092410084
0.057534814
0.29075764
0.28073571
0.36232423
0.32389298
0.049867973
0.062950142
0.11378369
0.15820148
0.15019423
0.42680496
0.31853501
0.094051211
0.3812004
0.047619022
0.23282106
0.22193748
0.029989254
0.26472323
0.31753176
0.28436602
0.40260836
0.32504032
0.24030914
0.3841087
0.26021428
0.23106326
0.24015095
0.23199091
0.035066649
0.034790023
0.029065037
0.063727858
0.07370622
0.027506778
0.058402697
0.12698958
0.15073112
0.25151696
0.06475859
0.12059934
0.19715378
0.020245817
0.068684194
0.19705384
0.070818792
0.18460113
0.24644363
0.24095016
0.26172059
0.16002343
0.083530223
0.066591817
0.023887315
0.04731174
0.46286056
0.025020439
0.49798728
0.49263124
0.21442536
0.43558259
0.07668238
0.070878969
0.079500125
0.11059666
0.18461968
0.025991289
0.12781136
0.045502976
0.022146769
0.030369724
0.23061183
0.11695473
0.16905567
0.068257289
0.19894174
0.2232541
0.036833652
0.035030503
0.28984461
0.38706327
0.36248482
0.43775319
0.32981108
0.34617212
0.39135758
0.34903739
0.35279546
0.23468396
0.077150634
0.23119376
0.078870934
0.14291887
0.36479889
0.32627467
0.23490802
0.097452755
0.048541771
0.029521211
0.040242679
0.091135045
0.047770767
0.054399134
0.29151859
0.067032668
0.38509481
0.25446755
0.21906343
0.36378989
0.10236915
0.31103483
0.1373618
0.13376361
0.020769708
0.051611068
0.047173747
0.11571947
0.043621368
0.10689901
0.044883514
0.020197216
0.14728424
0.040085175
0.086770927
0.026066364
0.10246217
0.033570035
0.12670241
0.056383012
0.19685385
0.39431512
0.18084558
0.34517177
0.27078734
0.035791486
0.19728075
0.10721603
0.061724562
0.16110479
0.25059825
0.20825083
0.32250471
0.29235648
0.33957033
0.06863648
0.15345066
0.071377146
0.26179068
0.21150634
0.44159445
0.50341888
0.38459932
0.48363625
0.47665256
0.49876553
0.51114644
0.025708735
0.093964276
0.31043094
0.3328888
0.25954857
0.1384446
0.074651245
0.18766893
0.20861496
0.2592371
0.16163131
0.12923781
0.18738078
0.091496236
0.17185564
0.025725463
0.061253884
0.069019398
0.17303557
0.026864558
0.12197486
0.053505607
0.20993821
0.066271455
0.23701035
0.073791478
0.10771507
0.41353715
0.47377348
0.36871771
0.504087
0.46939127
0.037774514
0.24150977
0.071818821
0.44590809
0.32052823
0.40239544
0.46838677
0.44666918
0.49967275
0.1407937
0.23961642
0.42346397
0.083717519
0.03948568
0.27772829
0.42687453
0.090868653
0.42125234
0.47299737
0.029527395
0.25513442
0.30272231
0.10335729
0.19494651
0.42892118
0.4298733
0.056618897
0.17907654
0.084167374
0.11164277
0.25800457
0.25236624
0.16299222
0.2809059
0.082888519
0.10336923
0.25972615
0.07208017
0.18652331
0.10037873
0.34020262
0.22896609
0.27211595
0.29912086
0.086809812
0.1883196
0.069748963
0.23452621
0.071777568
0.026710589
0.21254939
0.08052054
0.032013146
0.27229935
0.094453823
0.1046244
0.24243387
0.35673285
0.25612653
0.3240591
0.2604032
0.062511811
0.067119148
0.024878811
0.1713293
0.12443385
0.1106457
0.21205469
0.17825291
0.064036104
0.030818112
0.021535088
0.11372937
0.022330526
0.23288543
0.22893131
0.12110511
0.25998241
0.11584058
0.024216197
0.061772224
0.046920203
0.052434987
0.18686736
0.15294192
0.076904837
0.24929359
0.4462564
0.43192536
0.41686187
0.46600025
0.13342
0.20850358
0.17829823
0.22905356
0.19998507
0.30578483
0.36339016
0.31306125
0.31923835
0.12037027
0.52023662
0.52053961
0.52012625
0.10718296
0.36223226
0.44889333
0.054898535
0.071334516
0.11119225
0.14663104
0.033601341
0.063954245
0.04261629
0.15501183
0.29922281
0.41014148
0.081132976
0.12245374
0.044616774
0.35064585
0.15589957
0.28848328
0.23098753
0.12941304
0.4178867
0.1614492
0.35154438
0.32561181
0.30075019
0.16700293
0.25588729
0.35622661
0.21582419
0.32573955
0.15277674
0.22582659
0.11080231
0.2812095
0.50337935
0.44455114
0.40393563
0.44285918
0.45944357
0.41041703
0.45992133
0.48018258
0.46008878
0.52411766
0.50566964
0.074647953
0.091322635
0.13947905
0.19883283
0.35442335
0.42166422
0.17234878
0.31505224
0.16442746
0.077618192
0.1405838
0.11325683
0.21787102
0.35910071
0.45850508
0.080884921
0.11758939
0.1104093
0.27673289
0.25284714
0.27005472
0.12721626
0.13020286
0.022661921
0.044973799
0.033100606
0.39323698
0.30193253
0.029284113
0.3148366
0.35248962
0.10632635
0.020990135
0.34607248
0.20847217
0.31371979
0.42313068
0.32450914
0.30641827
0.356642
0.35746702
0.43791468
0.47594852
0.31897203
0.3010176
0.3734773
0.31652284
0.35641438
0.42785342
0.1853271
0.2687432
0.067746593
0.23062257
0.15280743
0.097831685
0.2376171
0.13036334
0.02134796
0.066650462
0.19686467
0.14748111
0.150802
0.38533721
0.15809247
0.34349179
0.033517914
0.030784739
0.036324946
0.083334171
0.20264643
0.29750987
0.24109494
0.27783213
0.28371452
0.24368965
0.075620571
0.084349764
0.11489842
0.10212365
0.069215139
0.39756191
0.44680889
0.43167078
0.27538447
0.35945635
0.39094218
0.032078718
0.099605532
0.074445927
0.069628884
0.42717781
0.34787108
0.41995419
0.031833701
0.063077035
0.020708667
0.078289016
0.18308062
0.08026044
0.12477627
0.038591921
0.10903061
0.17404291
0.18283114
0.31851078
0.062097669
0.096574924
0.11449455
0.074108458
0.25328239
0.026515665
0.36289459
0.023178266
0.34975078
0.04681475
0.46153565
0.35390876
0.05372563
0.4533085
0.10943893
0.074884907
0.08412298
0.076353169
0.16418689
0.14419878
0.40354411
0.3407931
0.38074906
0.3142311
0.29218264
0.10129239
0.02653012
0.33258444
0.45634187
0.12666283
0.040182015
0.37685113
0.2911517
0.32177158
0.47097397
0.29535133
0.50736227
0.40417483
0.30397394
0.50992051
0.42186659
0.10768051
0.27341564
0.11963578
0.40409856
0.52682562
0.50044578
0.48067462
0.47089062
0.4848677
0.5272176
0.50277147
0.3386025
0.35368416
0.43255792
0.4382103
0.40983353
0.31699733
0.088890323
0.062311728
0.1326919
0.39252144
0.33292706
0.23526468
0.022439278
0.064702487
0.21458997
0.063579037
0.12701421
0.42130877
0.46438856
0.50203389
0.37234647
0.023700891
0.057595502
0.077927726
0.38343708
0.43148219
0.21178392
0.033490854
0.41502585
0.19638409
0.29466671
0.025220574
0.43989467
0.34659671
0.44965153
0.38150118
0.28454238
0.54469038
0.32418471
0.21385576
0.57173015
0.59231893
0.63723736
0.56560099
0.1564842
0.46300858
0.45312547
0.24718504
0.46493111
0.48960365
0.21181587
0.08485052
0.16535268
0.35961853
0.13196121
0.13566399
0.28787612
0.42012325
0.45730684
0.49849297
0.10870356
0.074368943
0.27355218
0.099886208
0.50240913
0.48780421
0.49982202
0.3177086
0.38497541
0.43626045
0.45077099
0.41476195
0.47665754
0.022598883
0.022430611
0.069453751
0.022418679
0.12623694
0.059171639
0.32216077
0.17473558
0.18099365
0.099926277
0.057424532
0.066917242
0.02165484
0.30294655
0.27095045
0.41285007
0.15039242
0.034896996
0.13023144
0.28057298
0.45069641
0.34160551
0.070719811
0.04959546
0.038653944
0.42299248
0.32035169
0.086821805
0.26216165
0.36906027
0.1549958
0.1710174
0.45147004
0.52396167
0.48786407
0.44367208
0.52441584
0.48470458
0.20030304
0.20090609
0.33418102
0.38142622
0.41217818
0.39272502
0.28135592
0.021040819
0.045905343
0.075429742
0.38630497
0.20076865
0.039067515
0.037518058
0.093715961
0.060811832
0.20243306
0.044816569
0.14438345
0.19678315
0.1608831
0.045742366
0.042913355
0.023876924
0.046115868
0.10049603
0.064364053
0.04766238
0.022168905
0.046434361
0.21264109
0.036406154
0.14368216
0.066750097
0.084950113
0.069856631
0.42630362
0.25435149
0.39718697
0.46230175
0.46959328
0.46166071
0.2119259
0.12272538
0.31169683
0.10184028
0.021692008
0.046211215
0.47368107
0.24342077
0.24919867
0.44598705
0.41891949
0.20909418
0.40217506
0.15780498
0.083667581
0.29092794
0.1546932
0.073237576
0.065109704
0.035179984
0.088934762
0.22300696
0.26222109
0.065664488
0.060963138
0.41349399
0.43471309
0.37852644
0.32656431
0.048211237
0.21096484
0.078883931
0.19716119
0.094051074
0.095906505
0.081048526
0.090817807
0.26978147
0.22515734
0.28259694
0.17709309
0.035481078
0.07880704
0.083255533
0.097500425
0.31286364
0.37874357
0.2526339
0.31873657
0.048248711
0.091249116
0.024252286
0.086078187
0.19798185
0.065526851
0.057970765
0.093602876
0.36440677
0.24361289
0.22993988
0.082955632
0.032772921
0.29842527
0.21088536
0.32575366
0.37249481
0.10197776
0.072259881
0.14643491
0.035005539
0.13984371
0.094799044
0.32218447
0.24001259
0.17443491
0.17484966
0.30771839
0.16294907
0.13167475
0.24643639
0.08670604
0.035997259
0.096166394
0.27643058
0.24905969
0.24577845
0.13181798
0.22448935
0.21027036
0.27101518
0.2751027
0.24826868
0.31237363
0.21322641
0.067299616
0.10144095
0.3537057
0.022675202
0.14167682
0.043149372
0.10767051
0.086691646
0.26839547
0.2015205
0.37357859
0.21742294
0.1635823
0.20192933
0.21227624
0.27842419
0.029103392
0.041531705
0.090131405
0.096497571
0.020301844
0.35207532
0.34194903
0.063942195
0.35012406
0.39002564
0.059603464
0.096706561
0.29914894
0.078737295
0.17705026
0.10844646
0.17578879
0.1536793
0.1648943
0.072949456
0.12354566
0.028874125
0.056323585
0.16057685
0.40374057
0.36145069
0.15110796
0.26745822
0.23455879
0.26110229
0.20737047
0.29322876
0.34698836
0.30753255
0.32591792
0.24876198
0.038673516
0.09253552
0.11220194
0.044554529
0.024192234
0.046483181
0.4148778
0.46981431
0.47655423
0.39106532
0.081599308
0.02559485
0.50326745
0.50673072
0.50015409
0.52206056
0.29197907
0.40511203
0.337922
0.10741227
0.47988742
0.14218187
0.37364687
0.3599085
0.045799569
0.19833208
0.28008618
0.2394155
0.032541054
0.080642547
0.084601877
0.41948727
0.3588033
0.11968188
0.3547351
0.24551481
0.074533527
0.094631739
0.26578896
0.21193849
0.10178635
0.1455073
0.30442181
0.16807189
0.038166425
0.088472501
0.1951524
0.29557354
0.21507982
0.3013753
0.058684296
0.24308872
0.093381865
0.12488103
0.34383673
0.24061522
0.11342993
0.15868821
0.03878502
0.078414947
0.34259204
0.020951655
0.11382127
0.17642432
0.055136976
0.18755889
0.289619
0.14019174
0.4615126
0.16625329
0.4579735
0.21779636
0.39322042
0.15029403
0.040884497
0.34421474
0.11743411
0.062605305
0.14247434
0.1332029
0.33251723
0.1122227
0.38082209
0.4521059
0.43342816
0.46014195
0.36432986
0.31164992
0.48368213
0.42313237
0.07406113
0.23574263
0.096176696
0.36009141
0.38274956
0.33580177
0.12204945
0.32447528
0.35126114
0.15056887
0.1924533
0.044125123
0.021117895
0.42993516
0.33483856
0.12537917
0.12578624
0.24197715
0.38819747
0.43227911
0.40707951
0.36598856
0.053224354
0.14290096
0.32832488
0.4106369
0.22602747
0.3002731
0.064372979
0.13293337
0.055821264
0.18040439
0.050149792
0.18997093
0.15086032
0.09147033
0.25187724
0.036015055
0.21286808
0.067451217
0.045702914
0.10297746
0.25745448
0.022902404
0.020725631
0.10739924
0.27380929
0.38008939
0.40603726
0.37257086
0.46181334
0.15613737
0.096991543
0.023170126
0.20760494
0.039235428
0.24354222
0.089710423
0.043904478
0.24226409
0.30461111
0.17092095
0.021932446
0.35610422
0.37262953
0.42809363
0.31570111
0.21909373
0.41062175
0.13410815
0.14455093
0.36098143
0.31163696
0.3743365
0.53235626
0.32580088
0.52311799
0.40272099
0.25489579
0.13816903
0.34799336
0.41731652
0.35303063
0.28023802
0.15035995
0.12049258
0.22836867
0.11056869
0.12396123
0.23162627
0.07012512
0.18390718
0.095363984
0.27139549
0.19817719
0.071170693
0.087608074
0.18746029
0.065755702
0.21912151
0.12966932
0.037223688
0.076144803
0.1042271
0.25627062
0.088141565
0.45980357
0.41559052
0.46797591
0.49008558
0.22625404
0.31566083
0.23884034
0.1210278
0.023244724
0.099371923
0.22819909
0.11660603
0.071594737
0.49180078
0.25596222
0.21101937
0.084752121
0.16622723
0.13160999
0.33488626
0.32577472
0.41210818
0.34292627
0.28974529
0.36524592
0.14057131
0.10120032
0.47378852
0.45787508
0.034972001
0.29919535
0.39517551
0.066435779
0.48308514
0.23834817
0.50364843
0.34617495
0.34039772
0.0795138
0.11171511
0.4991117
0.061682753
0.15102415
0.021342457
0.3769249
0.12310765
0.25371204
0.15878551
0.41813437
0.22628802
0.2856771
0.027340329
0.080069895
0.055469496
0.24628418
0.1762059
0.10264979
0.054812879
0.03459197
0.087988706
0.18987993
0.042572438
0.097049383
0.1712601
0.19543146
0.32254531
0.17656846
0.24909938
0.2021675
0.29279619
0.31593122
0.331368
0.16457547
0.28350344
0.18610846
0.21558016
0.088592158
0.16008109
0.052231114
0.026576722
0.14234673
0.029102048
0.39155724
0.39519639
0.070563087
0.22540423
0.16421135
0.023999185
0.059575521
0.51132122
0.47926738
0.5012273
0.37156796
0.39346614
0.33764137
0.46691215
0.095504922
0.52602567
0.13371488
0.2188025
0.31142022
0.090081053
0.030352904
0.26886579
0.20045154
0.070123658
0.044670319
0.30140745
0.49226393
0.48529253
0.46592901
0.16161405
0.37497945
0.36444159
0.11944203
0.34000616
0.13518234
0.033499242
0.28527798
0.039415866
0.032327469
0.12195553
0.068021631
0.029370215
0.37636945
0.14026754
0.37284159
0.51742161
0.42600162
0.45524615
0.48668307
0.5313854
0.17582302
0.020922047
0.25613297
0.062683417
0.14374375
0.13238593
0.10465638
0.41610616
0.39578257
0.18344611
0.18685897
0.23972782
0.046027257
0.16326937
0.43723323
0.31135941
0.40486141
0.25356347
0.23797549
0.098362467
0.044073133
0.15518139
0.20666696
0.34312581
0.2105173
0.032168755
0.045008712
0.24117564
0.24093145
0.10458394
0.33693299
0.33588086
0.51577621
0.51530561
0.42856017
0.03035905
0.26013955
0.4571501
0.44877573
0.47881089
0.071101852
0.15704404
0.021628769
0.043921881
0.020182863
0.1402543
0.092946182
0.21444506
0.045124874
0.094015452
0.11096696
0.49802418
0.50024677
0.4721292
0.51111276
0.45149687
0.51471164
0.48615608
0.27606392
0.09546991
0.15162402
0.37070104
0.20447764
0.4498521
0.49505763
0.55082936
0.39439103
0.5084109
0.53336291
0.30647772
0.21333848
0.35327354
0.067581035
0.15190145
0.092761437
0.072659487
0.038976852
0.20279731
0.44190335
0.14332358
0.19267703
0.37355585
0.43693651
0.046495349
0.021775406
0.51581691
0.52622308
0.46703413
0.51650981
0.39358802
0.42059073
0.23931479
0.10403342
0.044126269
0.082229953
0.034919255
0.35732346
0.24592639
0.38289664
0.028485782
0.025632658
0.048519353
0.23446325
0.034248543
0.12729588
0.083401854
0.22421932
0.11840298
0.14647005
0.22318139
0.10079773
0.043944806
0.11301257
0.22042257
0.18777736
0.14039673
0.28000447
0.2584254
0.14870614
0.29952614
0.16455141
0.17711233
0.18288459
0.031635162
0.17130038
0.20149805
0.25274616
0.13126906
0.24595861
0.1779615
0.10495983
0.3448772
0.37048456
0.14574339
0.20371121
0.24889142
0.51284669
0.094777637
0.033140585
0.084209296
0.4264766
0.41308631
0.46855987
0.27948711
0.11395881
0.32365189
0.18121961
0.08344969
0.060649925
0.042643845
0.45179803
0.018019508
0.021808632
0.12097872
0.05144117
0.21185107
0.2229841
0.26491627
0.20813514
0.18856247
0.062044093
0.15569235
0.1347273
0.11880236
0.18548895
0.21427643
0.087614359
0.29315096
0.12707591
0.036212137
0.09116384
0.13419555
0.14758612
0.24342334
0.03632096
0.214215
0.31133182
0.030693321
0.083754586
0.18091809
0.042274717
0.12581301
0.042691186
0.32873164
0.31706177
0.090885901
0.11672636
0.12249496
0.057783416
0.025941606
0.16164409
0.17572951
0.07136188
0.13043424
0.023077475
0.087842167
0.026939536
0.035436932
0.11541507
0.047348801
0.30112199
0.042314662
0.067851747
0.026213266
0.048197344
0.030473198
0.079953391
0.2560253
0.096505401
0.031210374
0.068802122
0.080749742
0.10594871
0.43363468
0.41851523
0.073681588
0.18437126
0.13668638
0.17411363
0.20176625
0.39241615
0.073454271
0.027315985
0.031634375
0.07925434
0.32023042
0.34428789
0.067572223
0.085916943
0.10536856
0.090798303
0.27454617
0.44343368
0.44629727
0.11156182
0.25459395
0.18617636
0.080290344
0.10515832
0.111577
0.34672455
0.090573434
0.024672427
0.032995977
0.27742576
0.023424426
0.040177108
0.021821536
0.19513024
0.20979802
0.15471931
0.065166946
0.02697985
0.10767356
0.033369639
0.044920623
0.18092548
0.12743247
0.096599004
0.070030633
0.083770715
0.076368035
0.050277946
0.1726613
0.15329102
0.070465933
0.27161083
0.29694302
0.11519352
0.045083331
0.071359234
0.1078741
0.41681748
0.46431065
0.34747115
0.10931653
0.078629384
0.045088867
0.16909863
0.22335541
0.15888613
0.33563599
0.11377296
0.17846574
0.094803271
0.1452859
0.12266859
0.13355007
0.09367217
0.082168757
0.039375943
0.027646381
0.52716818
0.53376255
0.055079527
0.024611788
0.033548925
0.03133513
0.020708627
)
;
    }
    inlet_BA
    {
        type            fixedValue;
        value           uniform 0;
    }
    inlet_R_ICA
    {
        type            fixedValue;
        value           uniform 0;
    }
    inlet_L_ICA
    {
        type            fixedValue;
        value           uniform 0;
    }
    outlet_R_PCA
    {
        type            fixedValue;
        value           uniform 0;
    }
    outlet_L_PCA
    {
        type            fixedValue;
        value           uniform 0;
    }
    outlet_L_MCA
    {
        type            fixedValue;
        value           uniform 0;
    }
    outlet_R_ACA
    {
        type            fixedValue;
        value           uniform 0;
    }
    outlet_L_ACA
    {
        type            fixedValue;
        value           uniform 0;
    }
}


// ************************************************************************* //
