{
    "1": {
        "BA start": [
            {
                "id": 0,
                "degree": 1,
                "label": 1,
                "coords": [
                    -7.20508,
                    169.41602,
                    -113.78052
                ]
            }
        ],
        "BA bifurcation": [
            {
                "id": 69,
                "degree": 3,
                "label": 1,
                "coords": [
                    -5.87695,
                    173.16602,
                    -97.04614
                ]
            }
        ],
        "R-PCA boundary": [
            {
                "id": 78,
                "degree": 2,
                "label": 1,
                "coords": [
                    -3.62695,
                    171.78477,
                    -96.54927
                ]
            }
        ],
        "L-PCA boundary": [
            {
                "id": 203,
                "degree": 2,
                "label": 1,
                "coords": [
                    -6.87695,
                    173.33789,
                    -95.29614
                ]
            }
        ]
    },
    "2": {
        "BA boundary": [
            {
                "id": 78,
                "degree": 2,
                "label": 2,
                "coords": [
                    -3.62695,
                    171.78477,
                    -96.54927
                ]
            }
        ],
        "Pcom bifurcation": [
            {
                "id": 124,
                "degree": 3,
                "label": 2,
                "coords": [
                    4.62305,
                    177.21289,
                    -101.91489
                ]
            }
        ],
        "Pcom boundary": [
            {
                "id": 599,
                "degree": 2,
                "label": 2,
                "coords": [
                    4.47617,
                    177.87852,
                    -102.20114
                ]
            }
        ],
        "PCA end": [
            {
                "id": 195,
                "degree": 1,
                "label": 2,
                "coords": [
                    18.62305,
                    163.91602,
                    -97.29614
                ]
            }
        ]
    },
    "3": {
        "BA boundary": [
            {
                "id": 203,
                "degree": 2,
                "label": 3,
                "coords": [
                    -6.87695,
                    173.33789,
                    -95.29614
                ]
            }
        ],
        "PCA end": [
            {
                "id": 282,
                "degree": 1,
                "label": 3,
                "coords": [
                    -18.12695,
                    165.16602,
                    -98.04614
                ]
            }
        ]
    },
    "4": {
        "ICA start": [
            {
                "id": 283,
                "degree": 1,
                "label": 4,
                "coords": [
                    0.38867,
                    187.43164,
                    -102.28052
                ]
            }
        ],
        "Pcom bifurcation": [
            {
                "id": 302,
                "degree": 3,
                "label": 4,
                "coords": [
                    5.23346,
                    186.71705,
                    -100.84406
                ]
            }
        ],
        "Pcom boundary": [
            {
                "id": 573,
                "degree": 2,
                "label": 4,
                "coords": [
                    5.20117,
                    184.81602,
                    -101.69302
                ]
            }
        ],
        "ICA bifurcation": [
            {
                "id": 323,
                "degree": 3,
                "label": 4,
                "coords": [
                    9.87305,
                    189.91602,
                    -98.54614
                ]
            }
        ],
        "ACA boundary": [
            {
                "id": 612,
                "degree": 2,
                "label": 4,
                "coords": [
                    6.97305,
                    190.46602,
                    -96.99614
                ]
            }
        ],
        "MCA boundary": [
            {
                "id": 332,
                "degree": 2,
                "label": 4,
                "coords": [
                    12.12305,
                    190.84414,
                    -98.52739
                ]
            }
        ]
    },
    "5": {
        "ICA boundary": [
            {
                "id": 332,
                "degree": 2,
                "label": 5,
                "coords": [
                    12.12305,
                    190.84414,
                    -98.52739
                ]
            }
        ],
        "MCA end": [
            {
                "id": 357,
                "degree": 3,
                "label": 5,
                "coords": [
                    18.12305,
                    192.41602,
                    -100.54614
                ]
            }
        ]
    },
    "6": {
        "ICA start": [
            {
                "id": 446,
                "degree": 1,
                "label": 6,
                "coords": [
                    -11.11133,
                    189.16602,
                    -100.71802
                ]
            }
        ],
        "ICA bifurcation": [
            {
                "id": 484,
                "degree": 3,
                "label": 6,
                "coords": [
                    -16.87695,
                    183.91602,
                    -95.04614
                ]
            }
        ],
        "ACA boundary": [
            {
                "id": 786,
                "degree": 2,
                "label": 6,
                "coords": [
                    -14.62695,
                    184.60039,
                    -93.58052
                ]
            }
        ],
        "MCA boundary": [
            {
                "id": 494,
                "degree": 2,
                "label": 6,
                "coords": [
                    -19.37695,
                    183.58164,
                    -94.39302
                ]
            }
        ]
    },
    "7": {
        "ICA boundary": [
            {
                "id": 494,
                "degree": 2,
                "label": 7,
                "coords": [
                    -19.37695,
                    183.58164,
                    -94.39302
                ]
            }
        ],
        "MCA end": [
            {
                "id": 567,
                "degree": 1,
                "label": 7,
                "coords": [
                    -37.61133,
                    188.43164,
                    -97.37427
                ]
            }
        ]
    },
    "8": {
        "ICA boundary": [
            {
                "id": 573,
                "degree": 2,
                "label": 8,
                "coords": [
                    5.20117,
                    184.81602,
                    -101.69302
                ]
            }
        ],
        "PCA boundary": [
            {
                "id": 599,
                "degree": 2,
                "label": 8,
                "coords": [
                    4.47617,
                    177.87852,
                    -102.20114
                ]
            }
        ]
    },
    "10": {
        "R-ACA boundary": [
            {
                "id": 656,
                "degree": 3,
                "label": 10,
                "coords": [
                    -4.07539,
                    191.49102,
                    -93.89771
                ]
            }
        ],
        "L-ACA boundary": [
            {
                "id": 827,
                "degree": 3,
                "label": 10,