"Points:0","Points:1","Points:2","U:0","U:1","U:2","p"
0.0049927,-0.022214,-0.0075097,0.1062,-0.15519,-0.026642,0.41477
0.0054994,-0.021914,-0.007505,0.11884,-0.25979,-0.042425,0.41333
0.0054994,-0.021912,-0.0075504,0.11069,-0.25543,-0.04344,0.41196
0.0054642,-0.021933,-0.0075519,0.10907,-0.24345,-0.040246,0.41221
0.0049882,-0.022231,-0.0070005,0.10908,-0.16961,-0.036061,0.41835
0.0050376,-0.022202,-0.0070005,0.11271,-0.18194,-0.040753,0.41735
0.0050577,-0.022193,-0.0069061,0.10882,-0.18187,-0.043081,0.41818
0.0050568,-0.022188,-0.0070928,0.11659,-0.18201,-0.038424,0.41652
0.0053742,-0.022002,-0.0070013,0.12999,-0.2391,-0.039667,0.41743
0.005499,-0.021928,-0.0070017,0.14796,-0.29956,-0.04898,0.42015
0.0053688,-0.022002,-0.0071309,0.13167,-0.24124,-0.037634,0.41734
0.005499,-0.021927,-0.0070388,0.14356,-0.28889,-0.04495,0.41967
0.0055518,-0.021897,-0.0070019,0.15939,-0.32745,-0.059246,0.41998
0.0055451,-0.021902,-0.0069647,0.16337,-0.3359,-0.062496,0.42046
0.0054733,-0.021942,-0.0070391,0.13371,-0.263,-0.035528,0.42007
0.0055393,-0.021903,-0.0070508,0.15341,-0.31479,-0.054372,0.41926
0.0059319,-0.021671,-0.0070034,0.17941,-0.3602,-0.076082,0.41949
0.0049887,-0.022245,-0.0064924,0.093058,-0.16414,-0.056036,0.4215
0.0053966,-0.022003,-0.0064948,0.13033,-0.2428,-0.054545,0.41988
0.0054014,-0.022003,-0.0063981,0.1321,-0.24277,-0.060353,0.42063
0.0054995,-0.021942,-0.0064955,0.1536,-0.29775,-0.060843,0.42264
0.0054995,-0.021943,-0.006466,0.1546,-0.29091,-0.0633,0.42323
0.0053936,-0.022003,-0.0065464,0.13068,-0.25007,-0.045543,0.41995
0.0056514,-0.021852,-0.006495,0.16885,-0.32545,-0.076563,0.42207
0.005558,-0.021909,-0.0064383,0.17032,-0.31757,-0.079027,0.42238
0.0054713,-0.02196,-0.0064634,0.13888,-0.26426,-0.047573,0.42409
0.0055508,-0.02191,-0.0065361,0.16664,-0.33727,-0.072868,0.4216
0.0054713,-0.021958,-0.0065203,0.13856,-0.27191,-0.043903,0.42249
0.0050481,-0.022224,-0.0059856,0.075334,-0.15693,-0.080819,0.42581
0.0049905,-0.022257,-0.0060458,0.067675,-0.14723,-0.080227,0.42524
0.0054206,-0.022003,-0.005998,0.12654,-0.23565,-0.065936,0.42447
0.005502,-0.021954,-0.0060001,0.13993,-0.26652,-0.071525,0.42416
0.0056253,-0.021881,-0.0060049,0.14276,-0.27967,-0.079039,0.42284
0.0055587,-0.021922,-0.005963,0.13538,-0.27594,-0.077,0.42318
0.0055435,-0.021929,-0.0060331,0.15382,-0.28525,-0.082097,0.42233
0.0054813,-0.021966,-0.0060175,0.13777,-0.24939,-0.059925,0.42618
0.0054372,-0.022007,-0.0054874,0.064549,-0.13607,-0.022398,0.43021
0.005501,-0.021969,-0.0054882,0.05972,-0.17147,-0.022183,0.42901
0.005501,-0.02197,-0.0054699,0.050748,-0.14623,-0.016618,0.42931
0.0055926,-0.021915,-0.005491,0.057473,-0.16524,-0.02077,0.42799
0.0054468,-0.022005,-0.0053758,0.056769,-0.12836,-0.016722,0.43035
0.0055376,-0.021949,-0.0054532,0.051131,-0.14301,-0.017233,0.42827
0.0055454,-0.021942,-0.0055213,0.066987,-0.1986,-0.026077,0.42757
0.005487,-0.021978,-0.0054685,0.050364,-0.14945,-0.016003,0.43036
0.0062735,-0.021446,-0.0077833,0.004173,-0.026164,-0.00078477,0.4247
0.0062881,-0.021438,-0.0077708,0.0072224,-0.037885,-0.0030088,0.42461
0.0062655,-0.021451,-0.0077809,0.004173,-0.026164,-0.00078477,0.4247
0.004738,-0.022387,-0.0067472,0.079036,-0.10417,-0.057478,0.42123
0.0048267,-0.022334,-0.0067467,0.084826,-0.11801,-0.061332,0.42073
0.0046488,-0.02244,-0.0067478,0.067903,-0.084066,-0.053078,0.42234
0.0046711,-0.022425,-0.0068168,0.071234,-0.084017,-0.052839,0.42203
0.0046709,-0.022429,-0.0066759,0.065683,-0.0841,-0.053237,0.42255
0.0047399,-0.0224,-0.0062375,0.041668,-0.047854,-0.027314,0.42189
0.0062668,-0.021494,-0.0062349,0.048519,-0.12623,-0.0073088,0.42715
0.0062638,-0.021495,-0.0062379,0.087724,-0.19601,-0.025083,0.42391
0.0062639,-0.021495,-0.0062349,0.063093,-0.1588,-0.016266,0.42457
0.0062663,-0.021494,-0.0062354,0.082089,-0.16957,-0.021516,0.42778
0.0052113,-0.02207,-0.0080296,0.00030511,0.00021717,0.00073415,0.40762
0.0052503,-0.022046,-0.0080479,0.00062812,9.176e-05,0.0012533,0.40765
0.0052472,-0.022049,-0.0079989,0.0012159,-0.0012082,-0.00035337,0.40697
0.0051793,-0.02209,-0.0079978,0.0005777,-0.00012075,0.00022229,0.40722
0.005229,-0.02206,-0.0080191,0.00030511,0.00021717,0.00073415,0.40762
0.0055007,-0.021906,-0.0077498,0.049903,-0.13565,-0.050649,0.40491
0.0045153,-0.022498,-0.0075084,0.029196,-0.021467,-0.0027433,0.41933
0.0053517,-0.022001,-0.0075029,0.11666,-0.22155,-0.037905,0.41313
0.0052459,-0.022064,-0.0075032,0.11935,-0.20734,-0.042332,0.4123
0.0053467,-0.022002,-0.0075982,0.1104,-0.215,-0.039155,0.41212
0.0052708,-0.02205,-0.0074787,0.13032,-0.22201,-0.043205,0.41274
0.0051858,-0.022098,-0.0075684,0.11374,-0.18966,-0.04235,0.41157
0.005273,-0.022047,-0.0075315,0.11378,-0.20939,-0.045959,0.41113
0.0057526,-0.021763,-0.0075076,0.12423,-0.2911,-0.049328,0.41326
0.0057509,-0.021761,-0.0076293,0.11519,-0.28437,-0.049508,0.41141
0.0060111,-0.02161,-0.0075079,0.11831,-0.272,-0.041789,0.4183
0.0059129,-0.021671,-0.0074193,0.15313,-0.31837,-0.055091,0.41765
0.0060596,-0.02158,-0.007556,0.091668,-0.23521,-0.034378,0.41819
0.0044978,-0.022522,-0.0070084,0.040968,-0.026675,-0.025657,0.4217
0.0044852,-0.02253,-0.0069791,0.036199,-0.02076,-0.021464,0.42256
0.0049872,-0.022239,-0.0067464,0.10321,-0.16232,-0.04127,0.41983
0.0050579,-0.022195,-0.006817,0.10882,-0.18187,-0.043081,0.41818
0.0044875,-0.022543,-0.0064941,0.012455,-0.0077854,-0.0089773,0.42399
0.0044843,-0.022543,-0.0065486,0.024156,-0.024093,-0.02134,0.42387
0.0045018,-0.022534,-0.0064924,0.024079,-0.023091,-0.021685,0.42404
0.0044782,-0.02255,-0.0064414,0.015104,-0.013466,-0.014465,0.42457
0.0044762,-0.02255,-0.0064812,0.0073185,-0.00468,-0.0065385,0.42477
0.0052426,-0.022094,-0.0064937,0.12203,-0.21543,-0.049114,0.41886
0.0052712,-0.022079,-0.0064566,0.12759,-0.22845,-0.068872,0.41833
0.0052663,-0.022079,-0.0065244,0.12281,-0.22824,-0.047183,0.41742
0.0049897,-0.022252,-0.0062385,0.08145,-0.16315,-0.072282,0.42309
0.0049894,-0.022254,-0.0061758,0.082757,-0.16785,-0.07537,0.42328
0.0055009,-0.021948,-0.0062461,0.152,-0.28096,-0.065017,0.42345
0.0054088,-0.022003,-0.0062444,0.13535,-0.24873,-0.058215,0.42234
0.005555,-0.021915,-0.0062789,0.17032,-0.31757,-0.079027,0.42238
0.0054746,-0.021963,-0.0062633,0.13888,-0.26426,-0.047573,0.42409
0.0054783,-0.021962,-0.006222,0.13777,-0.24939,-0.059925,0.42618
0.0060112,-0.021638,-0.006494,0.1716,-0.32254,-0.084905,0.42161
0.0059334,-0.021682,-0.0065781,0.18455,-0.3533,-0.089167,0.42032
0.0052477,-0.022105,-0.0059938,0.10437,-0.1968,-0.074731,0.4246
0.0051722,-0.02215,-0.0059912,0.096349,-0.18535,-0.076505,0.42482
0.0052478,-0.022107,-0.0059454,0.099561,-0.18705,-0.074683,0.42578
0.0052702,-0.022092,-0.0059943,0.11319,-0.21006,-0.072765,0.42412
0.0051918,-0.02214,-0.0059283,0.091616,-0.17455,-0.077655,0.42636
0.0052769,-0.022089,-0.0059618,0.10751,-0.19954,-0.071711,0.4252
0.0051813,-0.022143,-0.006044,0.099504,-0.19254,-0.075739,0.4238
0.0052837,-0.022083,-0.0060262,0.11887,-0.22058,-0.07382,0.42304
0.0054251,-0.022007,-0.0057494,0.10002,-0.2044,-0.055264,0.42809
0.0055014,-0.021962,-0.0057502,0.10055,-0.24122,-0.052445,0.42666
0.0055333,-0.021943,-0.005751,0.097866,-0.24832,-0.051784,0.42572
0.0055532,-0.02193,-0.0057887,0.10928,-0.2615,-0.062075,0.42501
0.0055513,-0.021933,-0.0057151,0.086452,-0.23513,-0.041492,0.42643
0.0052631,-0.022111,-0.0054866,0.058834,-0.10686,-0.026729,0.43143
0.00524,-0.022123,-0.0055153,0.056999,-0.10742,-0.035579,0.4318
0.0052386,-0.022125,-0.0054838,0.054276,-0.10099,-0.029358,0.43178
0.0052399,-0.022121,-0.0055958,0.060126,-0.11334,-0.035706,0.43162
0.0052743,-0.022105,-0.0054378,0.051288,-0.088555,-0.017499,0.43159
0.0052697,-0.022106,-0.0055225,0.06638,-0.12517,-0.03596,0.43127
0.0054599,-0.022001,-0.0052279,0.019009,-0.025804,-0.0035018,0.43012
0.0055028,-0.021975,-0.005232,0.01999,-0.031443,-0.004476,0.42971
0.0048416,-0.022304,-0.0075125,0.093253,-0.095985,-0.02332,0.41549
0.0052429,-0.022059,-0.0077357,0.078824,-0.1247,-0.05126,0.40735
0.0052445,-0.022059,-0.0077014,0.095089,-0.14987,-0.053416,0.40865
0.0052781,-0.022039,-0.0077128,0.093577,-0.16386,-0.057544,0.40886
0.006005,-0.021606,-0.0077567,0.040177,-0.15708,-0.0086308,0.41726
0.006057,-0.021576,-0.0077295,0.049764,-0.18481,-0.019254,0.41654
0.005868,-0.021698,-0.0074061,0.15313,-0.31837,-0.055091,0.41765
0.0062089,-0.021492,-0.0075066,0.074936,-0.18981,-0.042599,0.42219
0.0062679,-0.021457,-0.0075058,0.049891,-0.13106,-0.034915,0.42524
0.0062116,-0.021492,-0.0074507,0.087588,-0.20734,-0.048176,0.42256
0.0062603,-0.021462,-0.0075059,0.057428,-0.14593,-0.039271,0.42668
0.0062571,-0.021463,-0.0075209,0.046375,-0.1307,-0.034971,0.42638
0.0062585,-0.021463,-0.007494,0.068481,-0.16117,-0.04357,0.42698
0.004831,-0.022325,-0.007001,0.091635,-0.11368,-0.05198,0.41894
0.004483,-0.022538,-0.0067494,0.025579,-0.01825,-0.016983,0.42384
0.0044862,-0.022536,-0.0067728,0.028596,-0.018438,-0.016953,0.42355
0.004486,-0.022536,-0.0067493,0.039117,-0.034852,-0.030245,0.42386
0.0062673,-0.021486,-0.0064942,0.10142,-0.19306,-0.034545,0.42925
0.0062722,-0.021483,-0.0064942,0.07932,-0.16118,-0.024957,0.42979
0.0062673,-0.021486,-0.0064908,0.091045,-0.17984,-0.028722,0.42911
0.0062559,-0.021493,-0.0064942,0.12635,-0.24248,-0.048528,0.42624
0.0062673,-0.021486,-0.0064959,0.11179,-0.20628,-0.040367,0.4294
0.0062721,-0.021483,-0.0064894,0.068506,-0.14858,-0.018469,0.42966
0.0062654,-0.021487,-0.0064914,0.11358,-0.21109,-0.038976,0.42856
0.0062651,-0.021487,-0.0064967,0.13345,-0.23879,-0.049289,0.42887
0.0062722,-0.021483,-0.0064982,0.090133,-0.17378,-0.031446,0.42993
0.0052445,-0.0221,-0.0062416,0.11872,-0.21584,-0.062221,0.42038
0.0052734,-0.022082,-0.006271,0.12759,-0.22845,-0.068872,0.41833
0.0060066,-0.021648,-0.00624,0.1195,-0.21818,-0.052233,0.42051
0.0060656,-0.021613,-0.0062385,0.10414,-0.20842,-0.040024,0.42093
0.0060741,-0.02161,-0.0061706,0.079226,-0.1735,-0.026657,0.42033
0.0060711,-0.021608,-0.0062884,0.12906,-0.24335,-0.05339,0.42153
0.0052655,-0.022102,-0.0057493,0.08926,-0.16594,-0.062326,0.42908
0.0052422,-0.022116,-0.0057486,0.086559,-0.16125,-0.061975,0.42925
0.0052709,-0.022098,-0.0057832,0.096782,-0.17926,-0.069704,0.42809
0.0052688,-0.022101,-0.0057138,0.081738,-0.15261,-0.054948,0.43007
0.0052465,-0.022128,-0.0052292,0.017796,-0.026636,-0.0040958,0.43222
0.0048334,-0.022316,-0.0072536,0.096651,-0.11562,-0.039244,0.41736
0.0062201,-0.021493,-0.0072544,0.11559,-0.2481,-0.057476,0.42417
0.0062224,-0.021493,-0.0072106,0.1275,-0.26846,-0.060296,0.42414
0.0062664,-0.021465,-0.0072543,0.090043,-0.19706,-0.047814,0.42744
0.0062601,-0.021469,-0.0072542,0.10304,-0.21505,-0.052177,0.42804
0.006259,-0.021469,-0.0072638,0.093423,-0.19918,-0.051186,0.4278
0.0062591,-0.02147,-0.007245,0.11267,-0.23092,-0.053169,0.42828
0.0051113,-0.022133,-0.0078801,0.0071322,-0.01018,-0.013207,0.4062
0.0058752,-0.02168,-0.0078635,0.0072025,-0.051269,-0.0044757,0.41221
0.004863,-0.022337,-0.0058677,0.0086116,-0.023546,-0.028392,0.42624
0.0051172,-0.022186,-0.0058713,0.071771,-0.14308,-0.079957,0.42774
0.0050799,-0.022208,-0.0058955,0.068692,-0.14349,-0.081213,0.42726
0.0053738,-0.022034,-0.005874,0.10706,-0.1987,-0.069881,0.42626
0.0051129,-0.022204,-0.0053485,0.020163,-0.02748,-0.0078841,0.4326
0.0053085,-0.022013,-0.0080021,0.0038165,-0.0041842,-0.0030102,0.40731
0.0055011,-0.021902,-0.0078783,0.0099876,-0.023473,-0.015292,0.40265
0.0054235,-0.021947,-0.0079073,0.014319,-0.02426,-0.019308,0.40411
0.0049894,-0.022223,-0.0072545,0.11028,-0.17355,-0.029439,0.41739
0.0050567,-0.022185,-0.0071871,0.11659,-0.18201,-0.038424,0.41652
0.0052429,-0.02208,-0.0070009,0.11891,-0.19867,-0.041108,0.41643
0.0051863,-0.022115,-0.0069446,0.10882,-0.18187,-0.043081,0.41818
0.0052655,-0.022068,-0.0069686,0.12473,-0.22248,-0.043421,0.41581
0.005189,-0.02211,-0.0070547,0.11659,-0.18201,-0.038424,0.41652
0.0052684,-0.022064,-0.0070372,0.12962,-0.21947,-0.03974,0.4146
0.0053856,-0.022002,-0.0067476,0.12981,-0.24611,-0.044241,0.4192
0.005499,-0.021935,-0.006748,0.15321,-0.30919,-0.056369,0.42142
0.0055421,-0.021908,-0.0067908,0.16337,-0.3359,-0.062496,0.42046
0.0055537,-0.021904,-0.006694,0.16664,-0.33727,-0.072868,0.4216
0.0054686,-0.021954,-0.0067209,0.13856,-0.27191,-0.043903,0.42249
0.0060145,-0.021622,-0.0070034,0.17534,-0.35514,-0.075425,0.42006
0.0059111,-0.02168,-0.007131,0.17477,-0.35208,-0.069391,0.41903
0.0059161,-0.021684,-0.0068767,0.18404,-0.36832,-0.082773,0.41995
0.0057555,-0.02179,-0.0064948,0.17448,-0.33716,-0.080376,0.42107
0.0056895,-0.021832,-0.0063916,0.17032,-0.31757,-0.079027,0.42238
0.0056795,-0.021833,-0.0065702,0.16664,-0.33727,-0.072868,0.4216
0.0049898,-0.022259,-0.0059819,0.041908,-0.097762,-0.083894,0.42359
0.004993,-0.022257,-0.0059822,0.062751,-0.13316,-0.085474,0.42534
0.0049905,-0.022257,-0.0060457,0.065027,-0.14114,-0.082709,0.42452
0.0051204,-0.022181,-0.0059898,0.084893,-0.16912,-0.078791,0.42557
0.0051779,-0.022149,-0.0059241,0.091616,-0.17455,-0.077655,0.42636
0.0051751,-0.022147,-0.0060452,0.099504,-0.19254,-0.075739,0.4238
0.0053743,-0.02203,-0.0059966,0.11747,-0.2176,-0.07119,0.42372
0.0053839,-0.022024,-0.0060053,0.12823,-0.2358,-0.068858,0.42206
0.0053824,-0.022026,-0.0059889,0.11858,-0.22051,-0.070198,0.42409
0.0053598,-0.022039,-0.0059825,0.10751,-0.19954,-0.071711,0.4252
0.0053571,-0.02204,-0.006011,0.11887,-0.22058,-0.07382,0.42304
0.0054237,-0.022004,-0.0058751,0.11443,-0.22192,-0.065326,0.42613
0.0055017,-0.021958,-0.0058772,0.12311,-0.26144,-0.067728,0.42467
0.0055572,-0.021924,-0.0059178,0.13538,-0.27594,-0.077,0.42318
0.0055548,-0.021927,-0.0058411,0.10928,-0.2615,-0.062075,0.42501
0.0059983,-0.02166,-0.0059965,0.01685,-0.04509,-0.00066861,0.41643
0.0049862,-0.022275,-0.0054867,0.017636,-0.027645,-0.018529,0.43263
0.0049856,-0.022275,-0.0054867,0.0091994,-0.011155,-0.010303,0.4329
0.0049857,-0.022276,-0.0054659,0.012722,-0.017218,-0.011015,0.43288
0.0053691,-0.022048,-0.0054869,0.063808,-0.11572,-0.02583,0.43085
0.0053808,-0.02204,-0.0054987,0.078562,-0.15093,-0.035199,0.42995
0.0053824,-0.02204,-0.0054705,0.063174,-0.10726,-0.017441,0.43035
0.005342,-0.022065,-0.0054583,0.051288,-0.088555,-0.017499,0.43159
0.0053484,-0.022059,-0.0055061,0.06638,-0.12517,-0.03596,0.43127
0.0056336,-0.02189,-0.0054921,0.063983,-0.1672,-0.024025,0.42636
0.0055983,-0.021913,-0.0054331,0.051131,-0.14301,-0.017233,0.42827
0.0056027,-0.021907,-0.0055394,0.066987,-0.1986,-0.026077,0.42757
0.0055025,-0.021972,-0.0053572,0.048578,-0.12666,-0.014618,0.42925
0.0054484,-0.022004,-0.0053558,0.051278,-0.11036,-0.013353,0.43013
0.0055355,-0.021952,-0.0053781,0.051131,-0.14301,-0.017233,0.42827
0.0054898,-0.021979,-0.0053647,0.050364,-0.14945,-0.016003,0.43036
0.0047489,-0.022352,-0.0077448,0.022877,-0.016364,-0.00078877,0.41688
0.0051739,-0.022102,-0.0076934,0.096097,-0.14054,-0.050664,0.40851
0.0057485,-0.021759,-0.0077587,0.043474,-0.17104,-0.026503,0.40856
0.0057547,-0.021755,-0.0077583,0.057533,-0.19281,-0.024001,0.41188
0.0057497,-0.021758,-0.0077576,0.07222,-0.23506,-0.043007,0.40891
0.006191,-0.021496,-0.0077641,0.020796,-0.10128,-0.0092088,0.42173
0.0061389,-0.021527,-0.0077612,0.026556,-0.12326,-0.0086527,0.41829
0.0061226,-0.021537,-0.0077455,0.049764,-0.18481,-0.019254,0.41654
0.0063462,-0.021405,-0.0077202,0.0031785,-0.014924,-7.7008e-05,0.42379
0.006269,-0.021453,-0.0076343,0.030036,-0.096684,-0.020041,0.42464
0.0062568,-0.021461,-0.0076228,0.046375,-0.1307,-0.034971,0.42638
0.004671,-0.022424,-0.0068278,0.071234,-0.084017,-0.052839,0.42203
0.0046108,-0.022462,-0.0067478,0.06244,-0.071567,-0.04772,0.42255
0.0046571,-0.022433,-0.0068125,0.071234,-0.084017,-0.052839,0.42203
0.00466,-0.022435,-0.0066794,0.065683,-0.0841,-0.053237,0.42255
0.0048612,-0.022314,-0.0067465,0.088876,-0.13064,-0.061565,0.41973
0.0046708,-0.022429,-0.0066674,0.065683,-0.0841,-0.053237,0.42255
0.0047418,-0.022402,-0.0061123,0.019254,-0.021437,-0.014244,0.42306
0.006394,-0.021418,-0.0062366,0.009255,-0.051157,0.0018654,0.42783
0.0062663,-0.021496,-0.0061562,0.01342,-0.066999,-0.00036009,0.42482
0.0062656,-0.021498,-0.0061052,0.014526,-0.070666,-0.0022836,0.42253
0.0062677,-0.021497,-0.0061051,0.0047172,-0.033236,0.00012989,0.42408
0.0057582,-0.02181,-0.0057397,0.024431,-0.09186,-0.023932,0.42345
0.0057926,-0.02179,-0.0057205,0.014386,-0.05239,-0.013506,0.42293
0.0051949,-0.02216,-0.0051842,0.0046245,-0.004939,-0.00036316,0.43168
0.0052352,-0.02206,-0.0078748,0.0102,-0.019593,-0.014911,0.40512
0.0049954,-0.022206,-0.0077605,0.0398,-0.032812,-0.015503,0.40864
0.0049189,-0.02225,-0.0077851,0.041374,-0.032616,-0.013886,0.40996
0.0053535,-0.021994,-0.0077398,0.076795,-0.14136,-0.051661,0.40716
0.0053742,-0.021981,-0.0077424,0.058738,-0.12432,-0.048209,0.40502
0.0060028,-0.021605,-0.0078657,0.0060396,-0.0451,0.00070489,0.41851
0.0059482,-0.021641,-0.0077227,0.057692,-0.19319,-0.01355,0.416
0.0046059,-0.022444,-0.0075188,0.048122,-0.042561,-0.0084321,0.41769
0.0047371,-0.022366,-0.0075121,0.091356,-0.093865,-0.021606,0.41658
0.0047693,-0.022346,-0.0075568,0.08973,-0.08697,-0.019774,0.41502
0.0047647,-0.022351,-0.0074743,0.098539,-0.10951,-0.028639,0.4162
0.0048628,-0.022306,-0.0070006,0.095453,-0.12622,-0.052959,0.41833
0.0044768,-0.022546,-0.0066076,0.02223,-0.019289,-0.017136,0.42415
0.0044865,-0.02254,-0.0066065,0.033157,-0.034986,-0.028992,0.42418
0.0046155,-0.022467,-0.0064889,0.04489,-0.052202,-0.03853,0.42347
0.0052458,-0.02211,-0.0058732,0.097946,-0.18325,-0.07246,0.42669
0.0051918,-0.022141,-0.0059118,0.091616,-0.17455,-0.077655,0.42636
0.0052762,-0.022091,-0.005901,0.10751,-0.19954,-0.071711,0.4252
0.0052721,-0.022095,-0.0058393,0.096782,-0.17926,-0.069704,0.42809
0.0049866,-0.022267,-0.0057461,0.033953,-0.068616,-0.06211,0.43017
0.0049842,-0.022269,-0.0057461,0.020277,-0.035442,-0.046053,0.43023
0.0049867,-0.022266,-0.0057889,0.023494,-0.044164,-0.055501,0.42922
0.0057546,-0.021804,-0.0060043,0.13086,-0.2268,-0.082484,0.41662
0.0057302,-0.021818,-0.0060281,0.15801,-0.28506,-0.095992,0.41897
0.0053721,-0.022038,-0.0057494,0.09499,-0.17766,-0.060956,0.42853
0.0053811,-0.022033,-0.0057581,0.11052,-0.2052,-0.068,0.42673
0.0053514,-0.02205,-0.0057658,0.096782,-0.17926,-0.069704,0.42809
0.0053807,-0.022034,-0.0057401,0.095331,-0.18192,-0.053176,0.42872
0.0053504,-0.022052,-0.0057322,0.081738,-0.15261,-0.054948,0.43007
0.0061173,-0.021589,-0.0060171,0.0036284,-0.022284,-0.00091105,0.42043
0.0051715,-0.022163,-0.0055507,0.050745,-0.095588,-0.035325,0.43215
0.0052417,-0.022127,-0.0053525,0.041763,-0.074058,-0.014014,0.43185
0.0052755,-0.022106,-0.0053902,0.051288,-0.088555,-0.017499,0.43159
0.0049937,-0.022276,-0.0052938,0.0030309,-0.0039092,-0.001465,0.43283
0.0057923,-0.021795,-0.0055396,0.012966,-0.036644,-0.003585,0.42506
0.0057594,-0.021816,-0.0054977,0.017186,-0.05024,-0.0048082,0.42533
0.0057777,-0.021804,-0.0055266,0.012966,-0.036644,-0.003585,0.42506
0.0053745,-0.022052,-0.0052288,0.019088,-0.023811,-0.0024606,0.43079
0.0056337,-0.021898,-0.0052286,0.016649,-0.020683,-0.0045222,0.4274
0.0057463,-0.021757,-0.0078501,0.0033499,-0.026199,-0.0050804,0.40648
0.0057579,-0.02175,-0.0078511,0.0066051,-0.039738,-0.0054821,0.41036
0.0057519,-0.021754,-0.0078505,0.0047424,-0.034594,-0.0066763,0.40688
0.0057488,-0.021756,-0.0078496,0.0033499,-0.026199,-0.0050804,0.40648
0.0056247,-0.021832,-0.0077593,0.03481,-0.1339,-0.024411,0.407
0.0061334,-0.021527,-0.0078585,0.0047119,-0.03044,0.00013618,0.41874
0.006184,-0.021497,-0.0078559,0.0038805,-0.020968,-0.00012238,0.4215
0.0045132,-0.022506,-0.0072507,0.03646,-0.032659,-0.016037,0.41955
0.0060141,-0.021615,-0.0072551,0.15655,-0.32637,-0.061993,0.41892
0.0059119,-0.021673,-0.0073624,0.15313,-0.31837,-0.055091,0.41765
0.0059113,-0.021679,-0.0071414,0.17477,-0.35208,-0.069391,0.41903
0.0062352,-0.021491,-0.0070048,0.14629,-0.29174,-0.063498,0.42555
0.0062691,-0.021471,-0.0070001,0.12326,-0.2351,-0.047574,0.42932
0.0062692,-0.021471,-0.0070053,0.12361,-0.23936,-0.049721,0.42878
0.0062646,-0.021473,-0.0070051,0.13982,-0.26641,-0.056869,0.42871
0.0062637,-0.021474,-0.007012,0.13404,-0.25973,-0.056516,0.42871
0.0062634,-0.021474,-0.0069994,0.1456,-0.2731,-0.057221,0.42872
0.0062836,-0.021462,-0.0069949,0.10091,-0.19711,-0.037926,0.42993
0.0052422,-0.022087,-0.0067681,0.11678,-0.20218,-0.043251,0.41699
0.0052419,-0.022088,-0.0067469,0.11973,-0.2079,-0.042287,0.41758
0.0052607,-0.022077,-0.0067471,0.12377,-0.22536,-0.045302,0.41661
0.0051828,-0.022122,-0.0067908,0.10882,-0.18187,-0.043081,0.41818
0.0052666,-0.022072,-0.0067712,0.12473,-0.22248,-0.043421,0.41581
0.0052648,-0.022075,-0.0067181,0.12281,-0.22824,-0.047183,0.41742
0.0057551,-0.021786,-0.0066409,0.17738,-0.34689,-0.082647,0.42083
0.0058944,-0.021705,-0.0065884,0.18455,-0.3533,-0.089167,0.42032
0.0057547,-0.021797,-0.0062459,0.17371,-0.29646,-0.086144,0.41929
0.0057551,-0.0218,-0.0061465,0.17089,-0.28893,-0.089274,0.41896
0.00569,-0.021834,-0.0063098,0.17032,-0.31757,-0.079027,0.42238
0.0058746,-0.021734,-0.0059742,0.026308,-0.039143,-0.013857,0.41418
0.0058382,-0.021755,-0.0059956,0.051026,-0.074582,-0.020477,0.41288
0.0058806,-0.02173,-0.0059813,0.051928,-0.081349,-0.023385,0.41497
0.0058454,-0.021752,-0.0059534,0.035078,-0.048811,-0.013642,0.41166
0.0058734,-0.021734,-0.0059779,0.026308,-0.039143,-0.013857,0.41418
0.0051777,-0.022149,-0.005914,0.091616,-0.17455,-0.077655,0.42636
0.0053536,-0.022046,-0.0058741,0.10322,-0.19143,-0.070908,0.42636
0.00538,-0.02203,-0.0058741,0.11455,-0.21285,-0.069099,0.42541
0.0053739,-0.022034,-0.0058809,0.11304,-0.21002,-0.070954,0.42464
0.0053825,-0.022029,-0.0058825,0.11858,-0.22051,-0.070198,0.42409
0.0053589,-0.022042,-0.0058864,0.10751,-0.19954,-0.071711,0.4252
0.0053822,-0.022029,-0.0058658,0.11052,-0.2052,-0.068,0.42673
0.005353,-0.022047,-0.005858,0.096782,-0.17926,-0.069704,0.42809
0.0057504,-0.02181,-0.0058793,0.050333,-0.1215,-0.054981,0.41867
0.0057833,-0.021791,-0.0058794,0.018762,-0.063995,-0.029654,0.42164
0.0057722,-0.021798,-0.0058573,0.018762,-0.063995,-0.029654,0.42164
0.0053705,-0.02205,-0.0053668,0.057231,-0.097908,-0.01747,0.43097
0.0053716,-0.02205,-0.0053555,0.050801,-0.085231,-0.014157,0.43091
0.0053853,-0.022041,-0.0053669,0.063174,-0.10726,-0.017441,0.43035
0.0053409,-0.022067,-0.0053776,0.051288,-0.088555,-0.017499,0.43159
0.0056348,-0.021893,-0.0053598,0.050531,-0.10245,-0.015871,0.42653
0.0055995,-0.021913,-0.005394,0.051131,-0.14301,-0.017233,0.42827
0.005757,-0.02182,-0.0053811,0.010032,-0.023388,-0.0039967,0.42671
0.0056786,-0.02187,-0.0052546,0.0066232,-0.014503,-0.0024866,0.42837
0.0048649,-0.022283,-0.0077754,0.039977,-0.02949,-0.0093162,0.41276
0.0050391,-0.022177,-0.0078364,0.0061064,-0.0047635,-0.0076715,0.40392
0.0046067,-0.02244,-0.00763,0.020999,-0.016215,-0.0011643,0.41778
0.0046116,-0.022436,-0.0076746,0.01313,-0.0097878,-0.00029561,0.41786
0.0045851,-0.022452,-0.0076429,0.0085628,-0.0062431,0.00046085,0.41893
0.0047399,-0.022361,-0.0076407,0.067345,-0.05974,-0.009281,0.41657
0.0047704,-0.022343,-0.0076105,0.08973,-0.08697,-0.019774,0.41502
0.0051171,-0.022134,-0.0077443,0.070733,-0.088633,-0.044619,0.40743
0.0051724,-0.022102,-0.0076938,0.096097,-0.14054,-0.050664,0.40851
0.0053677,-0.021979,-0.0079453,0.012787,-0.01685,-0.015898,0.40713
0.0053701,-0.021982,-0.0078191,0.018039,-0.027852,-0.025607,0.40272
0.0053669,-0.021981,-0.0078976,0.019367,-0.026697,-0.02429,0.40651
0.0058758,-0.021683,-0.0077535,0.046465,-0.16685,-0.012693,0.41434
0.0058769,-0.021683,-0.0077191,0.062138,-0.19645,-0.013107,0.41587
0.0057575,-0.021755,-0.0076997,0.069372,-0.22049,-0.030929,0.41166
0.0058434,-0.021703,-0.0077347,0.065102,-0.19863,-0.012811,0.41579
0.0059281,-0.021653,-0.0077253,0.057692,-0.19319,-0.01355,0.416
0.0063656,-0.021396,-0.0076282,0.0078196,-0.028238,-0.0027392,0.42287
0.0063625,-0.021397,-0.0076418,0.0069563,-0.025481,-0.0019315,0.42278
0.0043707,-0.022608,-0.0066221,0.0066484,-0.003773,-0.0040485,0.42459
0.0048619,-0.02231,-0.0068741,0.09213,-0.12706,-0.057413,0.4191
0.0048616,-0.022313,-0.0067727,0.091888,-0.13246,-0.060127,0.41918
0.0048625,-0.022306,-0.0069771,0.092764,-0.12426,-0.055344,0.41888
0.0046136,-0.022465,-0.0066124,0.054413,-0.064115,-0.044033,0.42306
0.0046609,-0.022435,-0.0066646,0.065683,-0.0841,-0.053237,0.42255
0.0048614,-0.022317,-0.0066182,0.083666,-0.12792,-0.063968,0.42063
0.0048612,-0.022315,-0.0067194,0.087294,-0.13394,-0.063231,0.41992
0.0048541,-0.02234,-0.0059747,0.024334,-0.060633,-0.048304,0.42417
0.0051184,-0.022184,-0.0059181,0.083975,-0.1642,-0.078841,0.42666
0.0050787,-0.022205,-0.0060225,0.079763,-0.16588,-0.080556,0.42485
0.0050838,-0.022204,-0.0059549,0.068692,-0.14349,-0.081213,0.42726
0.0048947,-0.022322,-0.0057454,0.0072091,-0.0099316,-0.022258,0.43021
0.0049887,-0.022263,-0.0058631,0.041474,-0.089604,-0.073999,0.42713
0.0049877,-0.022263,-0.005863,0.021324,-0.048937,-0.063112,0.42571
0.0049041,-0.022324,-0.0054918,0.002111,-0.0014914,-0.002542,0.43344
0.0051134,-0.022192,-0.0057475,0.051462,-0.096146,-0.065591,0.43053
0.0051107,-0.022201,-0.0054845,0.034987,-0.059626,-0.024195,0.43246
0.0051657,-0.022167,-0.0055488,0.050745,-0.095588,-0.035325,0.43215
0.0053694,-0.022044,-0.0056016,0.071253,-0.13547,-0.035656,0.43074
0.0057567,-0.021814,-0.0056238,0.02006,-0.078299,-0.010846,0.42508
0.0057937,-0.021792,-0.005625,0.012712,-0.043535,-0.0053717,0.42454
0.0049875,-0.022278,-0.0053542,0.0082411,-0.010391,-0.0042339,0.43288
0.0049857,-0.022279,-0.0053543,0.0030804,-0.0023874,-0.0015965,0.43312
0.0049874,-0.022278,-0.0053417,0.0036614,-0.0045419,-0.00186,0.43295
0.0049841,-0.02228,-0.0053563,0.0025465,-0.0019165,-0.0014852,0.43326
0.0049843,-0.02228,-0.0053531,0.0010159,-0.00093577,-0.00054104,0.43307
0.0050599,-0.022238,-0.005243,0.0046439,-0.0054463,-0.0011887,0.43257
0.0051205,-0.022202,-0.0052366,0.0068461,-0.0076511,-0.001389,0.43248
0.0051219,-0.022202,-0.0052176,0.0031483,-0.0033901,-0.00048275,0.43238
0.0059322,-0.021664,-0.0072554,0.1655,-0.33763,-0.063263,0.41844
0.0058688,-0.021698,-0.0073772,0.15313,-0.31837,-0.055091,0.41765
0.0059039,-0.021684,-0.0071387,0.17477,-0.35208,-0.069391,0.41903
0.0062699,-0.021477,-0.0067497,0.12489,-0.23013,-0.047252,0.42952
0.0062479,-0.02149,-0.0067497,0.14845,-0.28437,-0.062256,0.42638
0.0062795,-0.021472,-0.0067497,0.104,-0.19513,-0.038038,0.43011
0.0062699,-0.021478,-0.0067433,0.12643,-0.23063,-0.047597,0.42942
0.0062699,-0.021477,-0.006753,0.12752,-0.2364,-0.048669,0.42951
0.0062658,-0.02148,-0.0067546,0.14847,-0.27257,-0.058283,0.42893
0.0062796,-0.021471,-0.0067574,0.10657,-0.20023,-0.039055,0.43009
0.0062657,-0.02148,-0.006745,0.1431,-0.25771,-0.054647,0.42895
0.0062792,-0.021472,-0.0067423,0.10143,-0.19002,-0.037022,0.43012
0.0049222,-0.022252,-0.0076418,0.10463,-0.1237,-0.027027,0.41432
0.004868,-0.022285,-0.0076442,0.093432,-0.090553,-0.02335,0.41387
0.0049228,-0.022252,-0.0076433,0.097455,-0.10856,-0.023988,0.414
0.0048788,-0.022278,-0.0076361,0.11022,-0.1147,-0.033499,0.41316
0.0048456,-0.022298,-0.0076276,0.08973,-0.08697,-0.019774,0.41502
0.0051216,-0.022134,-0.0076285,0.10646,-0.15776,-0.042267,0.41085
0.0050764,-0.022162,-0.0076045,0.11018,-0.16103,-0.031744,0.41306
0.0051724,-0.022102,-0.007692,0.096097,-0.14054,-0.050664,0.40851
0.0056249,-0.021835,-0.0076324,0.099186,-0.25182,-0.039301,0.41123
0.0055668,-0.021871,-0.0075951,0.1115,-0.26142,-0.045037,0.41183
0.0056566,-0.021817,-0.0076135,0.1123,-0.27766,-0.045075,0.41164
0.0057637,-0.021753,-0.007633,0.092036,-0.24612,-0.031007,0.41397
0.0058788,-0.021685,-0.0076325,0.075147,-0.21477,-0.015394,0.4167
0.0058467,-0.021703,-0.0076626,0.065102,-0.19863,-0.012811,0.41579
0.0059276,-0.021654,-0.0076997,0.057692,-0.19319,-0.01355,0.416
0.0058511,-0.021702,-0.0076107,0.1071,-0.25826,-0.019747,0.41824
0.0049471,-0.022259,-0.0068738,0.097528,-0.14329,-0.050345,0.41901
0.004837,-0.022325,-0.0068524,0.087666,-0.11705,-0.059322,0.42027
0.0048778,-0.0223,-0.006892,0.097207,-0.13975,-0.055532,0.418
0.0048288,-0.022329,-0.0069021,0.089801,-0.11394,-0.055218,0.41946
0.0048771,-0.022301,-0.006855,0.094702,-0.14273,-0.060664,0.41845
0.004958,-0.02226,-0.006619,0.09001,-0.14611,-0.060071,0.42018
0.0048352,-0.022332,-0.0066417,0.082934,-0.11865,-0.062671,0.42103
0.0048774,-0.022308,-0.0066002,0.087501,-0.14628,-0.068309,0.41968
0.0048776,-0.022307,-0.0066349,0.090202,-0.14413,-0.063603,0.41918
0.0048265,-0.022339,-0.0065807,0.07773,-0.11722,-0.063047,0.42168
0.0049677,-0.022261,-0.0063655,0.081028,-0.14747,-0.069039,0.4211
0.0048637,-0.022323,-0.0063644,0.077152,-0.13503,-0.070825,0.42097
0.0048788,-0.022313,-0.0063846,0.08355,-0.14639,-0.07146,0.41998
0.0048814,-0.022313,-0.0063403,0.078111,-0.14116,-0.071521,0.42042
0.0048619,-0.022331,-0.0061091,0.046488,-0.096803,-0.062467,0.42343
0.005119,-0.022178,-0.0061137,0.0897,-0.17916,-0.076204,0.42372
0.0050768,-0.022205,-0.0060711,0.079763,-0.16588,-0.080556,0.42485
0.0050804,-0.022201,-0.0061438,0.088634,-0.1769,-0.07519,0.4229
0.0048971,-0.022324,-0.0056216,0.0044736,-0.0031846,-0.0080574,0.43281
0.0051111,-0.022197,-0.0056209,0.042228,-0.076056,-0.04122,0.43202
0.005166,-0.022166,-0.0055568,0.050745,-0.095588,-0.035325,0.43215
0.0053699,-0.022043,-0.0056195,0.080503,-0.15266,-0.044821,0.43
0.0055628,-0.021866,-0.0078472,0.019208,-0.058782,-0.02982,0.40322
0.0055632,-0.021867,-0.0078093,0.031648,-0.10533,-0.037303,0.40501
0.0055631,-0.021867,-0.0078329,0.027888,-0.084117,-0.03761,0.40374
0.0055807,-0.021856,-0.0078361,0.023671,-0.089669,-0.029877,0.40487
0.0056762,-0.021799,-0.0078437,0.0085381,-0.056712,-0.010652,0.40645
0.0060708,-0.021566,-0.0078174,0.012669,-0.073539,-0.00032397,0.41879
0.0064468,-0.02136,-0.0071821,0.0097524,-0.029873,-0.0062243,0.43075
0.0058768,-0.021729,-0.0061195,0.1472,-0.2422,-0.08092,0.42022
0.0058307,-0.021756,-0.0061221,0.14649,-0.23507,-0.077654,0.41773
0.0058763,-0.021729,-0.0061196,0.1253,-0.20795,-0.064348,0.41864
0.0058967,-0.021716,-0.0061308,0.12615,-0.21287,-0.059914,0.41974
0.0058664,-0.021734,-0.0061267,0.16124,-0.26176,-0.094924,0.42054
0.0055691,-0.021934,-0.0052947,0.035672,-0.059638,-0.0086173,0.42824
0.0057025,-0.021855,-0.0052965,0.0086371,-0.021304,-0.0034185,0.42785
0.0056756,-0.021871,-0.005295,0.01679,-0.026884,-0.0056077,0.42733
0.0057077,-0.021852,-0.0053073,0.0066382,-0.015105,-0.0028039,0.42714
0.0056988,-0.021857,-0.005293,0.0066232,-0.014503,-0.0024866,0.42837
0.0049636,-0.022224,-0.0077929,0.0075217,-0.0055328,-0.0038456,0.40843
0.004662,-0.022405,-0.0077153,0.025754,-0.019686,5.4653e-05,0.41731
0.0046607,-0.022406,-0.0077153,0.014216,-0.010347,2.7909e-05,0.4172
0.0046611,-0.022405,-0.0077155,0.0074981,-0.0047138,0.00042538,0.41762
0.0046604,-0.022406,-0.0077147,0.016174,-0.012151,-0.00079992,0.41715
0.0045522,-0.022474,-0.0075703,0.02187,-0.01701,-0.0018518,0.41866
0.0051558,-0.022105,-0.0079349,0.0040609,-0.0057095,-0.0063916,0.40717
0.0051644,-0.0221,-0.0079358,0.0057719,-0.0068712,-0.0073041,0.40663
0.0051612,-0.022102,-0.0079585,0.0023743,-0.001943,-0.0025546,0.407
0.0051613,-0.022102,-0.0079358,0.0067054,-0.0079748,-0.0092401,0.40731
0.0050583,-0.022165,-0.0078649,0.0058604,-0.0072083,-0.010713,0.4047
0.0050551,-0.022169,-0.0078081,0.016136,-0.015349,-0.015939,0.40479
0.0050411,-0.022176,-0.0078351,0.0061064,-0.0047635,-0.0076715,0.40392
0.0051734,-0.022099,-0.0078035,0.025418,-0.039711,-0.027827,0.40377
0.005166,-0.022102,-0.0078284,0.015495,-0.020845,-0.021645,0.40454
0.0051611,-0.022106,-0.007807,0.031881,-0.041047,-0.030735,0.40482
0.0051685,-0.022101,-0.007809,0.0092086,-0.012382,-0.013557,0.40187
0.005437,-0.021942,-0.0078172,0.024376,-0.059692,-0.033391,0.40287
0.0058121,-0.021719,-0.0078119,0.015025,-0.075765,-0.0066306,0.41211
0.005964,-0.021629,-0.0078171,0.017744,-0.098265,-0.0037068,0.41565
0.0059388,-0.021644,-0.0078173,0.013785,-0.083642,-0.0071727,0.41271
0.0062098,-0.021483,-0.0078383,0.0052082,-0.029509,-0.0012879,0.42443
0.0063518,-0.021402,-0.0076934,0.0060119,-0.022842,-0.0014679,0.42303
0.0063356,-0.021412,-0.0076918,0.0082823,-0.033979,-0.0030451,0.42369
0.0063483,-0.021405,-0.0076715,0.0069563,-0.025481,-0.0019315,0.42278
0.0063297,-0.021419,-0.0075691,0.026881,-0.080649,-0.017237,0.4235
0.0044226,-0.022579,-0.0065648,0.012544,-0.0075433,-0.0077857,0.42408
0.0044254,-0.022574,-0.0066817,0.01657,-0.0079609,-0.0076503,0.42383
0.0049244,-0.0223,-0.0059147,0.018398,-0.050036,-0.051787,0.42476
0.0048046,-0.02237,-0.0059482,0.013036,-0.033841,-0.027754,0.42446
0.0048184,-0.022362,-0.0059298,0.01007,-0.029169,-0.027072,0.42517
0.0048839,-0.022327,-0.0058095,0.008268,-0.015468,-0.028338,0.42872
0.0049207,-0.022305,-0.0058055,0.010982,-0.022234,-0.037065,0.42793
0.0049006,-0.022317,-0.0057877,0.0074599,-0.01192,-0.02499,0.42959
0.0058153,-0.02177,-0.0059297,0.054916,-0.088315,-0.036568,0.41218
0.0057913,-0.021788,-0.0058216,0.018402,-0.06199,-0.026248,0.42145
0.005793,-0.021794,-0.0055635,0.012931,-0.038119,-0.0039238,0.42496
0.0057945,-0.021789,-0.0056881,0.012139,-0.046611,-0.0078181,0.42451
0.0049168,-0.022318,-0.005415,0.0024251,-0.0017258,-0.0018822,0.43338
0.0049167,-0.022317,-0.0054411,0.0016371,-0.0011152,-0.001673,0.43355
0.005052,-0.022241,-0.0052864,0.0074118,-0.0091848,-0.0026009,0.43269
0.0051801,-0.022165,-0.0052889,0.01759,-0.020376,-0.0036919,0.43228
0.0052282,-0.022137,-0.0052899,0.021532,-0.030804,-0.0048294,0.43211
0.0054402,-0.022014,-0.0051665,0.01266,-0.013462,-0.0014209,0.43013
0.0053107,-0.022091,-0.0051741,0.012634,-0.014252,-0.0014021,0.4314
0.0055601,-0.021942,-0.0052049,0.0059953,-0.0072666,-0.0012546,0.42845
0.0055871,-0.021926,-0.0052174,0.0047577,-0.0057257,-0.00094636,0.42813
0.0055011,-0.021902,-0.0078869,0.0047568,-0.0057539,-0.0062148,0.40249
0.004924,-0.022255,-0.0075114,0.10616,-0.1344,-0.028609,0.41508
0.0049777,-0.022223,-0.0075321,0.099029,-0.1327,-0.020555,0.41548
0.0050225,-0.022195,-0.0075481,0.11018,-0.16103,-0.031744,0.41306
0.0051194,-0.022139,-0.0075058,0.11348,-0.18429,-0.038124,0.41254
0.0051736,-0.022105,-0.0075733,0.11374,-0.18966,-0.04235,0.41157
0.0054992,-0.021921,-0.0072547,0.14033,-0.28332,-0.044394,0.4183
0.0054714,-0.021938,-0.0072354,0.13371,-0.263,-0.035528,0.42007
0.0055422,-0.021896,-0.0072224,0.15341,-0.31479,-0.054372,0.41926
0.0054998,-0.02191,-0.0076281,0.10132,-0.23661,-0.047269,0.41028
0.0054633,-0.021932,-0.0076054,0.10907,-0.24345,-0.040246,0.41221
0.0053729,-0.021989,-0.007503,0.11166,-0.2357,-0.036315,0.4133
0.0053829,-0.021982,-0.0075163,0.10907,-0.24345,-0.040246,0.41221
0.0053679,-0.021991,-0.0075096,0.10701,-0.22061,-0.03235,0.41311
0.0056258,-0.021839,-0.0075069,0.1165,-0.27259,-0.045538,0.41246
0.0055601,-0.021875,-0.0075891,0.1115,-0.26142,-0.045037,0.41183
0.0049419,-0.022259,-0.0070006,0.10106,-0.14423,-0.043771,0.41862
0.0049874,-0.022235,-0.0068737,0.10557,-0.16766,-0.038953,0.41912
0.0050574,-0.022194,-0.0068612,0.10882,-0.18187,-0.043081,0.41818
0.0057564,-0.021775,-0.0070027,0.16712,-0.33966,-0.066007,0.41969
0.0056873,-0.021818,-0.0069344,0.16337,-0.3359,-0.062496,0.42046
0.0056813,-0.021817,-0.0070934,0.15341,-0.31479,-0.054372,0.41926
0.0065284,-0.021316,-0.0070171,0.0077236,-0.017726,-0.003095,0.43132
0.0065357,-0.021313,-0.006982,0.0038932,-0.0096627,-0.002066,0.43112
0.0049874,-0.022242,-0.0066192,0.099826,-0.16288,-0.047388,0.42071
0.0049622,-0.022261,-0.0064921,0.085997,-0.14964,-0.063884,0.42093
0.004982,-0.022249,-0.0064862,0.084969,-0.15442,-0.059717,0.42222
0.0049895,-0.022248,-0.0063657,0.086445,-0.16249,-0.063622,0.42227
0.0065216,-0.021335,-0.006486,0.0070971,-0.01912,-0.0031568,0.43192
0.006527,-0.021332,-0.0065032,0.001837,-0.006867,-0.0011229,0.43229
0.0065284,-0.02133,-0.0065257,0.001837,-0.006867,-0.0011229,0.43229
0.0049904,-0.022255,-0.0061104,0.07488,-0.15703,-0.077926,0.42434
0.0056298,-0.021878,-0.0060051,0.15032,-0.28242,-0.085484,0.42109
0.0055975,-0.021899,-0.0059532,0.13538,-0.27594,-0.077,0.42318
0.0055849,-0.021904,-0.0060449,0.15382,-0.28525,-0.082097,0.42233
0.0054296,-0.022008,-0.0056196,0.082301,-0.1784,-0.039398,0.42947
0.005501,-0.021966,-0.0056204,0.07997,-0.2173,-0.036241,0.42759
0.0055477,-0.021939,-0.0055877,0.066987,-0.1986,-0.026077,0.42757
0.0055493,-0.021936,-0.0056557,0.086452,-0.23513,-0.041492,0.42643
0.0047315,-0.022363,-0.0077416,0.011413,-0.0076815,0.00029729,0.41776
0.0062462,-0.021462,-0.0077943,0.004173,-0.026164,-0.00078477,0.4247
0.0062045,-0.021488,-0.0077646,0.010539,-0.050781,-0.0045757,0.42449
0.0062113,-0.021484,-0.0077702,0.004173,-0.026164,-0.00078477,0.4247
0.0063345,-0.021412,-0.0077304,0.0046708,-0.024625,-0.0013392,0.42421
0.006271,-0.02145,-0.0076973,0.016486,-0.068292,-0.0096384,0.42433
0.0047715,-0.022366,-0.0067879,0.087666,-0.11705,-0.059322,0.42027
0.0047717,-0.022368,-0.0067053,0.082934,-0.11865,-0.062671,0.42103
0.0046711,-0.022424,-0.0068223,0.071234,-0.084017,-0.052839,0.42203
0.0046661,-0.022428,-0.0068151,0.071234,-0.084017,-0.052839,0.42203
0.004667,-0.022431,-0.0066773,0.065683,-0.0841,-0.053237,0.42255
0.0046709,-0.022429,-0.0066716,0.065683,-0.0841,-0.053237,0.42255
0.0045824,-0.022493,-0.0062423,0.016363,-0.015193,-0.016177,0.42481
0.0046193,-0.022472,-0.006239,0.022574,-0.022412,-0.019371,0.42405
0.0047408,-0.022401,-0.0061754,0.03266,-0.036839,-0.022555,0.42208
0.0062601,-0.021494,-0.0063654,0.099115,-0.20162,-0.031728,0.42619
0.0062669,-0.02149,-0.0063654,0.083622,-0.17197,-0.023669,0.42863
0.0062698,-0.021488,-0.0063676,0.068506,-0.14858,-0.018469,0.42966
0.0062657,-0.021491,-0.0063637,0.082089,-0.16957,-0.021516,0.42778
0.0062657,-0.021491,-0.0063666,0.11358,-0.21109,-0.038976,0.42856
0.0061367,-0.021571,-0.0062364,0.091842,-0.19959,-0.03263,0.42149
0.0060962,-0.021597,-0.006178,0.079226,-0.1735,-0.026657,0.42033
0.0061693,-0.021551,-0.0062556,0.090541,-0.20923,-0.026867,0.42197
0.0060919,-0.021596,-0.0062825,0.12906,-0.24335,-0.05339,0.42153
0.0063309,-0.021456,-0.0062355,0.024499,-0.087181,0.0004519,0.42726
0.0062664,-0.021496,-0.0061702,0.022066,-0.082603,-0.00042428,0.4262
0.0062658,-0.021496,-0.0061702,0.029162,-0.10647,-0.0050871,0.42392
0.0053084,-0.022013,-0.0080021,0.0022302,-0.0021197,-0.00049798,0.4074
0.0053084,-0.022013,-0.0080022,0.0016008,-0.00043358,0.0011985,0.40772
0.0052415,-0.022055,-0.0079365,0.0037742,-0.0064515,-0.0049465,0.40609
0.0055005,-0.021904,-0.0078233,0.031504,-0.086113,-0.040486,0.4039
0.0054382,-0.021943,-0.0077466,0.056952,-0.13775,-0.051253,0.40516
0.0055283,-0.02189,-0.0077516,0.050747,-0.14835,-0.039361,0.40629
0.0045436,-0.022478,-0.0076094,0.011488,-0.0082456,-0.00096581,0.41936
0.0045332,-0.022485,-0.0075724,0.016913,-0.011414,-0.0011536,0.41942
0.0045549,-0.022474,-0.0075082,0.032211,-0.02487,-0.0038717,0.41877
0.0045083,-0.022505,-0.0073782,0.034302,-0.031201,-0.009498,0.41908
0.004865,-0.02229,-0.0075125,0.10283,-0.11157,-0.029803,0.41477
0.0052464,-0.02206,-0.0076237,0.10602,-0.18149,-0.048473,0.41032
0.0051861,-0.022097,-0.0075835,0.11374,-0.18966,-0.04235,0.41157
0.0052731,-0.022045,-0.0076009,0.11378,-0.20939,-0.045959,0.41113
0.0052765,-0.022042,-0.0076581,0.093577,-0.16386,-0.057544,0.40886
0.0057751,-0.02175,-0.0075076,0.12969,-0.29276,-0.044242,0.416
0.0057881,-0.021743,-0.0074763,0.15313,-0.31837,-0.055091,0.41765
0.0057436,-0.021768,-0.0075198,0.1123,-0.27766,-0.045075,0.41164
0.0057572,-0.02176,-0.0075132,0.11712,-0.28884,-0.052463,0.41126
0.0060085,-0.021608,-0.007634,0.074281,-0.21397,-0.022865,0.41723
0.0060582,-0.021579,-0.0075967,0.091668,-0.23521,-0.034378,0.41819
0.0060592,-0.021576,-0.0076836,0.049764,-0.18481,-0.019254,0.41654
0.005881,-0.021687,-0.0075078,0.12287,-0.27784,-0.032871,0.41802
0.005883,-0.021689,-0.0074105,0.15313,-0.31837,-0.055091,0.41765
0.0061408,-0.021533,-0.0075074,0.096116,-0.24111,-0.043105,0.41824
0.0061157,-0.021547,-0.0075377,0.091668,-0.23521,-0.034378,0.41819
0.0061591,-0.021521,-0.0075258,0.078191,-0.21384,-0.039071,0.41726
0.0061611,-0.021521,-0.0074925,0.1067,-0.25352,-0.052782,0.41815
0.0060134,-0.021612,-0.0073812,0.14068,-0.30464,-0.05563,0.41879
0.0059125,-0.021672,-0.00739,0.15313,-0.31837,-0.055091,0.41765
0.004614,-0.022453,-0.0070043,0.064233,-0.053235,-0.038624,0.42086
0.0044825,-0.022536,-0.0068387,0.027594,-0.016831,-0.0166,0.42319
0.0044493,-0.022554,-0.0069053,0.018347,-0.0094177,-0.010363,0.42336
0.0044689,-0.022542,-0.0069063,0.037558,-0.023872,-0.02453,0.42319
0.0045164,-0.022508,-0.0071261,0.038367,-0.030945,-0.022171,0.42028
0.0047386,-0.022379,-0.0070022,0.087197,-0.1055,-0.049716,0.41957
0.0047688,-0.022363,-0.0069608,0.089801,-0.11394,-0.055218,0.41946
0.004769,-0.02236,-0.0070418,0.092857,-0.11351,-0.049821,0.41859
0.0049534,-0.022259,-0.0067464,0.093824,-0.14417,-0.054465,0.41966
0.006398,-0.021394,-0.0070085,0.079025,-0.16812,-0.032413,0.42883
0.0063685,-0.021412,-0.0069781,0.10091,-0.19711,-0.037926,0.42993
0.0065392,-0.021318,-0.0067483,0.010905,-0.023801,-0.0057939,0.43169
0.0065744,-0.021297,-0.0067493,0.0050709,-0.013636,-0.0031754,0.43191
0.0044898,-0.022545,-0.0063683,0.014246,-0.013867,-0.013722,0.42486
0.0044949,-0.022542,-0.0063612,0.014116,-0.013857,-0.013317,0.42483
0.0044933,-0.022543,-0.0063634,0.0060134,-0.0035412,-0.0050127,0.42518
0.0044941,-0.022542,-0.0063628,0.0060134,-0.0035412,-0.0050127,0.42518
0.0044808,-0.022545,-0.0065613,0.018643,-0.016294,-0.015237,0.42407
0.0044836,-0.022543,-0.0065613,0.029532,-0.032808,-0.027942,0.42425
0.0044287,-0.022577,-0.0065026,0.0068638,-0.0041916,-0.0058602,0.42476
0.0044537,-0.022563,-0.0064704,0.0073185,-0.00468,-0.0065385,0.42477
0.0045519,-0.022505,-0.0064908,0.034324,-0.038579,-0.031816,0.42406
0.0047392,-0.022393,-0.0064884,0.067932,-0.10513,-0.06251,0.42243
0.0047751,-0.022371,-0.0065265,0.07773,-0.11722,-0.063047,0.42168
0.0049747,-0.022261,-0.0062382,0.075831,-0.14816,-0.075129,0.42237
0.0049855,-0.022254,-0.0062418,0.079135,-0.15475,-0.069763,0.42301
0.004985,-0.022255,-0.0062338,0.071003,-0.14977,-0.07573,0.42402
0.0049964,-0.022248,-0.0062304,0.088634,-0.1769,-0.07519,0.4229
0.0051173,-0.022176,-0.0062398,0.097313,-0.1885,-0.067802,0.42233
0.0059646,-0.021674,-0.0061865,0.12615,-0.21287,-0.059914,0.41974
0.0063937,-0.021411,-0.0064948,0.066573,-0.14358,-0.020285,0.42955
0.0063691,-0.021427,-0.0064607,0.068506,-0.14858,-0.018469,0.42966
0.0063722,-0.021423,-0.0065235,0.090133,-0.17378,-0.031446,0.42993
0.0052461,-0.022103,-0.0061168,0.11229,-0.21075,-0.071209,0.42271
0.0051813,-0.022143,-0.0060514,0.099504,-0.19254,-0.075739,0.4238
0.0052829,-0.022082,-0.0060784,0.11887,-0.22058,-0.07382,0.42304
0.0056306,-0.021885,-0.0057514,0.098346,-0.24274,-0.052068,0.42389
0.005599,-0.021902,-0.0058027,0.10928,-0.2615,-0.062075,0.42501
0.0056005,-0.021904,-0.0057015,0.086452,-0.23513,-0.041492,0.42643
0.0060737,-0.021611,-0.0061544,0.079226,-0.1735,-0.026657,0.42033
0.0060499,-0.021629,-0.0060032,0.011757,-0.039052,-0.00053735,0.41805
0.0060605,-0.021623,-0.0060041,0.007513,-0.032486,-0.0016741,0.41959
0.0052399,-0.022121,-0.0056211,0.06878,-0.12938,-0.044311,0.431
0.005269,-0.022104,-0.0055846,0.06638,-0.12517,-0.03596,0.43127
0.0052686,-0.022103,-0.0056561,0.081738,-0.15261,-0.054948,0.43007
0.0055029,-0.021974,-0.0052938,0.036539,-0.067999,-0.0083567,0.42944
0.0054541,-0.022003,-0.005292,0.037211,-0.059477,-0.0072245,0.42995
0.0054637,-0.022,-0.005173,0.01211,-0.014746,-0.0021648,0.43019
0.0055012,-0.021978,-0.0051854,0.010601,-0.014652,-0.0023342,0.43003
0.005439,-0.022013,-0.0052259,0.026845,-0.033199,-0.0039328,0.43014
0.0055752,-0.021933,-0.0052299,0.01519,-0.021329,-0.0034524,0.42849
0.0046742,-0.022403,-0.0075123,0.063644,-0.059749,-0.012594,0.41685
0.0051755,-0.022101,-0.0076944,0.096097,-0.14054,-0.050664,0.40851
0.0052386,-0.02206,-0.0078002,0.037746,-0.064989,-0.038682,0.40492
0.005179,-0.022097,-0.0077399,0.066781,-0.096199,-0.045285,0.40627
0.0053065,-0.022022,-0.0077349,0.070524,-0.1241,-0.053544,0.40723
0.0053074,-0.022022,-0.0077201,0.093577,-0.16386,-0.057544,0.40886
0.0060715,-0.021567,-0.007758,0.037118,-0.152,-0.011166,0.41755
0.0060801,-0.021562,-0.0077346,0.049764,-0.18481,-0.019254,0.41654
0.0060039,-0.021605,-0.0078172,0.013791,-0.079433,0.00095526,0.41858
0.0059686,-0.021628,-0.007756,0.044001,-0.16492,-0.010115,0.41586
0.0059714,-0.021627,-0.0077364,0.057692,-0.19319,-0.01355,0.416
0.0062143,-0.021493,-0.0073796,0.098411,-0.22366,-0.052202,0.42293
0.0062669,-0.021462,-0.0073789,0.069782,-0.16396,-0.044354,0.42635
0.0062586,-0.021466,-0.00739,0.068481,-0.16117,-0.04357,0.42698
0.0062583,-0.021467,-0.0073684,0.093423,-0.19918,-0.051186,0.4278
0.0062681,-0.021455,-0.0075699,0.042039,-0.11959,-0.030414,0.42549
0.0062567,-0.021462,-0.0075722,0.046375,-0.1307,-0.034971,0.42638
0.0063302,-0.02142,-0.0075049,0.024095,-0.075707,-0.019815,0.42339
0.0064041,-0.021383,-0.0072667,0.024727,-0.0779,-0.0172,0.42725
0.0044262,-0.022572,-0.0067499,0.014934,-0.0061551,-0.0059132,0.42393
0.0045478,-0.0225,-0.0067483,0.048202,-0.045543,-0.036216,0.42329
0.0044793,-0.022542,-0.0066777,0.024453,-0.019231,-0.017488,0.42397
0.0044864,-0.022538,-0.0066773,0.034063,-0.032999,-0.028259,0.42411
0.0043727,-0.022609,-0.0065662,0.0020348,-0.0015247,-0.0020854,0.42503
0.0046776,-0.02243,-0.0064881,0.05622,-0.068551,-0.045294,0.42281
0.0047758,-0.022386,-0.0059871,0.014543,-0.030946,-0.023118,0.42459
0.0047419,-0.022405,-0.0060352,0.016396,-0.033531,-0.02364,0.42434
0.0058798,-0.021723,-0.0062433,0.15233,-0.25575,-0.078822,0.42069
0.0062669,-0.021499,-0.0060574,0.0018414,-0.017208,-3.897e-05,0.4243
0.0062585,-0.021504,-0.0060517,0.0034291,-0.031056,-0.00012758,0.42231
0.0052383,-0.022133,-0.0052289,0.010479,-0.013846,-0.0018693,0.43205
0.0052443,-0.022127,-0.0052903,0.029755,-0.048843,-0.0081283,0.43194
0.0053104,-0.02209,-0.0052304,0.021328,-0.029357,-0.0038736,0.43169
0.0052489,-0.022128,-0.0051803,0.010159,-0.012614,-0.0017571,0.43211
0.0056219,-0.021831,-0.0078394,0.017561,-0.087107,-0.020229,0.4058
0.0046149,-0.022446,-0.0072515,0.060736,-0.059171,-0.026286,0.41906
0.0048622,-0.022299,-0.0072539,0.10199,-0.12731,-0.041943,0.41684
0.0047358,-0.022374,-0.0072527,0.0925,-0.10845,-0.037538,0.41809
0.0047649,-0.022356,-0.0072923,0.097637,-0.11585,-0.036316,0.41704
0.0047666,-0.022357,-0.0072135,0.095171,-0.11526,-0.043635,0.41783
0.0061407,-0.02154,-0.0072547,0.13616,-0.29865,-0.063463,0.41964
0.0061639,-0.021526,-0.0072714,0.12504,-0.28077,-0.061271,0.4188
0.006164,-0.021527,-0.0072374,0.14233,-0.306,-0.067422,0.41999
0.0062276,-0.021492,-0.0071303,0.13569,-0.27977,-0.062034,0.42452
0.0062681,-0.021468,-0.0071306,0.11212,-0.22923,-0.049635,0.42812
0.0062615,-0.021472,-0.0071387,0.11267,-0.23092,-0.053169,0.42828
0.0062618,-0.021472,-0.0071224,0.13404,-0.25973,-0.056516,0.42871
0.0058309,-0.021752,-0.0062445,0.17062,-0.27916,-0.090364,0.41938
0.0057722,-0.021788,-0.0062219,0.172,-0.27405,-0.086254,0.41757
0.0057265,-0.021815,-0.006212,0.17015,-0.29885,-0.091288,0.41989
0.005654,-0.021882,-0.0053616,0.032841,-0.062221,-0.011243,0.4267
0.0056989,-0.021855,-0.0053623,0.014785,-0.039882,-0.0060946,0.42736
0.0056828,-0.021868,-0.0052613,0.0066232,-0.014503,-0.0024866,0.42837
0.0046318,-0.022424,-0.0076534,0.016174,-0.012151,-0.00079992,0.41715
0.0051121,-0.022132,-0.0079062,0.0052085,-0.0074528,-0.0086058,0.40687
0.0050916,-0.022145,-0.0078891,0.0039704,-0.0069762,-0.0097114,0.40605
0.005152,-0.022109,-0.0078934,0.015822,-0.018905,-0.020856,0.40701
0.0051006,-0.022141,-0.0078216,0.027024,-0.030602,-0.028669,0.4062
0.0058132,-0.021717,-0.0078574,0.0063986,-0.03654,-0.0030853,0.41213
0.0057995,-0.021726,-0.0078517,0.0059903,-0.031974,-0.0025579,0.41214
0.0059382,-0.021643,-0.0078701,0.006439,-0.053257,-0.0039041,0.41258
0.0058753,-0.021682,-0.0078129,0.016304,-0.090555,-0.0082342,0.41237
0.0063607,-0.021399,-0.0076361,0.0069563,-0.025481,-0.0019315,0.42278
0.0043666,-0.022611,-0.0066223,0.0036944,-0.0023272,-0.0027172,0.42483
0.0048644,-0.022335,-0.0059253,0.0144,-0.040902,-0.037082,0.42456
0.004855,-0.022342,-0.0058699,0.0047633,-0.014676,-0.016717,0.42674
0.0048643,-0.022337,-0.0058498,0.0065009,-0.016246,-0.023883,0.42712
0.0048581,-0.02234,-0.0058642,0.0031175,-0.0099286,-0.012731,0.42724
0.0048589,-0.02234,-0.0058643,0.0031175,-0.0099286,-0.012731,0.42724
0.0049204,-0.022304,-0.00586,0.015046,-0.039037,-0.048373,0.42553
0.0050834,-0.022205,-0.0059238,0.068692,-0.14349,-0.081213,0.42726
0.0050521,-0.022225,-0.0058665,0.059006,-0.12373,-0.079607,0.42817
0.0050492,-0.022226,-0.0058843,0.068692,-0.14349,-0.081213,0.42726
0.0051813,-0.022148,-0.005873,0.083859,-0.15938,-0.078789,0.42737
0.0051154,-0.022189,-0.0058094,0.056342,-0.11102,-0.076031,0.42949
0.0057843,-0.02179,-0.0058879,0.024992,-0.06998,-0.033274,0.42012
0.0057735,-0.021797,-0.0058618,0.018762,-0.063995,-0.029654,0.42164
0.0049284,-0.022313,-0.0053611,0.0016282,-0.0013281,-0.0009187,0.43315
0.0049251,-0.022314,-0.0053784,0.0025465,-0.0019165,-0.0014852,0.43326
0.0049285,-0.022313,-0.0053607,0.0010159,-0.00093577,-0.00054104,0.43307
0.0049348,-0.022308,-0.0053804,0.0025465,-0.0019165,-0.0014852,0.43326
0.0049467,-0.022302,-0.0053468,0.0010159,-0.00093577,-0.00054104,0.43307
0.0051113,-0.022203,-0.0054156,0.025691,-0.038754,-0.014248,0.43264
0.0050502,-0.022241,-0.0053502,0.013221,-0.018366,-0.0063704,0.43273
0.0051763,-0.022166,-0.0053492,0.027109,-0.036023,-0.0083954,0.43231
0.0051085,-0.022208,-0.0052826,0.012343,-0.014816,-0.0033884,0.43255
0.005364,-0.021982,-0.0079468,0.0090673,-0.012501,-0.01089,0.40684
0.0055129,-0.021895,-0.0078782,0.014638,-0.03897,-0.021999,0.40301
0.0054918,-0.021907,-0.0078862,0.0043698,-0.0048425,-0.0056433,0.40235
0.0054198,-0.021949,-0.0079241,0.0090322,-0.0088836,-0.010581,0.40436
0.005416,-0.021952,-0.0078915,0.01813,-0.033802,-0.027743,0.40361
0.0054129,-0.021954,-0.0079087,0.020336,-0.026873,-0.024628,0.40715
0.0054342,-0.021941,-0.0079108,0.0043698,-0.0048425,-0.0056433,0.40235
0.0060146,-0.021618,-0.0071294,0.16895,-0.34612,-0.070888,0.41996
0.0059112,-0.021679,-0.0071361,0.17477,-0.35208,-0.069391,0.41903
0.0061416,-0.021546,-0.0070039,0.16112,-0.33515,-0.074289,0.42153
0.0061667,-0.021531,-0.0070265,0.15372,-0.32242,-0.071026,0.4211
0.0049255,-0.022297,-0.0059812,0.02835,-0.071761,-0.063919,0.42429
0.0050535,-0.02222,-0.0060101,0.079763,-0.16588,-0.080556,0.42485
0.0050521,-0.022222,-0.0059646,0.068692,-0.14349,-0.081213,0.42726
0.0049906,-0.02226,-0.0059193,0.050694,-0.10768,-0.081067,0.42614
0.0049883,-0.022262,-0.0059189,0.029156,-0.069777,-0.073418,0.42464
0.0059365,-0.021697,-0.0059883,0.030854,-0.060645,-0.0073169,0.41547
0.0049296,-0.022308,-0.0054901,0.0043104,-0.0032115,-0.0048218,0.43321
0.0050483,-0.022238,-0.0054854,0.025004,-0.040329,-0.022269,0.43257
0.004986,-0.022277,-0.0054183,0.011479,-0.014812,-0.0078101,0.43288
0.0049847,-0.022278,-0.0054184,0.0047734,-0.0035205,-0.0034252,0.43317
0.0049835,-0.022278,-0.0054173,0.0025465,-0.0019165,-0.0014852,0.43326
0.0055691,-0.021933,-0.0053576,0.048627,-0.11558,-0.014449,0.42807
0.005578,-0.021926,-0.0053884,0.051131,-0.14301,-0.017233,0.42827
0.0048081,-0.022317,-0.0077592,0.03223,-0.023325,-0.0038009,0.41483
0.0047428,-0.022357,-0.0077045,0.033536,-0.025864,-0.0019011,0.41692
0.00463,-0.022424,-0.0076895,0.016174,-0.012151,-0.00079992,0.41715
0.0046744,-0.0224,-0.0076407,0.026936,-0.02127,-0.00094078,0.41654
0.0046938,-0.022388,-0.0076407,0.052977,-0.045633,-0.0046193,0.41663
0.0051733,-0.022102,-0.0076936,0.096097,-0.14054,-0.050664,0.40851
0.0057324,-0.021766,-0.0078347,0.0093729,-0.061434,-0.0096146,0.40722
0.0057736,-0.021742,-0.0078261,0.016588,-0.085447,-0.0091552,0.41055
0.0057212,-0.021772,-0.0078433,0.0033499,-0.026199,-0.0050804,0.40648
0.0056867,-0.021795,-0.00776,0.036275,-0.15001,-0.022265,0.40765
0.0058121,-0.021721,-0.0077533,0.04489,-0.1576,-0.011109,0.41391
0.0058086,-0.021723,-0.0077419,0.065102,-0.19863,-0.012811,0.41579
0.0061896,-0.021494,-0.0078556,0.0037306,-0.018969,-0.0003796,0.42426
0.0061382,-0.021525,-0.0078217,0.0083113,-0.050104,-0.0009023,0.4188
0.0061875,-0.021496,-0.0078339,0.008796,-0.051923,-0.0028438,0.42151
0.0063377,-0.021412,-0.0076414,0.013722,-0.046787,-0.0066793,0.42334
0.0043768,-0.022601,-0.0067467,0.01119,-0.0046219,-0.0044345,0.42427
0.0043751,-0.022603,-0.006737,0.0081402,-0.0037129,-0.0037336,0.42446
0.0043713,-0.022606,-0.0066849,0.0097285,-0.0046785,-0.0046854,0.42437
0.0046121,-0.022464,-0.0066795,0.058496,-0.06986,-0.046874,0.42289
0.0046605,-0.022435,-0.0066717,0.065683,-0.0841,-0.053237,0.42255
0.0046769,-0.022427,-0.0066141,0.063813,-0.080254,-0.050959,0.42254
0.0046671,-0.022431,-0.0066663,0.065683,-0.0841,-0.053237,0.42255
0.0063975,-0.021418,-0.0061683,0.0028551,-0.02646,0.0013209,0.42744
0.0063347,-0.021457,-0.0061055,0.0046518,-0.034838,0.0011779,0.42646
0.0051771,-0.022154,-0.0057483,0.064567,-0.11608,-0.06776,0.43025
0.0057579,-0.021808,-0.0058195,0.029916,-0.099563,-0.035751,0.42183
0.0057729,-0.021798,-0.0058524,0.018762,-0.063995,-0.029654,0.42164
0.0057596,-0.02181,-0.0056855,0.019957,-0.083921,-0.01694,0.42495
0.0051829,-0.022165,-0.0052272,0.0080943,-0.0085459,-0.00084197,0.43203
0.0051846,-0.022166,-0.0051898,0.0043666,-0.0046501,-0.00038563,0.43183
0.0051833,-0.022091,-0.0078871,0.012177,-0.018949,-0.016889,0.40562
0.0052145,-0.022072,-0.0078946,0.0040287,-0.006808,-0.0059074,0.40564
0.005303,-0.02202,-0.007876,0.016659,-0.026086,-0.021308,0.4058
0.0049167,-0.022252,-0.0077856,0.039456,-0.029432,-0.013913,0.41044
0.0049208,-0.022249,-0.0077865,0.0081635,-0.0057777,-0.0044643,0.4083
0.0049193,-0.02225,-0.0077721,0.051784,-0.040546,-0.015214,0.41159
0.005002,-0.0222,-0.0078144,0.018323,-0.0139,-0.01339,0.40501
0.0050583,-0.022169,-0.0077466,0.059742,-0.055283,-0.034002,0.40624
0.0051463,-0.022117,-0.0077421,0.076387,-0.10859,-0.046665,0.40747
0.0053671,-0.021984,-0.0078069,0.03675,-0.065009,-0.037189,0.40384
0.0053715,-0.021981,-0.0078073,0.021195,-0.043812,-0.027675,0.40148
0.0053763,-0.021978,-0.0078137,0.010208,-0.024426,-0.021841,0.4008
0.0053685,-0.021983,-0.0078089,0.012148,-0.01805,-0.016882,0.39965
0.0055629,-0.021869,-0.007755,0.030832,-0.11277,-0.023475,0.40654
0.0059634,-0.021628,-0.0078678,0.0063005,-0.04975,-0.0011987,0.41561
0.0060688,-0.021566,-0.0078618,0.0056145,-0.040095,0.00025575,0.41868
0.0059396,-0.021645,-0.0077555,0.038831,-0.1567,-0.012869,0.41412
0.0059409,-0.021645,-0.0077236,0.057692,-0.19319,-0.01355,0.416
0.0045714,-0.022461,-0.0076377,0.0085628,-0.0062431,0.00046085,0.41893
0.0045537,-0.022472,-0.0076212,0.013353,-0.010195,-0.00010964,0.41882
0.0045498,-0.022474,-0.0076131,0.011488,-0.0082456,-0.00096581,0.41936
0.0045644,-0.022465,-0.0076281,0.0085628,-0.0062431,0.00046085,0.41893
0.0046073,-0.022441,-0.0075758,0.03717,-0.031278,-0.0041273,0.4176
0.0063905,-0.021385,-0.0075007,0.0056005,-0.022844,-0.006281,0.4282
0.0063884,-0.021386,-0.0075008,0.012414,-0.046579,-0.01313,0.42532
0.0063874,-0.021386,-0.0075183,0.012462,-0.043562,-0.01006,0.42454
0.0063914,-0.021384,-0.0074944,0.0077515,-0.031072,-0.0092849,0.42503
0.0063786,-0.02139,-0.0075658,0.013909,-0.047229,-0.0091103,0.42309
0.0044248,-0.022576,-0.006616,0.013788,-0.0074732,-0.0073617,0.42409
0.004549,-0.022503,-0.006609,0.043061,-0.04621,-0.035445,0.42371
0.0043982,-0.022595,-0.0065074,0.0042567,-0.0025258,-0.0040435,0.42515
0.0043728,-0.022609,-0.0065659,0.0043626,-0.0026249,-0.0039119,0.42483
0.0043727,-0.022609,-0.0065663,0.0054945,-0.003371,-0.0041291,0.42471
0.0046146,-0.022466,-0.0065508,0.048282,-0.056204,-0.040362,0.42337
0.0048018,-0.02237,-0.0059854,0.017368,-0.040812,-0.030279,0.42415
0.0049243,-0.022304,-0.0057463,0.010779,-0.015219,-0.031641,0.42994
0.0049868,-0.022266,-0.0058059,0.018043,-0.035326,-0.05493,0.4275
0.0049878,-0.022265,-0.005806,0.031842,-0.065865,-0.066212,0.42871
0.0050502,-0.02223,-0.0057466,0.039612,-0.07665,-0.062007,0.43057
0.0058134,-0.021769,-0.0060034,0.082612,-0.12399,-0.039496,0.41249
0.0058192,-0.021766,-0.0059969,0.040925,-0.055256,-0.013498,0.40999
0.0057471,-0.02181,-0.005944,0.091815,-0.16822,-0.072357,0.41541
0.0051737,-0.022164,-0.0054826,0.04574,-0.082184,-0.029854,0.43226
0.0051693,-0.022164,-0.00555,0.050745,-0.095588,-0.035325,0.43215
0.0052185,-0.022141,-0.0053516,0.031149,-0.048523,-0.0092301,0.43206
0.0049889,-0.022279,-0.005298,0.0016765,-0.002129,-0.0010078,0.43298
0.0049935,-0.022276,-0.0052966,0.0056505,-0.0075984,-0.0027397,0.43281
0.0049925,-0.022277,-0.0052958,0.0018923,-0.0027551,-0.0011133,0.43285
0.0050569,-0.02224,-0.0052453,0.0060756,-0.0072142,-0.0018291,0.43264
0.0056966,-0.021853,-0.0054942,0.030826,-0.10178,-0.010327,0.42669
0.0057835,-0.021803,-0.0054234,0.015154,-0.037816,-0.0041455,0.42512
0.0057937,-0.021797,-0.0054424,0.009088,-0.020044,-0.0023255,0.42438
0.0057549,-0.021817,-0.005561,0.018997,-0.065585,-0.0068462,0.42547
0.0057777,-0.021804,-0.0055275,0.012966,-0.036644,-0.003585,0.42506
0.0057924,-0.021796,-0.0055005,0.011674,-0.03111,-0.0031652,0.42483
0.0057924,-0.021796,-0.0054902,0.009088,-0.020044,-0.0023255,0.42438
0.0057802,-0.021803,-0.005522,0.012966,-0.036644,-0.003585,0.42506
0.005743,-0.021829,-0.0053594,0.0066382,-0.015105,-0.0028039,0.42714
0.0057369,-0.021833,-0.0053574,0.0066382,-0.015105,-0.0028039,0.42714
0.0053726,-0.022054,-0.0051696,0.012807,-0.014203,-0.0011228,0.43073
0.0056344,-0.021896,-0.005294,0.03669,-0.053783,-0.0099334,0.42664
0.0056206,-0.021906,-0.0052246,0.0047577,-0.0057257,-0.00094636,0.42813
0.0056437,-0.021892,-0.0052347,0.011241,-0.017369,-0.0038352,0.42767
0.0056186,-0.021907,-0.0052257,0.0047577,-0.0057257,-0.00094636,0.42813
0.0046123,-0.022444,-0.0073801,0.059793,-0.058428,-0.017502,0.41843
0.0052715,-0.022056,-0.0072542,0.12997,-0.22074,-0.041473,0.41367
0.005244,-0.022073,-0.0072364,0.12311,-0.20074,-0.039082,0.41556
0.0052442,-0.022072,-0.0072543,0.12532,-0.20804,-0.03866,0.41487
0.0053633,-0.022001,-0.0072547,0.13096,-0.23923,-0.038429,0.4165
0.0052714,-0.022055,-0.00729,0.13032,-0.22201,-0.043205,0.41274
0.0051932,-0.022103,-0.0072167,0.11659,-0.18201,-0.038424,0.41652
0.0052677,-0.022059,-0.0072309,0.12962,-0.21947,-0.03974,0.4146
0.0051215,-0.022135,-0.0076182,0.11196,-0.17534,-0.037047,0.41231
0.0050763,-0.022163,-0.0075681,0.11018,-0.16103,-0.031744,0.41306
0.0057543,-0.021769,-0.0072558,0.16109,-0.33031,-0.060531,0.41836
0.00568,-0.021815,-0.0071983,0.15341,-0.31479,-0.054372,0.41926
0.005904,-0.021684,-0.0071338,0.17477,-0.35208,-0.069391,0.41903
0.0059156,-0.021684,-0.0068765,0.18404,-0.36832,-0.082773,0.41995
0.0056253,-0.021836,-0.0075888,0.11198,-0.27116,-0.04506,0.41171
0.0055666,-0.021871,-0.0075867,0.1115,-0.26142,-0.045037,0.41183
0.0056584,-0.021818,-0.0075524,0.1123,-0.27766,-0.045075,0.41164
0.0058538,-0.021702,-0.0075338,0.1071,-0.25826,-0.019747,0.41824
0.006158,-0.021526,-0.0073803,0.11587,-0.26714,-0.057027,0.41848
0.0062157,-0.021493,-0.0073421,0.10923,-0.23997,-0.056228,0.4233
0.0061409,-0.021536,-0.0073804,0.11809,-0.27199,-0.056175,0.41884
0.0061624,-0.021523,-0.0073959,0.1067,-0.25352,-0.052782,0.41815
0.0061628,-0.021524,-0.0073644,0.12504,-0.28077,-0.061271,0.4188
0.0046113,-0.022458,-0.0068807,0.062356,-0.060159,-0.042747,0.42199
0.0046565,-0.022433,-0.0068323,0.071234,-0.084017,-0.052839,0.42203
0.0059129,-0.021689,-0.0067492,0.18429,-0.36081,-0.08597,0.42014
0.006014,-0.021629,-0.0067494,0.17724,-0.34924,-0.083706,0.42117
0.0059161,-0.021684,-0.006876,0.18404,-0.36832,-0.082773,0.41995
0.0059346,-0.02168,-0.0066331,0.18455,-0.3533,-0.089167,0.42032
0.006536,-0.021316,-0.0068793,0.01284,-0.026662,-0.0055442,0.43158
0.0065707,-0.021295,-0.0068781,0.0057008,-0.013902,-0.0026814,0.43163
0.0065286,-0.021327,-0.0066205,0.010994,-0.025639,-0.0058616,0.43183
0.0065561,-0.021311,-0.0066203,0.0034735,-0.011361,-0.0024289,0.43203
0.0046079,-0.022475,-0.006351,0.033641,-0.035057,-0.02756,0.4238
0.0051197,-0.022179,-0.0060686,0.089633,-0.17921,-0.078148,0.42432
0.0051751,-0.022147,-0.0060495,0.099504,-0.19254,-0.075739,0.4238
0.0061378,-0.021568,-0.0063291,0.11365,-0.2297,-0.042781,0.42171
0.0056291,-0.021882,-0.005883,0.12177,-0.26425,-0.070416,0.4222
0.0055975,-0.0219,-0.0059309,0.13538,-0.27594,-0.077,0.42318
0.0055987,-0.021902,-0.0058299,0.10928,-0.2615,-0.062075,0.42501
0.0056301,-0.021876,-0.006064,0.15633,-0.28514,-0.090434,0.42031
0.0056866,-0.021844,-0.0060377,0.15801,-0.28506,-0.095992,0.41897
0.0046833,-0.022392,-0.0077234,0.0074981,-0.0047138,0.00042538,0.41762
0.0046952,-0.022385,-0.0077274,0.0074981,-0.0047138,0.00042538,0.41762
0.0048651,-0.022289,-0.0075299,0.099976,-0.10084,-0.026636,0.41409
0.0049955,-0.022209,-0.0076376,0.1018,-0.13176,-0.027752,0.41298
0.0049786,-0.022219,-0.0076285,0.099029,-0.1327,-0.020555,0.41548
0.0050244,-0.022192,-0.0076176,0.11018,-0.16103,-0.031744,0.41306
0.0048648,-0.022291,-0.0074949,0.10426,-0.11974,-0.032104,0.4156
0.004877,-0.022282,-0.0075299,0.11022,-0.1147,-0.033499,0.41316
0.004842,-0.022303,-0.0075362,0.08973,-0.08697,-0.019774,0.41502
0.004876,-0.022284,-0.0074996,0.11285,-0.13509,-0.0373,0.4147
0.0048406,-0.022305,-0.0074925,0.098539,-0.10951,-0.028639,0.4162
0.0054358,-0.02194,-0.0079183,0.0043698,-0.0048425,-0.0056433,0.40235
0.0052141,-0.022071,-0.0079132,0.0040287,-0.006808,-0.0059074,0.40564
0.0053056,-0.022016,-0.0079397,0.0063978,-0.0098816,-0.0077162,0.40664
0.0054165,-0.021953,-0.0078379,0.010208,-0.024426,-0.021841,0.4008
0.0052942,-0.022027,-0.0078021,0.03291,-0.053319,-0.03673,0.40555
0.005174,-0.022103,-0.0076273,0.10492,-0.1651,-0.046507,0.41004
0.0051739,-0.022102,-0.0076923,0.096097,-0.14054,-0.050664,0.40851
0.0051737,-0.022105,-0.007581,0.11374,-0.18966,-0.04235,0.41157
0.0051737,-0.022102,-0.0076975,0.096097,-0.14054,-0.050664,0.40851
0.0053738,-0.021985,-0.0076237,0.103,-0.22035,-0.040936,0.41108
0.0053466,-0.022001,-0.0076226,0.10446,-0.19638,-0.046704,0.41061
0.0053861,-0.021978,-0.0076169,0.10907,-0.24345,-0.040246,0.41221
0.0053671,-0.021989,-0.0076199,0.10701,-0.22061,-0.03235,0.41311
0.0054543,-0.021929,-0.0078998,0.0043698,-0.0048425,-0.0056433,0.40235
0.00556,-0.021875,-0.0075936,0.1115,-0.26142,-0.045037,0.41183
0.0057538,-0.021759,-0.0076331,0.09467,-0.26195,-0.047735,0.41009
0.0057509,-0.021761,-0.0076331,0.097774,-0.26237,-0.044304,0.41061
0.0057456,-0.021764,-0.0076298,0.1123,-0.27766,-0.045075,0.41164
0.0057536,-0.021759,-0.0076304,0.11712,-0.28884,-0.052463,0.41126
0.0057531,-0.021759,-0.0076366,0.07222,-0.23506,-0.043007,0.40891
0.0061135,-0.021545,-0.0076349,0.066526,-0.20497,-0.025303,0.4172
0.0059489,-0.021641,-0.0077086,0.057692,-0.19319,-0.01355,0.416
0.0062022,-0.021493,-0.0076357,0.056544,-0.16596,-0.033033,0.42167
0.0061403,-0.021529,-0.0076355,0.067852,-0.20405,-0.02807,0.41774
0.0061171,-0.021544,-0.0076126,0.091668,-0.23521,-0.034378,0.41819
0.0061217,-0.02154,-0.0076627,0.049764,-0.18481,-0.019254,0.41654
0.0061571,-0.02152,-0.0076249,0.078191,-0.21384,-0.039071,0.41726
0.0043673,-0.022609,-0.0066849,0.0041439,-0.002182,-0.0025725,0.42475
0.0043726,-0.022609,-0.0065663,0.0025134,-0.0017963,-0.0022935,0.42497
0.0047374,-0.022384,-0.0068773,0.081206,-0.10144,-0.054467,0.4208
0.0047714,-0.022364,-0.0068403,0.087666,-0.11705,-0.059322,0.42027
0.0047686,-0.022364,-0.0069166,0.089801,-0.11394,-0.055218,0.41946
0.0048358,-0.022328,-0.0067734,0.087666,-0.11705,-0.059322,0.42027
0.0048775,-0.022304,-0.0067628,0.094702,-0.14273,-0.060664,0.41845
0.0048355,-0.02233,-0.0067194,0.082934,-0.11865,-0.062671,0.42103
0.0048771,-0.022305,-0.0067303,0.090202,-0.14413,-0.063603,0.41918
0.0048627,-0.022305,-0.0070235,0.096493,-0.12318,-0.050399,0.41805
0.0048777,-0.022297,-0.0069835,0.097207,-0.13975,-0.055532,0.418
0.0048303,-0.022326,-0.0069746,0.089801,-0.11394,-0.055218,0.41946
0.0048776,-0.022296,-0.0070174,0.10195,-0.13768,-0.051266,0.41726
0.0048311,-0.022324,-0.0070268,0.092857,-0.11351,-0.049821,0.41859
0.0047388,-0.02239,-0.0066151,0.074521,-0.10576,-0.059717,0.42186
0.0047719,-0.022369,-0.0066529,0.082934,-0.11865,-0.062671,0.42103
0.0047746,-0.02237,-0.006566,0.07773,-0.11722,-0.063047,0.42168
0.0046671,-0.022431,-0.0066717,0.065683,-0.0841,-0.053237,0.42255
0.0045497,-0.022504,-0.0065527,0.039335,-0.044197,-0.034281,0.42386
0.0045484,-0.022501,-0.006678,0.043911,-0.044304,-0.034835,0.42364
0.0046773,-0.022428,-0.0065508,0.059133,-0.071743,-0.046304,0.42261
0.0048632,-0.02232,-0.0064906,0.082036,-0.13551,-0.068066,0.42068
0.0048786,-0.02231,-0.0065072,0.087501,-0.14628,-0.068309,0.41968
0.0048268,-0.022341,-0.0065173,0.07773,-0.11722,-0.063047,0.42168
0.0048778,-0.022312,-0.0064721,0.08355,-0.14639,-0.07146,0.41998
0.0047401,-0.022396,-0.0063628,0.059119,-0.099373,-0.06199,0.42321
0.0049688,-0.022261,-0.0063447,0.078521,-0.1466,-0.070818,0.42146
0.0048627,-0.022327,-0.0062374,0.065188,-0.12212,-0.069369,0.42206
0.0048818,-0.022315,-0.0062566,0.078111,-0.14116,-0.071521,0.42042
0.0049838,-0.022251,-0.0063708,0.084969,-0.15442,-0.059717,0.42222
0.0049836,-0.022252,-0.0063597,0.079135,-0.15475,-0.069763,0.42301
0.004985,-0.022258,-0.0061103,0.061775,-0.13443,-0.080455,0.42363
0.004989,-0.022256,-0.0061089,0.059616,-0.13479,-0.080007,0.4255
0.004994,-0.022253,-0.0061065,0.079763,-0.16588,-0.080556,0.42485
0.0049887,-0.022256,-0.0061119,0.071003,-0.14977,-0.07573,0.42402
0.004993,-0.022253,-0.0061131,0.088634,-0.1769,-0.07519,0.4229
0.0050782,-0.0222,-0.0062002,0.088634,-0.1769,-0.07519,0.4229
0.0063929,-0.021415,-0.0063672,0.038182,-0.10554,-0.0073104,0.42893
0.0063688,-0.021429,-0.0063916,0.068506,-0.14858,-0.018469,0.42966
0.0061322,-0.021577,-0.0061119,0.037258,-0.10922,-0.010562,0.42097
0.0060948,-0.021598,-0.0061493,0.079226,-0.1735,-0.026657,0.42033
0.0060009,-0.021655,-0.0061144,0.090467,-0.17441,-0.035613,0.41932
0.0059631,-0.021677,-0.0061398,0.12615,-0.21287,-0.059914,0.41974
0.0063311,-0.021457,-0.0061703,0.011123,-0.057602,0.0018163,0.42686
0.0049795,-0.022275,-0.0056206,0.015212,-0.021782,-0.025299,0.43215
0.0049862,-0.022271,-0.0056206,0.025294,-0.044744,-0.039514,0.43184
0.0048869,-0.022325,-0.0057892,0.0074599,-0.01192,-0.02499,0.42959
0.0049033,-0.022316,-0.0057665,0.0074599,-0.01192,-0.02499,0.42959
0.0049135,-0.02232,-0.0054346,0.0016371,-0.0011152,-0.001673,0.43355
0.0049134,-0.022319,-0.005467,0.0016371,-0.0011152,-0.001673,0.43355
0.0050513,-0.022224,-0.0059222,0.068692,-0.14349,-0.081213,0.42726
0.0053472,-0.022057,-0.0056197,0.074059,-0.13889,-0.045454,0.43067
0.0051715,-0.022163,-0.0055552,0.050745,-0.095588,-0.035325,0.43215
0.0053701,-0.022043,-0.005628,0.088535,-0.16726,-0.054062,0.4294
0.005377,-0.022039,-0.0056195,0.086947,-0.16642,-0.044188,0.42934
0.0053798,-0.022038,-0.0056089,0.078562,-0.15093,-0.035199,0.42995
0.00538,-0.022037,-0.0056296,0.095331,-0.18192,-0.053176,0.42872
0.0053506,-0.022055,-0.0056022,0.06638,-0.12517,-0.03596,0.43127
0.0053476,-0.022056,-0.0056382,0.081738,-0.15261,-0.054948,0.43007
0.0056314,-0.021888,-0.0056223,0.077748,-0.20764,-0.033773,0.42519
0.005602,-0.021907,-0.005573,0.066987,-0.1986,-0.026077,0.42757
0.0056008,-0.021905,-0.0056711,0.086452,-0.23513,-0.041492,0.42643
0.0049303,-0.022311,-0.005398,0.0025465,-0.0019165,-0.0014852,0.43326
0.0050488,-0.02224,-0.0054164,0.020067,-0.030712,-0.013952,0.43272
0.0051982,-0.022157,-0.0052182,0.0046245,-0.004939,-0.00036316,0.43168
0.005246,-0.022129,-0.0051803,0.0056517,-0.0066002,-0.00072179,0.43184
0.0057024,-0.021784,-0.0078417,0.0033499,-0.026199,-0.0050804,0.40648
0.0062186,-0.021478,-0.0078244,0.004173,-0.026164,-0.00078477,0.4247
0.0048629,-0.022295,-0.0073825,0.10381,-0.12306,-0.035525,0.41603
0.0048621,-0.022298,-0.0072743,0.10536,-0.1302,-0.039491,0.41626
0.004759,-0.022357,-0.0073816,0.098088,-0.11268,-0.032478,0.41662
0.0047352,-0.022371,-0.0073814,0.093781,-0.10505,-0.029187,0.41742
0.0047643,-0.022352,-0.0074202,0.098539,-0.10951,-0.028639,0.4162
0.0047645,-0.022354,-0.0073428,0.097637,-0.11585,-0.036316,0.41704
0.0046171,-0.022448,-0.0071266,0.063529,-0.058275,-0.034495,0.41977
0.0048628,-0.022302,-0.0071269,0.098323,-0.12526,-0.04731,0.41761
0.0048626,-0.022299,-0.0072334,0.10086,-0.12912,-0.045184,0.41717
0.0047382,-0.022376,-0.0071267,0.090077,-0.10675,-0.044014,0.4188
0.0047688,-0.022359,-0.0070867,0.092857,-0.11351,-0.049821,0.41859
0.0047673,-0.022358,-0.0071665,0.095171,-0.11526,-0.043635,0.41783
0.0063973,-0.021384,-0.0073772,0.012792,-0.051423,-0.014946,0.42551
0.0064211,-0.021374,-0.0072509,0.0052231,-0.017755,-0.0044226,0.43021
0.0061412,-0.021543,-0.0071296,0.15104,-0.32029,-0.069738,0.42065
0.0062307,-0.021491,-0.007087,0.14388,-0.29107,-0.063771,0.42491
0.0061655,-0.021528,-0.0071519,0.14233,-0.306,-0.067422,0.41999
0.0061654,-0.021529,-0.0071084,0.15372,-0.32242,-0.071026,0.4211
0.0063946,-0.021393,-0.007133,0.052159,-0.13001,-0.025258,0.42772
0.0044292,-0.022578,-0.006458,0.0051791,-0.0033031,-0.0048673,0.42509
0.0044142,-0.022586,-0.006491,0.0030398,-0.0019261,-0.0031961,0.42541
0.005832,-0.021753,-0.0061976,0.16841,-0.26995,-0.089144,0.41856
0.0058991,-0.021713,-0.0062148,0.12615,-0.21287,-0.059914,0.41974
0.0058686,-0.02173,-0.0062285,0.16124,-0.26176,-0.094924,0.42054
0.0057207,-0.021821,-0.0061237,0.16529,-0.29333,-0.09317,0.41952
0.005755,-0.021801,-0.0061239,0.1643,-0.27951,-0.090177,0.41849
0.0057729,-0.02179,-0.0061341,0.172,-0.27405,-0.086254,0.41757
0.0057309,-0.021816,-0.0060868,0.15801,-0.28506,-0.095992,0.41897
0.0057263,-0.021817,-0.0061516,0.17015,-0.29885,-0.091288,0.41989
0.0057017,-0.021852,-0.0054292,0.02541,-0.073639,-0.0089277,0.42679
0.0057091,-0.02185,-0.0053535,0.0066382,-0.015105,-0.0028039,0.42714
0.0055944,-0.021921,-0.0052203,0.0047577,-0.0057257,-0.00094636,0.42813
0.0057256,-0.02184,-0.0053388,0.0066382,-0.015105,-0.0028039,0.42714
0.0056781,-0.02187,-0.0052634,0.0066232,-0.014503,-0.0024866,0.42837
0.0050311,-0.022182,-0.0078296,0.0061064,-0.0047635,-0.0076715,0.40392
0.0045432,-0.022479,-0.0075784,0.011488,-0.0082456,-0.00096581,0.41936
0.0046742,-0.022401,-0.0075764,0.049316,-0.042766,-0.0065828,0.41629
0.0046338,-0.022423,-0.0076797,0.016174,-0.012151,-0.00079992,0.41715
0.0046663,-0.022404,-0.0076469,0.016174,-0.012151,-0.00079992,0.41715
0.0057969,-0.021728,-0.0078232,0.0059903,-0.031974,-0.0025579,0.41214
0.006351,-0.021404,-0.0076568,0.0069563,-0.025481,-0.0019315,0.42278
0.0043727,-0.022609,-0.0065662,0.0020348,-0.0015247,-0.0020854,0.42503
0.0051791,-0.022151,-0.0058106,0.068846,-0.12858,-0.076685,0.42931
0.0050515,-0.022227,-0.0058075,0.044251,-0.091465,-0.07222,0.42955
0.0058213,-0.021767,-0.0059399,0.040925,-0.055256,-0.013498,0.40999
0.0049603,-0.022295,-0.0053312,0.0010159,-0.00093577,-0.00054104,0.43307
0.0051744,-0.022165,-0.0054158,0.032601,-0.048734,-0.01531,0.43247
0.0057556,-0.021783,-0.0067487,0.177,-0.35155,-0.079335,0.42052
0.0059156,-0.021684,-0.0068762,0.18404,-0.36832,-0.082773,0.41995
0.0058942,-0.021704,-0.0066181,0.18455,-0.3533,-0.089167,0.42032
0.0056289,-0.021875,-0.0061243,0.1609,-0.28875,-0.087655,0.42039
0.0056856,-0.021843,-0.0060706,0.15801,-0.28506,-0.095992,0.41897
0.0056802,-0.021844,-0.0061641,0.17015,-0.29885,-0.091288,0.41989
0.0056586,-0.021877,-0.0054275,0.044616,-0.099517,-0.015978,0.4263
0.0048062,-0.022319,-0.007708,0.052426,-0.042376,-0.0062871,0.41527
0.0049317,-0.022245,-0.0077092,0.072432,-0.067265,-0.018319,0.41208
0.0044293,-0.022567,-0.0068614,0.0094965,-0.0034981,-0.0042488,0.42387
0.0044035,-0.022584,-0.0068049,0.0074593,-0.0022158,-0.0026713,0.42454
0.0044313,-0.022567,-0.0068114,0.010586,-0.0038765,-0.0043546,0.424
0.004417,-0.022575,-0.0068224,0.0056158,-0.0015363,-0.0024669,0.42472
0.0045347,-0.022502,-0.0069598,0.051136,-0.035619,-0.031487,0.42199
0.004679,-0.022435,-0.0062957,0.035525,-0.036941,-0.026008,0.42325
0.0045533,-0.022506,-0.0064249,0.031842,-0.034181,-0.028702,0.42412
0.0045551,-0.022508,-0.0062968,0.020467,-0.021709,-0.019243,0.42431
0.0046804,-0.022437,-0.0061763,0.019755,-0.018805,-0.015684,0.4241
0.0047398,-0.022406,-0.0060379,0.011935,-0.016952,-0.012764,0.42487
0.0047085,-0.022423,-0.0060877,0.0087156,-0.00844,-0.0067514,0.42477
0.0047551,-0.022393,-0.0061749,0.037981,-0.060298,-0.036303,0.42256
0.0048002,-0.022366,-0.0061742,0.048848,-0.093767,-0.057902,0.42356
0.0049259,-0.022295,-0.0060451,0.043758,-0.099981,-0.07359,0.42328
0.0047872,-0.022378,-0.0060319,0.02807,-0.059887,-0.040757,0.42405
0.006454,-0.021377,-0.0064321,0.026301,-0.079874,-0.0060485,0.42918
0.0064633,-0.021372,-0.0064327,0.0081682,-0.031919,-0.0021733,0.43065
0.0064619,-0.021376,-0.0062952,0.0058602,-0.03509,0.00025282,0.42892
0.0064547,-0.021382,-0.0062529,0.0028947,-0.023413,0.00099911,0.42906
0.0064718,-0.02137,-0.0063043,0.0015173,-0.011965,0.00011796,0.42977
0.0064649,-0.021375,-0.0062912,0.00079074,-0.009894,0.00027401,0.42915
0.0060636,-0.021619,-0.0060527,0.022332,-0.071857,-0.0065082,0.42005
0.0060456,-0.02163,-0.0060526,0.021361,-0.060815,-0.003354,0.41835
0.0062064,-0.021535,-0.0060389,0.0068177,-0.046256,0.0001758,0.42145
0.0048983,-0.022325,-0.0055567,0.0034007,-0.0024458,-0.005109,0.43316
0.004928,-0.022308,-0.005556,0.0061536,-0.0048518,-0.00916,0.43288
0.0048965,-0.022323,-0.0056846,0.0059799,-0.004905,-0.013717,0.43194
0.0049263,-0.022305,-0.0056845,0.00985,-0.0097469,-0.022732,0.43145
0.0052015,-0.022155,-0.0051909,0.0046245,-0.004939,-0.00036316,0.43168
0.0045433,-0.022483,-0.0074434,0.040349,-0.034717,-0.007981,0.41874
0.0045447,-0.022486,-0.0073142,0.044876,-0.041963,-0.015877,0.41915
0.0045426,-0.022494,-0.0070662,0.048841,-0.037733,-0.029213,0.42071
0.0045457,-0.022489,-0.0071883,0.046651,-0.041247,-0.023009,0.41977
0.0063299,-0.021422,-0.0074411,0.038777,-0.11084,-0.032196,0.42434
0.0063297,-0.021426,-0.007316,0.048588,-0.1306,-0.034073,0.42662
0.0064581,-0.021357,-0.0070717,0.011548,-0.028362,-0.0050534,0.43122
0.0064413,-0.021367,-0.0070718,0.037283,-0.08863,-0.016647,0.42987
0.0064671,-0.021352,-0.0070625,0.0088091,-0.021389,-0.0031792,0.43153
0.0064663,-0.021351,-0.0070875,0.0049746,-0.014427,-0.0028004,0.43062
0.0064445,-0.021361,-0.0071908,0.0070348,-0.022602,-0.0051433,0.43043
0.0064192,-0.021376,-0.0071924,0.013783,-0.042764,-0.0085449,0.42932
0.0064434,-0.021362,-0.0071803,0.0097524,-0.029873,-0.0062243,0.43075
0.0064378,-0.021365,-0.0072037,0.0052231,-0.017755,-0.0044226,0.43021
0.0065564,-0.021302,-0.0069381,0.0046398,-0.011725,-0.0024527,0.43137
0.0065781,-0.021293,-0.0068138,0.0058498,-0.013981,-0.0030642,0.43163
0.0065421,-0.021321,-0.0065619,0.0021949,-0.0078387,-0.001426,0.43221
0.0065682,-0.021302,-0.0066843,0.0041502,-0.01287,-0.0027825,0.43208
0.0059348,-0.021696,-0.0060528,0.060286,-0.10788,-0.021617,0.41592
0.0055016,-0.021951,-0.0061227,0.1472,-0.26902,-0.071483,0.42393
0.0054151,-0.022003,-0.0061207,0.1339,-0.24375,-0.063511,0.42385
0.0055444,-0.021927,-0.0060827,0.15382,-0.28525,-0.082097,0.42233
0.0054799,-0.021964,-0.0061204,0.13777,-0.24939,-0.059925,0.42618
0.0047393,-0.022399,-0.0062989,0.046896,-0.052702,-0.032405,0.42231
0.004679,-0.022436,-0.0062365,0.032472,-0.033716,-0.023321,0.42298
0.0047485,-0.022395,-0.0062373,0.046355,-0.071633,-0.041686,0.42247
0.0045054,-0.022505,-0.0074434,0.032566,-0.027515,-0.0057169,0.41906
0.004539,-0.022498,-0.0070082,0.046393,-0.032129,-0.028581,0.42148
0.0044712,-0.02254,-0.006951,0.030701,-0.016396,-0.018074,0.42337
0.004485,-0.022531,-0.0069507,0.038041,-0.02266,-0.023339,0.42254
0.0045133,-0.022511,-0.0070652,0.039857,-0.028788,-0.024779,0.42092
0.0065096,-0.021327,-0.0070333,0.0088091,-0.021389,-0.0031792,0.43153
0.0044723,-0.022554,-0.006405,0.023072,-0.024327,-0.022988,0.42461
0.0044638,-0.022559,-0.0064051,0.01065,-0.009502,-0.010566,0.42473
0.0056283,-0.021872,-0.006247,0.16877,-0.30618,-0.083154,0.42132
0.0056447,-0.021861,-0.0062998,0.17032,-0.31757,-0.079027,0.42238
0.0061395,-0.021562,-0.006494,0.14867,-0.29065,-0.068653,0.42289
0.0060094,-0.021643,-0.0063668,0.1492,-0.26991,-0.070553,0.42172
0.0060713,-0.021608,-0.0063036,0.12906,-0.24335,-0.05339,0.42153
0.0060135,-0.021633,-0.0066217,0.17562,-0.33918,-0.08486,0.4214
0.0059342,-0.021681,-0.0066052,0.18455,-0.3533,-0.089167,0.42032
0.0064721,-0.021365,-0.0064919,0.012729,-0.042604,-0.0040779,0.43077
0.0064551,-0.021375,-0.006495,0.030337,-0.086581,-0.0087672,0.42966
0.0062674,-0.021459,-0.0074419,0.061922,-0.1508,-0.041378,0.4261
0.0062585,-0.021465,-0.0074421,0.068481,-0.16117,-0.04357,0.42698
0.0046765,-0.022416,-0.007003,0.076599,-0.075954,-0.04738,0.41997
0.0044869,-0.022534,-0.0068195,0.018476,-0.0075268,-0.0074283,0.4232
0.0044935,-0.02253,-0.0068195,0.03677,-0.0256,-0.022843,0.42319
0.0044815,-0.022537,-0.0068256,0.012084,-0.004806,-0.0054367,0.42331
0.0062519,-0.021492,-0.0066219,0.14053,-0.26359,-0.056191,0.427
0.0062686,-0.021482,-0.0066219,0.11175,-0.20669,-0.040849,0.42959
0.0062654,-0.021484,-0.0066184,0.13345,-0.23879,-0.049289,0.42887
0.0062654,-0.021484,-0.0066256,0.1431,-0.25771,-0.054647,0.42895
0.0062755,-0.021478,-0.0066163,0.090133,-0.17378,-0.031446,0.42993
0.006276,-0.021477,-0.0066277,0.10143,-0.19002,-0.037022,0.43012
0.0045565,-0.022508,-0.0062777,0.018812,-0.019297,-0.01862,0.42442
0.0045417,-0.022516,-0.0062976,0.01632,-0.017825,-0.017147,0.42469
0.0046738,-0.022411,-0.007252,0.075098,-0.080633,-0.031821,0.41808
0.0062664,-0.021464,-0.0073163,0.081261,-0.18182,-0.047547,0.42703
0.0062584,-0.021468,-0.0073163,0.093423,-0.19918,-0.051186,0.4278
0.0063296,-0.021428,-0.0072543,0.057295,-0.14501,-0.034378,0.42715
0.0060145,-0.021625,-0.0068767,0.17694,-0.35777,-0.081378,0.42109
0.0059161,-0.021684,-0.0068764,0.18404,-0.36832,-0.082773,0.41995
0.0049905,-0.022257,-0.0060458,0.052828,-0.121,-0.081163,0.42423
0.0049905,-0.022257,-0.0060458,0.059616,-0.13479,-0.080007,0.4255
0.0049906,-0.022257,-0.0060458,0.079763,-0.16588,-0.080556,0.42485
0.0059989,-0.021658,-0.0060518,0.039365,-0.088359,-0.0080438,0.41672
0.004986,-0.022273,-0.0055545,0.02218,-0.037084,-0.028493,0.43237
0.0049805,-0.022276,-0.0055546,0.012817,-0.017506,-0.017622,0.43257
0.0056628,-0.021873,-0.0054932,0.051995,-0.13214,-0.019192,0.42586
0.005636,-0.021891,-0.0054264,0.055871,-0.1332,-0.019247,0.42674
0.0055995,-0.021913,-0.0054139,0.051131,-0.14301,-0.017233,0.42827
0.0046741,-0.022421,-0.0068791,0.072861,-0.079553,-0.051204,0.42131
0.0046658,-0.022427,-0.0068294,0.071234,-0.084017,-0.052839,0.42203
0.00461,-0.022461,-0.0068154,0.06374,-0.069275,-0.04679,0.42234
0.0046567,-0.022433,-0.0068221,0.071234,-0.084017,-0.052839,0.42203
0.004675,-0.022442,-0.0061085,0.011865,-0.011141,-0.0095689,0.42467
0.0046677,-0.022446,-0.0061355,0.011599,-0.010896,-0.00993,0.42482
0.0047417,-0.022404,-0.0060468,0.015327,-0.022403,-0.015245,0.42403
0.0047594,-0.022392,-0.0061102,0.026499,-0.04379,-0.027613,0.42311
0.0047177,-0.022417,-0.0060951,0.0087156,-0.00844,-0.0067514,0.42477
0.0047466,-0.0224,-0.0061062,0.016178,-0.020018,-0.012181,0.42238
0.0063936,-0.021417,-0.0063023,0.019953,-0.076258,-5.7327e-05,0.42828
0.0064522,-0.021383,-0.0062499,0.0021164,-0.017778,0.0009229,0.42887
0.0061988,-0.021538,-0.0061084,0.019198,-0.08204,-0.0035303,0.42223
0.0056932,-0.021848,-0.0057488,0.046394,-0.16243,-0.040497,0.42454
0.0049959,-0.022207,-0.0077007,0.088039,-0.08802,-0.030636,0.4097
0.0046121,-0.022442,-0.0074467,0.056075,-0.05219,-0.012837,0.41809
0.0063934,-0.021385,-0.0074377,0.013079,-0.052025,-0.016073,0.42422
0.0064065,-0.021379,-0.0073769,0.0069451,-0.031889,-0.0084476,0.42579
0.0064788,-0.021343,-0.0071073,0.0049746,-0.014427,-0.0028004,0.43062
0.0064759,-0.021345,-0.0071052,0.0049746,-0.014427,-0.0028004,0.43062
0.004616,-0.022468,-0.0064245,0.040523,-0.044931,-0.03442,0.42364
0.0047418,-0.022405,-0.0060373,0.022022,-0.043212,-0.029334,0.42439
0.0049804,-0.022273,-0.0056843,0.017725,-0.027317,-0.03491,0.43138
0.0049863,-0.022269,-0.0056843,0.028714,-0.053855,-0.050572,0.43111
0.005693,-0.021841,-0.0060056,0.14156,-0.26354,-0.094449,0.41862
0.0057029,-0.021834,-0.0060345,0.15801,-0.28506,-0.095992,0.41897
0.0057556,-0.021802,-0.0060636,0.14882,-0.25293,-0.086512,0.41745
0.0057312,-0.021817,-0.0060567,0.15801,-0.28506,-0.095992,0.41897
0.0061289,-0.021581,-0.0060534,0.0090653,-0.044014,-0.0018837,0.42049
0.0051715,-0.022163,-0.005553,0.050745,-0.095588,-0.035325,0.43215
0.004511,-0.022506,-0.0073141,0.035549,-0.032625,-0.012985,0.41926
0.0045151,-0.022507,-0.007188,0.037324,-0.032118,-0.018984,0.41989
0.0045452,-0.022487,-0.0072509,0.04293,-0.039247,-0.018186,0.41943
0.0062422,-0.02149,-0.0068776,0.15018,-0.28981,-0.062587,0.42673
0.0062697,-0.021474,-0.0068778,0.12351,-0.23278,-0.047337,0.42946
0.0062649,-0.021477,-0.0068832,0.1456,-0.2731,-0.057221,0.42872
0.0062647,-0.021477,-0.0068728,0.14847,-0.27257,-0.058283,0.42893
0.0062818,-0.021466,-0.00689,0.10091,-0.19711,-0.037926,0.42993
0.0062816,-0.021467,-0.0068685,0.10657,-0.20023,-0.039055,0.43009
0.0064018,-0.021399,-0.0067496,0.094908,-0.18174,-0.034615,0.43005
0.006376,-0.021414,-0.0067809,0.10657,-0.20023,-0.039055,0.43009
0.006376,-0.021415,-0.0067191,0.10143,-0.19002,-0.037022,0.43012
0.0058313,-0.021757,-0.0060613,0.098123,-0.15142,-0.042852,0.41488
0.0058732,-0.021732,-0.0060582,0.091795,-0.14944,-0.044472,0.4161
0.0056904,-0.021846,-0.0058863,0.078927,-0.20282,-0.074008,0.42177
0.004869,-0.022282,-0.0077112,0.054268,-0.043598,-0.01168,0.41305
0.0049219,-0.022251,-0.0077098,0.070373,-0.064074,-0.015466,0.41297
0.0048044,-0.022322,-0.0076436,0.081073,-0.074774,-0.015615,0.415
0.0047987,-0.022326,-0.0076173,0.08973,-0.08697,-0.019774,0.41502
0.004862,-0.022333,-0.0060451,0.032084,-0.072735,-0.051716,0.42391
0.0051117,-0.022195,-0.0056851,0.046707,-0.083786,-0.053517,0.43151
0.0051103,-0.022199,-0.0055536,0.042355,-0.076882,-0.032777,0.43223
0.0051658,-0.022166,-0.005553,0.050745,-0.095588,-0.035325,0.43215
0.0056935,-0.021851,-0.0056229,0.036408,-0.14038,-0.019807,0.42637
0.0061414,-0.021554,-0.0067495,0.16119,-0.32753,-0.075742,0.42267
0.0049318,-0.022247,-0.007643,0.092341,-0.10981,-0.020029,0.4143
0.0049317,-0.022247,-0.0076414,0.099029,-0.1327,-0.020555,0.41548
0.0046234,-0.022471,-0.0061806,0.0084738,-0.0077701,-0.0076997,0.42551
0.0048626,-0.022329,-0.0061739,0.056987,-0.11394,-0.069977,0.4228
0.0048003,-0.022368,-0.0061094,0.036726,-0.071825,-0.04632,0.42406
0.0049259,-0.022293,-0.0061095,0.057128,-0.1203,-0.078222,0.4224
0.0064897,-0.021358,-0.0063739,0.0022778,-0.011086,-0.00018381,0.4312
0.0064534,-0.021383,-0.0062497,0.00087502,-0.0067577,0.00031691,0.42955
0.0049274,-0.022306,-0.0056212,0.0076237,-0.0063415,-0.014259,0.43237
0.0050483,-0.022234,-0.0056205,0.031105,-0.054776,-0.039573,0.43208
0.0051749,-0.022159,-0.0056221,0.052669,-0.094464,-0.043608,0.43185
0.0051694,-0.022164,-0.0055558,0.050745,-0.095588,-0.035325,0.43215
0.0064662,-0.02135,-0.007147,0.0081606,-0.023577,-0.004811,0.43072
0.0064527,-0.021358,-0.0071454,0.022928,-0.062531,-0.01226,0.42959
0.0059373,-0.021693,-0.0061162,0.10328,-0.18032,-0.045067,0.41843
0.005939,-0.021691,-0.0061363,0.12615,-0.21287,-0.059914,0.41974
0.0058165,-0.021764,-0.0061228,0.15701,-0.25032,-0.080687,0.41678
0.0058165,-0.021764,-0.0061253,0.172,-0.27405,-0.086254,0.41757
0.0064634,-0.021355,-0.0070117,0.018714,-0.040085,-0.0069568,0.43149
0.0065277,-0.021319,-0.0069431,0.0098333,-0.020556,-0.0041484,0.4313
0.0065477,-0.021306,-0.0069658,0.0038932,-0.0096627,-0.002066,0.43112
0.0065407,-0.021311,-0.0069674,0.0038932,-0.0096627,-0.002066,0.43112
0.0065202,-0.021334,-0.0065591,0.0069422,-0.017773,-0.0035699,0.43196
0.0065294,-0.02133,-0.0065311,0.001837,-0.006867,-0.0011229,0.43229
0.0065065,-0.021346,-0.006436,0.0051894,-0.017927,-0.0020324,0.4319
0.0046787,-0.022433,-0.0063619,0.047067,-0.052436,-0.035735,0.42289
0.0047397,-0.022397,-0.0063628,0.051599,-0.069577,-0.045408,0.42294
0.00474,-0.022397,-0.0063555,0.055827,-0.084125,-0.052092,0.42294
0.0046185,-0.02247,-0.0062995,0.027438,-0.028041,-0.022343,0.42384
0.004619,-0.022473,-0.0061865,0.0082416,-0.0071779,-0.0084545,0.42583
0.0046235,-0.022471,-0.0061857,0.012123,-0.011131,-0.011252,0.42514
0.0046288,-0.022468,-0.0061735,0.011599,-0.010896,-0.00993,0.42482
0.0046292,-0.022467,-0.0061789,0.011599,-0.010896,-0.00993,0.42482
0.0046214,-0.022472,-0.0061842,0.0053489,-0.0046442,-0.0054695,0.42619
0.0047992,-0.022365,-0.0062364,0.05543,-0.10142,-0.061297,0.42339
0.0045441,-0.022484,-0.0073784,0.040422,-0.036889,-0.010729,0.41895
0.0046122,-0.022456,-0.0069437,0.066905,-0.059428,-0.042131,0.42121
0.0046159,-0.02245,-0.0070651,0.064535,-0.056273,-0.037605,0.42029
0.0045482,-0.022496,-0.0068844,0.049307,-0.037256,-0.03253,0.42256
0.0044452,-0.022557,-0.0068713,0.012084,-0.004806,-0.0054367,0.42331
0.0045458,-0.02249,-0.0071266,0.044685,-0.037268,-0.024762,0.42017
0.0064481,-0.021364,-0.0070104,0.049921,-0.10773,-0.020255,0.43025
0.0063965,-0.021393,-0.0070713,0.059257,-0.13984,-0.026787,0.42815
0.0065401,-0.021315,-0.0068138,0.014253,-0.028842,-0.0065168,0.43159
0.0065364,-0.021321,-0.0066834,0.010916,-0.025114,-0.0060389,0.43185
0.0045544,-0.022507,-0.0063507,0.023589,-0.024544,-0.021606,0.42441
0.0063933,-0.021413,-0.0064313,0.057852,-0.13291,-0.015206,0.42941
0.0063689,-0.021428,-0.0064267,0.068506,-0.14858,-0.018469,0.42966
0.0064532,-0.021379,-0.0063689,0.013961,-0.053336,-0.0026115,0.4291
0.006492,-0.021356,-0.0063827,0.0036502,-0.015692,-0.0010975,0.43199
0.0064621,-0.021374,-0.0063702,0.0035289,-0.017858,-0.00067083,0.43063
0.0064883,-0.021358,-0.006388,0.0036502,-0.015692,-0.0010975,0.43199
0.0064828,-0.021362,-0.0063577,0.0013628,-0.0080151,0.00042532,0.43067
0.0064636,-0.021366,-0.0066212,0.024232,-0.062428,-0.010677,0.43078
0.0064538,-0.021382,-0.0062503,0.0018556,-0.010101,0.00040158,0.42972
0.0060656,-0.021617,-0.0061137,0.062731,-0.14618,-0.020747,0.42032
0.0060812,-0.021606,-0.0061526,0.079226,-0.1735,-0.026657,0.42033
0.0060444,-0.021629,-0.006114,0.053454,-0.12739,-0.014877,0.4194
0.0060453,-0.021628,-0.006139,0.079226,-0.1735,-0.026657,0.42033
0.0046725,-0.022408,-0.0073808,0.075179,-0.079179,-0.023109,0.41741
0.0063302,-0.021424,-0.0073783,0.037957,-0.11132,-0.032043,0.42558
0.0046765,-0.022413,-0.0071266,0.076922,-0.080214,-0.041528,0.4188
0.0064017,-0.021383,-0.0073178,0.016696,-0.061554,-0.015882,0.42665
0.0064212,-0.021373,-0.0072563,0.0099478,-0.035042,-0.0071275,0.42847
0.0064126,-0.021378,-0.0072762,0.010321,-0.041705,-0.0090298,0.42691
0.0063923,-0.021392,-0.0071934,0.033078,-0.092375,-0.018045,0.42747
0.0046135,-0.022445,-0.0073152,0.063076,-0.06323,-0.023234,0.41862
0.0046163,-0.022447,-0.0071887,0.062704,-0.059981,-0.03066,0.41934
0.0057567,-0.021781,-0.0068037,0.17715,-0.35752,-0.076014,0.42012
0.0056879,-0.021821,-0.0068309,0.16337,-0.3359,-0.062496,0.42046
0.005679,-0.021831,-0.006654,0.16664,-0.33727,-0.072868,0.4216
0.0061417,-0.02155,-0.0068771,0.16226,-0.33434,-0.075486,0.42229
0.0056796,-0.021843,-0.0061972,0.17015,-0.29885,-0.091288,0.41989
0.0061382,-0.021566,-0.0063655,0.12014,-0.24256,-0.047943,0.42216
0.0061695,-0.021549,-0.0063252,0.090541,-0.20923,-0.026867,0.42197
0.0060926,-0.021595,-0.0063105,0.12906,-0.24335,-0.05339,0.42153
0.0050478,-0.022236,-0.0055539,0.029446,-0.049896,-0.031445,0.43235
0.0064983,-0.021333,-0.0070678,0.0065084,-0.017212,-0.0029519,0.43098
0.0055846,-0.021903,-0.0060707,0.15382,-0.28525,-0.082097,0.42233
0.0046736,-0.022405,-0.0074466,0.070282,-0.069968,-0.017199,0.41726
0.0046726,-0.02241,-0.0073159,0.07468,-0.080037,-0.026989,0.41778
0.0046659,-0.022428,-0.0068223,0.071234,-0.084017,-0.052839,0.42203
0.0046752,-0.022419,-0.0069413,0.07596,-0.077598,-0.049597,0.42038
0.0045482,-0.022498,-0.0068169,0.046979,-0.039266,-0.033418,0.42314
0.0064008,-0.021396,-0.0068794,0.093954,-0.18357,-0.035205,0.42986
0.0063699,-0.021413,-0.0069176,0.10091,-0.19711,-0.037926,0.42993
0.0063753,-0.021412,-0.006847,0.10657,-0.20023,-0.039055,0.43009
0.0064691,-0.021352,-0.0070177,0.0088091,-0.021389,-0.0031792,0.43153
0.0061407,-0.021558,-0.0066218,0.15651,-0.3118,-0.073401,0.42293
0.0063777,-0.021417,-0.0066219,0.095782,-0.1819,-0.034234,0.43002
0.0063973,-0.021405,-0.0066216,0.085759,-0.1678,-0.03017,0.42989
0.0063737,-0.02142,-0.0065925,0.090133,-0.17378,-0.031446,0.42993
0.0063746,-0.021418,-0.0066517,0.10143,-0.19002,-0.037022,0.43012
0.0064629,-0.021368,-0.0065582,0.018909,-0.054291,-0.0075931,0.43087
0.0046781,-0.022431,-0.006425,0.050956,-0.059781,-0.041003,0.423
0.005692,-0.021847,-0.0058201,0.063926,-0.19147,-0.058713,0.42349
0.0056914,-0.021843,-0.0059454,0.10708,-0.22895,-0.089895,0.4196
0.0064984,-0.021333,-0.007047,0.0088091,-0.021389,-0.0031792,0.43153
0.0064797,-0.021343,-0.0070974,0.0049746,-0.014427,-0.0028004,0.43062
0.0044512,-0.022554,-0.0068408,0.012084,-0.004806,-0.0054367,0.42331
0.0047425,-0.022397,-0.0062992,0.054697,-0.081285,-0.047813,0.42264
0.0046602,-0.02245,-0.006155,0.011599,-0.010896,-0.00993,0.42482
0.0047049,-0.022425,-0.0060901,0.0087156,-0.00844,-0.0067514,0.42477
0.0064968,-0.021352,-0.0064211,0.0036502,-0.015692,-0.0010975,0.43199
0.0064749,-0.021368,-0.0063168,0.0013628,-0.0080151,0.00042532,0.43067
0.0064517,-0.021384,-0.0062471,0.0010157,-0.010525,0.00061034,0.42897
0.0064534,-0.021383,-0.0062498,0.00087502,-0.0067577,0.00031691,0.42955
0.0064752,-0.021367,-0.0063276,0.0013628,-0.0080151,0.00042532,0.43067
0.0051756,-0.022157,-0.0056856,0.057433,-0.10163,-0.057865,0.43119
0.0050489,-0.022232,-0.0056845,0.036797,-0.067465,-0.051678,0.43143
0.0051694,-0.022164,-0.005553,0.050745,-0.095588,-0.035325,0.43215
0.005694,-0.021849,-0.0056861,0.039658,-0.1523,-0.028293,0.42575
0.0056937,-0.021853,-0.005559,0.03528,-0.13181,-0.015164,0.42675
0.0046768,-0.022414,-0.0070646,0.076151,-0.075889,-0.044237,0.41944
0.0046753,-0.022412,-0.007189,0.074922,-0.078821,-0.036429,0.41854
0.0063991,-0.021381,-0.0074369,0.0045598,-0.022091,-0.0064212,0.42441
0.0064137,-0.021376,-0.007318,0.0096391,-0.039771,-0.0089499,0.42674
0.0063968,-0.021383,-0.0074448,0.0034701,-0.016447,-0.0049197,0.42392
0.0064102,-0.021379,-0.007305,0.010321,-0.041705,-0.0090298,0.42691
0.0064217,-0.021373,-0.0072453,0.0052231,-0.017755,-0.0044226,0.43021
0.00647,-0.021348,-0.0071298,0.0049746,-0.014427,-0.0028004,0.43062
0.0064632,-0.021351,-0.0071497,0.0097524,-0.029873,-0.0062243,0.43075
0.0044512,-0.022565,-0.0064496,0.0073185,-0.00468,-0.0065385,0.42477
0.0058162,-0.021766,-0.0060623,0.12404,-0.19386,-0.059069,0.41493
0.0064691,-0.021359,-0.0067491,0.031813,-0.062438,-0.014018,0.43158
0.006467,-0.021357,-0.0068797,0.034087,-0.066459,-0.013258,0.43154
0.006464,-0.021357,-0.0069453,0.029874,-0.059667,-0.011436,0.43152
0.0064693,-0.021357,-0.0068142,0.037987,-0.073031,-0.015229,0.43157
0.0064666,-0.021363,-0.0066847,0.031918,-0.063969,-0.014067,0.43162
0.0051158,-0.022173,-0.0063663,0.10562,-0.19337,-0.055401,0.42115
0.0053731,-0.022027,-0.0061196,0.12627,-0.23144,-0.068619,0.42175
0.0049274,-0.022257,-0.0073823,0.10843,-0.14589,-0.033986,0.41622
0.0048752,-0.022287,-0.0073962,0.11285,-0.13509,-0.0373,0.4147
0.0048374,-0.022309,-0.0074036,0.098539,-0.10951,-0.028639,0.4162
0.0048361,-0.022311,-0.0073604,0.097637,-0.11585,-0.036316,0.41704
0.0048752,-0.022288,-0.0073686,0.11051,-0.13977,-0.041607,0.41574
0.0049368,-0.022258,-0.0071271,0.10398,-0.14492,-0.041103,0.41785
0.004877,-0.022294,-0.0071109,0.10195,-0.13768,-0.051266,0.41726
0.0048324,-0.022321,-0.0071019,0.092857,-0.11351,-0.049821,0.41859
0.0048324,-0.022319,-0.0071514,0.095171,-0.11526,-0.043635,0.41783
0.0048766,-0.022293,-0.0071428,0.10466,-0.13835,-0.046216,0.41673
0.0051138,-0.022167,-0.0066195,0.11579,-0.19177,-0.040507,0.41961
0.0058291,-0.02175,-0.006369,0.17947,-0.30909,-0.090558,0.42011
0.0058819,-0.021718,-0.0063683,0.17295,-0.30319,-0.091474,0.42177
0.0046946,-0.022389,-0.0075765,0.071566,-0.066442,-0.011739,0.41682
0.0051924,-0.022143,-0.0058107,0.081111,-0.14872,-0.069674,0.42902
0.0052097,-0.022144,-0.0054169,0.038783,-0.066339,-0.015177,0.43221
0.0054378,-0.022012,-0.0052914,0.042323,-0.061502,-0.007732,0.43009
0.0053086,-0.022089,-0.0052918,0.034857,-0.05503,-0.0081965,0.4314
0.0056367,-0.021876,-0.0059447,0.12365,-0.25965,-0.084424,0.42005
0.0056443,-0.021875,-0.0058188,0.089401,-0.22861,-0.059503,0.42216
0.0050598,-0.022169,-0.0076917,0.093528,-0.10458,-0.042252,0.40869
0.0054379,-0.021945,-0.0076862,0.082037,-0.18788,-0.051937,0.40699
0.0055395,-0.021885,-0.0076914,0.076537,-0.20313,-0.041882,0.40844
0.0055626,-0.021871,-0.0076929,0.062389,-0.18678,-0.029569,0.40892
0.0056871,-0.021797,-0.0076963,0.068125,-0.21192,-0.028204,0.40957
0.0062055,-0.021489,-0.0076994,0.02727,-0.1012,-0.017064,0.42422
0.0047236,-0.02239,-0.0069403,0.078397,-0.087942,-0.050496,0.42052
0.0047211,-0.022402,-0.0065511,0.063484,-0.087544,-0.054606,0.42255
0.0047329,-0.022399,-0.0064256,0.056831,-0.080465,-0.05214,0.42285
0.0048008,-0.022362,-0.0063001,0.061783,-0.10944,-0.065314,0.42299
0.0048013,-0.022358,-0.0064265,0.070998,-0.11819,-0.067761,0.42224
0.0049258,-0.022292,-0.0061738,0.064614,-0.12944,-0.079403,0.42219
0.006331,-0.021454,-0.0063008,0.042441,-0.11846,-0.0041304,0.42787
0.0062007,-0.021535,-0.0061714,0.039844,-0.13096,-0.011577,0.42257
0.0051878,-0.02215,-0.0056855,0.066933,-0.12209,-0.053313,0.43091
0.0056629,-0.021871,-0.0055584,0.056933,-0.1588,-0.023182,0.42528
0.0056547,-0.021872,-0.0056864,0.068625,-0.19634,-0.036384,0.4239
0.0047015,-0.022389,-0.0074466,0.082943,-0.08709,-0.021868,0.41753
0.0047097,-0.022388,-0.0073163,0.083248,-0.092469,-0.030548,0.41816
0.0047239,-0.022386,-0.0070645,0.081197,-0.088717,-0.045238,0.4196
0.0047188,-0.022386,-0.0071893,0.082233,-0.091387,-0.038519,0.41882
0.0063299,-0.021429,-0.0071929,0.070722,-0.16681,-0.03579,0.42749
0.0063328,-0.021431,-0.0070698,0.094701,-0.19986,-0.040051,0.42795
0.0064532,-0.021363,-0.0069452,0.058888,-0.12117,-0.0229,0.43044
0.0064629,-0.021361,-0.0068143,0.063737,-0.12611,-0.024174,0.43075
0.0064574,-0.021372,-0.0065582,0.041786,-0.10495,-0.014367,0.42976
0.0064643,-0.021365,-0.0066532,0.036954,-0.080238,-0.014774,0.43091
0.0064649,-0.021363,-0.0066847,0.06142,-0.12467,-0.022533,0.43058
0.0049907,-0.022219,-0.007382,0.10696,-0.16732,-0.025517,0.41682
0.0049884,-0.022228,-0.0071272,0.11189,-0.17185,-0.033264,0.41757
0.0050562,-0.022187,-0.0071394,0.11659,-0.18201,-0.038424,0.41652
0.0051148,-0.02217,-0.0064929,0.10825,-0.18866,-0.048084,0.42043
0.0062677,-0.021491,-0.0063001,0.072946,-0.15892,-0.016802,0.4278
0.0062668,-0.021492,-0.0062999,0.082089,-0.16957,-0.021516,0.42778
0.0062017,-0.021532,-0.0062349,0.073934,-0.18504,-0.022509,0.4222
0.0062032,-0.021531,-0.0062475,0.090541,-0.20923,-0.026867,0.42197
0.0055003,-0.021908,-0.0076894,0.07557,-0.1893,-0.053643,0.40648
0.005245,-0.022068,-0.0073796,0.12759,-0.21751,-0.04065,0.41339
0.0053574,-0.022001,-0.0073795,0.12785,-0.22949,-0.039374,0.41438
0.005271,-0.022053,-0.007384,0.13032,-0.22201,-0.043205,0.41274
0.0051137,-0.022164,-0.0067459,0.11003,-0.18187,-0.042634,0.41883
0.0051033,-0.022168,-0.006807,0.10882,-0.18187,-0.043081,0.41818
0.0052424,-0.022098,-0.006367,0.12348,-0.22043,-0.061736,0.41912
0.0052712,-0.022081,-0.0063623,0.12759,-0.22845,-0.068872,0.41833
0.0052407,-0.022092,-0.0066199,0.12238,-0.21878,-0.04371,0.41803
0.005264,-0.022078,-0.00662,0.12281,-0.22824,-0.047183,0.41742
0.0053722,-0.022025,-0.0062437,0.12846,-0.23107,-0.066792,0.41945
0.0053706,-0.022025,-0.0062519,0.12759,-0.22845,-0.068872,0.41833
0.0058829,-0.021714,-0.006494,0.18037,-0.33487,-0.091533,0.42102
0.0059081,-0.021697,-0.0065846,0.18455,-0.3533,-0.089167,0.42032
0.0052038,-0.022146,-0.005483,0.045727,-0.083472,-0.02546,0.43221
0.0051838,-0.022156,-0.0055383,0.050745,-0.095588,-0.035325,0.43215
0.005239,-0.022127,-0.0054176,0.048387,-0.088275,-0.018366,0.43182
0.0052741,-0.022106,-0.0054132,0.051288,-0.088555,-0.017499,0.43159
0.0046976,-0.022389,-0.0075122,0.079831,-0.079552,-0.017178,0.41723
0.0052771,-0.02204,-0.0076873,0.093577,-0.16386,-0.057544,0.40886
0.0058684,-0.021698,-0.0073914,0.15313,-0.31837,-0.055091,0.41765
0.0047244,-0.022388,-0.0070024,0.079964,-0.087922,-0.047929,0.42006
0.0047271,-0.022401,-0.0064883,0.060376,-0.084878,-0.054181,0.42271
0.0051888,-0.022147,-0.0057484,0.073489,-0.13499,-0.062468,0.43011
0.0052437,-0.022113,-0.0058111,0.093806,-0.17439,-0.068163,0.42821
0.0052709,-0.022097,-0.0058115,0.096782,-0.17926,-0.069704,0.42809
0.0052403,-0.022119,-0.0056853,0.078805,-0.14859,-0.054931,0.43019
0.0052677,-0.022102,-0.0056852,0.081738,-0.15261,-0.054948,0.43007
0.0047145,-0.022387,-0.0072525,0.082589,-0.092409,-0.034575,0.41847
0.0062673,-0.021467,-0.0071926,0.10474,-0.21983,-0.049993,0.42797
0.0062604,-0.021471,-0.0071925,0.11267,-0.23092,-0.053169,0.42828
0.0051662,-0.022156,-0.005906,0.091616,-0.17455,-0.077655,0.42636
0.0049319,-0.022257,-0.0072543,0.10627,-0.14697,-0.037148,0.41715
0.0051169,-0.022148,-0.0072548,0.11732,-0.18685,-0.035685,0.41643
0.0051066,-0.022155,-0.007198,0.11659,-0.18201,-0.038424,0.41652
0.0059063,-0.021683,-0.0071329,0.17477,-0.35208,-0.069391,0.41903
0.0059158,-0.021684,-0.0068766,0.18404,-0.36832,-0.082773,0.41995
0.0058254,-0.021748,-0.0064944,0.1823,-0.33374,-0.090954,0.4203
0.0058368,-0.02174,-0.0065494,0.18455,-0.3533,-0.089167,0.42032
0.0057556,-0.021793,-0.0063697,0.17607,-0.31883,-0.082505,0.4207
0.0056901,-0.021833,-0.0063507,0.17032,-0.31757,-0.079027,0.42238
0.0056324,-0.021889,-0.0055576,0.070672,-0.18948,-0.028131,0.42558
0.0056027,-0.021907,-0.0055565,0.066987,-0.1986,-0.026077,0.42757
0.005437,-0.022011,-0.0053554,0.054811,-0.090127,-0.013541,0.43032
0.0054369,-0.022011,-0.0053575,0.063174,-0.10726,-0.017441,0.43035
0.0057495,-0.02176,-0.007696,0.069159,-0.22292,-0.035057,0.40918
0.0057511,-0.021759,-0.0076964,0.07222,-0.23506,-0.043007,0.40891
0.0061406,-0.021528,-0.007699,0.041084,-0.16814,-0.016247,0.41763
0.0061974,-0.021494,-0.0076994,0.03474,-0.13742,-0.017951,0.42143
0.0061229,-0.021538,-0.0077033,0.049764,-0.18481,-0.019254,0.41654
0.0062051,-0.021491,-0.0076357,0.040762,-0.12524,-0.029545,0.42513
0.0062052,-0.021491,-0.007635,0.046375,-0.1307,-0.034971,0.42638
0.0047239,-0.022392,-0.0068777,0.073899,-0.085625,-0.052253,0.42148
0.0047099,-0.0224,-0.0068569,0.071234,-0.084017,-0.052839,0.42203
0.0047188,-0.022402,-0.0066147,0.065579,-0.087571,-0.054139,0.42252
0.0047,-0.022412,-0.0066449,0.065683,-0.0841,-0.053237,0.42255
0.0053746,-0.021983,-0.0076828,0.08486,-0.17827,-0.048383,0.40729
0.0053464,-0.021999,-0.0076811,0.091219,-0.17194,-0.051787,0.4084
0.0047378,-0.022364,-0.0075768,0.084039,-0.079584,-0.015865,0.41626
0.0047692,-0.022345,-0.0075834,0.08973,-0.08697,-0.019774,0.41502
0.0047359,-0.022368,-0.0074467,0.093837,-0.10149,-0.025186,0.41709
0.004764,-0.022352,-0.0074469,0.098539,-0.10951,-0.028639,0.4162
0.005183,-0.022146,-0.0059132,0.091616,-0.17455,-0.077655,0.42636
0.005198,-0.022138,-0.005873,0.088425,-0.16684,-0.075697,0.42732
0.0053069,-0.022088,-0.0053544,0.045457,-0.077382,-0.014354,0.4315
0.0052999,-0.022092,-0.0053854,0.051288,-0.088555,-0.017499,0.43159
0.0053729,-0.022051,-0.0052917,0.036773,-0.054699,-0.0071338,0.43081
0.0056248,-0.021834,-0.0076955,0.065652,-0.20162,-0.029195,0.40929
0.0058836,-0.021689,-0.0073723,0.15313,-0.31837,-0.055091,0.41765
0.0059063,-0.021682,-0.0071395,0.17477,-0.35208,-0.069391,0.41903
0.0063334,-0.021432,-0.0070072,0.10025,-0.19987,-0.039089,0.42924
0.0063376,-0.021431,-0.0069847,0.10091,-0.19711,-0.037926,0.42993
0.0062692,-0.021469,-0.0070687,0.12622,-0.24778,-0.053051,0.42844
0.0062633,-0.021472,-0.0070685,0.13404,-0.25973,-0.056516,0.42871
0.0051212,-0.022133,-0.0076877,0.095364,-0.13017,-0.049021,0.40856
0.0051724,-0.022102,-0.0076929,0.096097,-0.14054,-0.050664,0.40851
0.0050779,-0.022205,-0.0060467,0.079763,-0.16588,-0.080556,0.42485
0.0059039,-0.021684,-0.0071362,0.17477,-0.35208,-0.069391,0.41903
0.0056406,-0.021875,-0.0058837,0.1051,-0.24361,-0.072992,0.42107
0.0050595,-0.022171,-0.0076319,0.1069,-0.14333,-0.03481,0.41176
0.0050585,-0.022172,-0.0076087,0.11018,-0.16103,-0.031744,0.41306
0.005151,-0.022118,-0.0076017,0.11374,-0.18966,-0.04235,0.41157
0.0055624,-0.021873,-0.0076305,0.092842,-0.23578,-0.036385,0.41105
0.0055624,-0.021874,-0.0075942,0.1115,-0.26142,-0.045037,0.41183
0.0056875,-0.021798,-0.0076333,0.098477,-0.25785,-0.03826,0.41118
0.0056877,-0.021799,-0.0076196,0.1123,-0.27766,-0.045075,0.41164
0.0048635,-0.022321,-0.0064273,0.080742,-0.13938,-0.070796,0.42061
0.004878,-0.022313,-0.0064277,0.08355,-0.14639,-0.07146,0.41998
0.0048016,-0.02236,-0.0063638,0.067496,-0.11616,-0.067918,0.42248
0.0048633,-0.022325,-0.006301,0.073578,-0.13214,-0.070735,0.42126
0.0048813,-0.022314,-0.0062979,0.078111,-0.14116,-0.071521,0.42042
0.0050531,-0.022219,-0.0060814,0.079763,-0.16588,-0.080556,0.42485
0.0050525,-0.022217,-0.0061329,0.088634,-0.1769,-0.07519,0.4229
0.005659,-0.021872,-0.0056226,0.061978,-0.17878,-0.028563,0.4246
0.0054374,-0.021947,-0.0076254,0.10199,-0.22818,-0.044931,0.41052
0.005437,-0.021948,-0.0076087,0.10907,-0.24345,-0.040246,0.41221
0.0055464,-0.021882,-0.0076298,0.10066,-0.24411,-0.043807,0.41079
0.0055512,-0.02188,-0.0075987,0.1115,-0.26142,-0.045037,0.41183
0.0056296,-0.02188,-0.0059446,0.13683,-0.27418,-0.079227,0.42114
0.0055977,-0.021899,-0.0059425,0.13538,-0.27594,-0.077,0.42318
0.0056328,-0.021877,-0.0060052,0.14274,-0.2754,-0.092414,0.41925
0.0056327,-0.021877,-0.0060068,0.15801,-0.28506,-0.095992,0.41897
0.0063309,-0.021452,-0.0063654,0.062488,-0.1432,-0.014645,0.42916
0.0063337,-0.02145,-0.0063822,0.068506,-0.14858,-0.018469,0.42966
0.0061356,-0.021573,-0.0061732,0.063801,-0.15698,-0.020446,0.4213
0.0060958,-0.021597,-0.0061632,0.079226,-0.1735,-0.026657,0.42033
0.0051778,-0.022102,-0.0075817,0.11374,-0.18966,-0.04235,0.41157
0.0053105,-0.022023,-0.0076107,0.11378,-0.20939,-0.045959,0.41113
0.0053102,-0.022022,-0.00764,0.093577,-0.16386,-0.057544,0.40886
0.0047379,-0.022382,-0.00694,0.085111,-0.10429,-0.051701,0.42002
0.0047686,-0.022363,-0.0069389,0.089801,-0.11394,-0.055218,0.41946
0.0047388,-0.022377,-0.0070644,0.088353,-0.10468,-0.046159,0.41919
0.004769,-0.02236,-0.0070641,0.092857,-0.11351,-0.049821,0.41859
0.0063996,-0.021395,-0.0069444,0.088408,-0.17777,-0.03407,0.42963
0.0063696,-0.021413,-0.0069486,0.10091,-0.19711,-0.037926,0.42993
0.004739,-0.022392,-0.0065512,0.072313,-0.10857,-0.061903,0.42216
0.0047747,-0.022371,-0.0065459,0.07773,-0.11722,-0.063047,0.42168
0.0048009,-0.022357,-0.0064891,0.074545,-0.1166,-0.064925,0.42198
0.0047948,-0.022359,-0.0065227,0.07773,-0.11722,-0.063047,0.42168
0.0047396,-0.022395,-0.0064256,0.06225,-0.10151,-0.063434,0.42292
0.0049256,-0.02229,-0.0062374,0.072285,-0.13653,-0.075823,0.42127
0.004924,-0.02229,-0.0062479,0.078111,-0.14116,-0.071521,0.42042
0.0049783,-0.02226,-0.0061741,0.069608,-0.14399,-0.079437,0.42303
0.0049859,-0.022256,-0.0061739,0.071003,-0.14977,-0.07573,0.42402
0.0049947,-0.022251,-0.0061737,0.088634,-0.1769,-0.07519,0.4229
0.0063948,-0.021409,-0.0065582,0.076736,-0.15552,-0.026088,0.42971
0.0063728,-0.021422,-0.0065583,0.090133,-0.17378,-0.031446,0.42993
0.006462,-0.021367,-0.0066212,0.05704,-0.12633,-0.019846,0.42973
0.00563,-0.021883,-0.0058185,0.11013,-0.25508,-0.062871,0.4226
0.0055991,-0.021902,-0.0058167,0.10928,-0.2615,-0.062075,0.42501
0.0056496,-0.021874,-0.0057503,0.076835,-0.2117,-0.046475,0.42299
0.0056316,-0.021886,-0.0056867,0.088077,-0.2266,-0.042242,0.4241
0.005601,-0.021904,-0.0056865,0.086452,-0.23513,-0.041492,0.42643
0.0051908,-0.02215,-0.005622,0.056465,-0.10446,-0.041207,0.43174
0.0051807,-0.022157,-0.0055642,0.050745,-0.095588,-0.035325,0.43215
0.0047055,-0.022388,-0.0073811,0.083468,-0.091064,-0.026207,0.41787
0.0047222,-0.022386,-0.0071267,0.081673,-0.09006,-0.042028,0.41919
0.0047349,-0.022373,-0.0073166,0.093218,-0.10764,-0.033051,0.41779
0.0047643,-0.022355,-0.007317,0.097637,-0.11585,-0.036316,0.41704
0.004737,-0.022375,-0.0071894,0.090846,-0.10692,-0.040121,0.41849
0.0047669,-0.022357,-0.0071896,0.095171,-0.11526,-0.043635,0.41783
0.0063315,-0.02143,-0.0071316,0.084237,-0.18661,-0.037847,0.42779
0.0064587,-0.021362,-0.0068796,0.063144,-0.12617,-0.023943,0.43064
0.0064024,-0.021397,-0.0068144,0.094408,-0.18207,-0.034785,0.43001
0.0063766,-0.021412,-0.0068143,0.10657,-0.20023,-0.039055,0.43009
0.0064649,-0.021362,-0.0067492,0.061943,-0.12316,-0.023432,0.43078
0.0064006,-0.021402,-0.0066853,0.086853,-0.16916,-0.031125,0.43002
0.0063761,-0.021416,-0.0066856,0.10143,-0.19002,-0.037022,0.43012
0.0051179,-0.022144,-0.0073807,0.11745,-0.19533,-0.032072,0.41535
0.0050534,-0.022219,-0.0060464,0.079763,-0.16588,-0.080556,0.42485
0.0053822,-0.022022,-0.0061101,0.12823,-0.2358,-0.068858,0.42206
0.0053574,-0.022037,-0.0061021,0.11887,-0.22058,-0.07382,0.42304
0.0048338,-0.022315,-0.0072767,0.097637,-0.11585,-0.036316,0.41704
0.0048753,-0.022291,-0.0072689,0.11051,-0.13977,-0.041607,0.41574
0.0048336,-0.022317,-0.0072301,0.095171,-0.11526,-0.043635,0.41783
0.0048757,-0.022291,-0.007239,0.10466,-0.13835,-0.046216,0.41673
0.0051819,-0.022147,-0.0058894,0.091616,-0.17455,-0.077655,0.42636
0.0058834,-0.021689,-0.007391,0.15313,-0.31837,-0.055091,0.41765
0.0059063,-0.021682,-0.0071362,0.17477,-0.35208,-0.069391,0.41903
0.0053098,-0.022021,-0.0076835,0.093577,-0.16386,-0.057544,0.40886
0.0056267,-0.021841,-0.0073813,0.13349,-0.28818,-0.047606,0.41502
0.0053731,-0.021992,-0.0073795,0.12607,-0.25121,-0.037451,0.41583
0.0054999,-0.021917,-0.0073804,0.13143,-0.27106,-0.042884,0.41544
0.0057535,-0.021766,-0.0073817,0.14613,-0.31139,-0.053611,0.41652
0.0058044,-0.021738,-0.0073091,0.15313,-0.31837,-0.055091,0.41765
0.0058767,-0.021699,-0.00716,0.17477,-0.35208,-0.069391,0.41903
0.0053728,-0.021996,-0.0072547,0.13123,-0.25627,-0.036229,0.41846
0.005373,-0.021996,-0.007253,0.13371,-0.263,-0.035528,0.42007
0.0056272,-0.021845,-0.0072557,0.14897,-0.30921,-0.053028,0.41789
0.0056277,-0.021846,-0.0072079,0.15341,-0.31479,-0.054372,0.41926
0.0059156,-0.021684,-0.0068764,0.18404,-0.36832,-0.082773,0.41995
0.0059158,-0.021684,-0.0068762,0.18404,-0.36832,-0.082773,0.41995
0.0059085,-0.021695,-0.0066235,0.18455,-0.3533,-0.089167,0.42032
0.0057975,-0.02174,-0.0073855,0.15313,-0.31837,-0.055091,0.41765
0.0059158,-0.021684,-0.0068764,0.18404,-0.36832,-0.082773,0.41995
